# Object Export From Tinkercad Server 2015

mtllib obj.mtl

o obj_0
v -33.178 		-33.339 		51.689
v -22.861 		-42.708 		58.749
v -34.323 		-34.069 		51.689
v -33.637 		-33.906 		51.689
v -28 		-34.178 		41.737
v -28 		-34.157 		41.648
v -34.034 		-34.518 		51.689
v -34.847 		-34.374 		51.689
v -31.172 		-36.171 		31.168
v -28 		-41.664 		24.864
v -34.366 		-35.168 		51.689
v -31.195 		-36.157 		31.134
v -34.93 		-38.731 		51.689
v -28 		-41.639 		24.81
v -27.07 		-41.472 		40.384
v -29.771 		-34.935 		24.161
v -34.366 		-40.837 		51.689
v -34.627 		-40.156 		51.689
v -34.816 		-39.451 		51.689
v -31.149 		-36.184 		31.222
v -28 		-34.139 		41.544
v -35.827 		-39.282 		51.689
v -26.992 		-41.765 		40.871
v -33.903 		-44.261 		61.91
v -34.819 		-43.151 		61.91
v -35.511 		-41.876 		61.91
v -35.948 		-40.469 		61.91
v -36.061 		-39.724 		61.91
v -36.1 		-38.957 		61.91
v -26.994 		-41.758 		40.733
v -36.061 		-38.191 		61.91
v -35.948 		-37.446 		61.91
v -35.511 		-36.038 		61.91
v -34.819 		-34.764 		61.91
v -33.903 		-33.654 		61.91
v -26.996 		-41.748 		40.605
v -33.903 		-33.654 		76.91
v -34.819 		-34.764 		76.91
v -35.511 		-36.038 		76.91
v -35.948 		-37.446 		76.91
v -36.061 		-38.191 		76.91
v -36.1 		-38.957 		76.91
v -36.061 		-39.724 		76.91
v -35.948 		-40.469 		76.91
v -35.511 		-41.876 		76.91
v -34.819 		-43.151 		76.91
v -33.903 		-44.261 		76.91
v -25.473 		-35.475 		40.488
v -27 		-41.734 		40.488
v -21.467 		-42.841 		56.38
v -29.774 		-34.929 		24.299
v -28 		-41.692 		24.898
v -21.982 		-41.51 		56.835
v -25.483 		-35.485 		40.605
v -28.0003 		-41.721 		24.91
v -22.353 		-42.08 		56.799
v -28.0003 		-41.721 		24.91
v -29.78 		-34.919 		24.427
v -28.0003 		-41.721 		24.91
v -28 		-41.721 		24.91
v -28 		-34.284 		41.91
v -29.787 		-34.907 		24.544
v -33.527 		-32.861 		59.91
v -33.998 		-33.418 		59.91
v -34.767 		-34.656 		59.91
v -25.49 		-35.493 		40.733
v -22.776 		-42.613 		56.763
v -31.22 		-36.143 		31.122
v -31.367 		-36.058 		31.733
v -31.358 		-36.063 		31.605
v -35.284 		-36.019 		59.91
v -35.441 		-36.732 		59.91
v -27.005 		-41.716 		40.384
v -27.01 		-41.696 		40.295
v -35.059 		-35.326 		59.91
v -35.529 		-37.455 		59.91
v -35.546 		-38.184 		59.91
v -35.494 		-38.912 		59.91
v -25.495 		-35.497 		40.871
v -35.371 		-39.631 		59.91
v -31.345 		-36.071 		31.488
v -27.016 		-41.674 		40.222
v -29.78 		-34.919 		23.605
v -34.598 		-41.671 		59.91
v -34.213 		-42.29 		59.91
v -31.33 		-36.08 		31.384
v -31.312 		-36.09 		31.295
v -29.774 		-34.929 		23.733
v -27.059 		-41.515 		40.222
v -33.77 		-42.871 		59.91
v -28 		-41.75 		24.898
v -34.921 		-41.017 		59.91
v -21.854 		-41.287 		54.991
v -28 		-41.777 		24.864
v -28 		-41.803 		24.81
v -33.273 		-43.405 		59.91
v -21.873 		-41.32 		54.524
v -33.496 		-31.132 		58.661
v -28 		-34.255 		41.898
v -33.811 		-31.396 		58.661
v -33.13 		-31.903 		59.489
v -22.206 		-41.873 		54.954
v -22.227 		-41.901 		54.489
v -33.899 		-32.408 		59.329
v -29.771 		-34.935 		23.871
v -28 		-41.826 		24.737
v -31.292 		-36.102 		31.222
v -28 		-41.847 		24.648
v -31.269 		-36.115 		31.168
v -27.065 		-41.492 		40.295
v -31.246 		-36.128 		31.134
v -20.544 		-41.241 		55.069
v -33.899 		-32.408 		55.069
v -29.77 		-34.937 		24.016
v -21.467 		-42.841 		54.086
v -21.467 		-42.841 		53.431
v -20.544 		-41.241 		53.431
v -25.429 		-35.431 		40.222
v -29.787 		-34.907 		23.488
v -22.614 		-42.423 		54.919
v -27.023 		-41.649 		40.168
v -22.636 		-42.445 		54.453
v -27.03 		-41.622 		40.134
v -27.038 		-41.594 		40.122
v -27.045 		-41.566 		40.134
v -33.899 		-32.408 		53.431
v -28 		-34.428 		41.544
v -26.088 		-41.314 		32.737
v -26.077 		-41.332 		32.648
v -26.069 		-41.348 		32.544
v -33.212 		-30.664 		52.56
v -27.052 		-41.54 		40.168
v -19.825 		-41.602 		52.226
v -19.827 		-41.723 		52.371
v -26.061 		-41.36 		32.427
v -19.673 		-41.419 		52.56
v -26.056 		-41.37 		32.299
v -33.259 		-30.725 		52.363
v -28 		-34.41 		41.648
v -20.47 		-41.205 		51.693
v -20.306 		-41.696 		51.791
v -20.109 		-41.255 		51.791
v -19.895 		-41.149 		51.902
v -19.693 		-41.009 		52.05
v -20.091 		-41.939 		52.05
v -20.209 		-41.036 		51.722
v -26.052 		-41.375 		32.161
v -20.329 		-42.71 		52.56
v -26.051 		-41.377 		32.016
v -26.052 		-41.375 		31.871
v -20.286 		-42.544 		52.272
v -20.319 		-42.65 		52.363
v -20.044 		-42.064 		52.227
v -25.445 		-35.447 		40.295
v -19.975 		-42.078 		52.56
v -28 		-34.389 		41.737
v -20.28 		-42.222 		52.763
v -26.056 		-41.37 		31.733
v -26.061 		-41.36 		31.605
v -26.069 		-41.348 		31.488
v -20.424 		-42.274 		51.902
v -20.327 		-42.38 		52.05
v -26.077 		-41.332 		31.384
v -26.088 		-41.314 		31.295
v -33.334 		-30.813 		52.272
v -33.496 		-31.132 		52.763
v -28 		-41.551 		40.733
v -33.786 		-31.107 		52.56
v -28 		-41.544 		40.871
v -26.1 		-41.294 		31.222
v -26.112 		-41.272 		31.168
v -28 		-34.366 		41.81
v -33.316 		-31.118 		51.902
v -33.702 		-31.434 		51.902
v -33.751 		-31.296 		52.05
v -33.646 		-31.601 		51.791
v -29.787 		-34.907 		32.544
v -28 		-41.577 		40.488
v -28 		-41.562 		40.605
v -25.46 		-35.462 		40.384
v -28 		-34.34 		41.864
v -20.6 		-41.98 		51.733
v -20.628 		-41.832 		51.708
v -20.732 		-41.737 		51.691
v -33.811 		-31.396 		52.763
v -28 		-34.313 		41.898
v -26.126 		-41.248 		31.134
v -34.321 		-31.595 		52.56
v -34.113 		-31.464 		52.272
v -29.774 		-34.929 		32.299
v -28 		-34.125 		41.427
v -28 		-34.114 		41.299
v -28 		-34.107 		41.161
v -29.78 		-34.919 		32.427
v -30.505 		-35.497 		24.161
v -33.567 		-31.971 		51.696
v -28 		-34.105 		41.016
v -33.856 		-31.912 		53.112
v -34.71 		-32.015 		52.448
v -34.479 		-31.827 		52.27
v -34.631 		-32.424 		52.895
v -34.816 		-32.124 		52.56
v -28 		-34.462 		41.016
v -28 		-41.721 		40.122
v -22.206 		-41.873 		52.633
v -28 		-41.692 		40.134
v -34.737 		-32.501 		51.901
v -22.089 		-41.691 		52.164
v -21.966 		-41.486 		51.689
v -29.771 		-34.935 		31.871
v -34.479 		-31.998 		52.05
v -30.51 		-35.493 		24.299
v -33.999 		-31.932 		51.791
v -28 		-41.664 		40.168
v -21.227 		-41.793 		51.689
v -34.239 		-31.947 		51.902
v -27.081 		-41.43 		32.299
v -29.77 		-34.937 		32.016
v -29.771 		-34.935 		32.161
v -27.079 		-41.441 		32.427
v -34.967 		-32.577 		52.05
v -20.986 		-42.712 		53.112
v -34.832 		-32.248 		52.224
v -35.147 		-32.677 		52.178
v -28 		-41.639 		40.222
v -27.075 		-41.455 		32.544
v -35.135 		-32.598 		52.27
v -35.104 		-32.511 		52.368
v -24.627 		-36.055 		40.871
v -24.633 		-36.058 		40.733
v -29.787 		-34.907 		31.488
v -28 		-41.615 		40.295
v -35.267 		-32.692 		52.56
v -27.07 		-41.472 		32.648
v -29.78 		-34.919 		31.605
v -30.517 		-35.485 		24.427
v -29.774 		-34.929 		31.733
v -20.486 		-42.578 		52.763
v -27.01 		-41.696 		32.737
v -28 		-34.46 		41.161
v -27.005 		-41.716 		32.648
v -28 		-41.594 		40.384
v -27 		-41.734 		32.544
v -33.884 		-34.268 		58.749
v -26.996 		-41.748 		32.427
v -33.465 		-33.68 		58.749
v -34.533 		-33.164 		59.329
v -30.527 		-35.475 		24.544
v -28 		-41.847 		40.384
v -26.994 		-41.758 		32.299
v -28 		-41.826 		40.295
v -28 		-41.803 		40.222
v -28 		-41.777 		40.168
v -33.334 		-33.518 		58.344
v -28 		-34.453 		41.299
v -28 		-41.75 		40.134
v -27.065 		-41.492 		32.737
v -33.112 		-34.244 		57.388
v -33.963 		-34.4 		57.99
v -33.582 		-33.836 		57.954
v -30.517 		-35.485 		23.605
v -35.72 		-33.782 		58.661
v -35.514 		-33.426 		58.661
v -24.642 		-36.063 		40.605
v -35.456 		-34.764 		59.329
v -24.655 		-36.071 		40.488
v -21.115 		-42.681 		51.717
v -20.819 		-42.903 		51.902
v -35.46 		-33.947 		58.967
v -20.916 		-42.756 		51.791
v -35.013 		-33.293 		59.011
v -28 		-34.442 		41.427
v -20.59 		-42.813 		52.05
v -20.843 		-42.319 		51.721
v -34.238 		-34.897 		58.749
v -34.287 		-34.999 		58.027
v -34.549 		-35.625 		58.063
v -34.437 		-35.336 		58.401
v -34.526 		-35.56 		58.749
v -34.744 		-36.248 		58.749
v -34.783 		-36.406 		58.378
v -34.749 		-36.276 		58.099
v -21.82 		-42.516 		51.689
v -21.696 		-42.04 		51.689
v -35.64 		-35.224 		58.336
v -22.839 		-41.931 		53.049
v -22.822 		-42.665 		51.689
v -27.083 		-41.424 		31.871
v -22.614 		-42.423 		52.596
v -35.794 		-35.69 		59.329
v -36.626 		-36.273 		58.661
v -36.697 		-36.677 		58.661
v -24.67 		-36.08 		40.384
v -24.688 		-36.09 		40.295
v -27.084 		-41.421 		32.016
v -26.549 		-30.003 		51.689
v -25.846 		-31.375 		51.689
v -26.552 		-31.186 		51.689
v -27.271 		-31.072 		51.689
v -23.337 		-32.824 		51.689
v -30.51 		-35.493 		23.733
v -34.009 		-38.594 		57.377
v -32.663 		-32.824 		51.689
v -32.793 		-32.738 		61.91
v -31.519 		-32.047 		61.91
v -30.111 		-31.61 		61.91
v -29.367 		-31.496 		61.91
v -28.6 		-31.457 		61.91
v -27.834 		-31.496 		61.91
v -27.089 		-31.61 		61.91
v -25.681 		-32.047 		61.91
v -24.407 		-32.738 		61.91
v -27.083 		-41.424 		32.161
v -24.407 		-32.738 		76.91
v -25.681 		-32.047 		76.91
v -27.089 		-31.61 		76.91
v -27.834 		-31.496 		76.91
v -28.6 		-31.457 		76.91
v -29.367 		-31.496 		76.91
v -30.111 		-31.61 		76.91
v -31.519 		-32.047 		76.91
v -32.793 		-32.738 		76.91
v -34.352 		-38.636 		57.693
v -26.992 		-41.765 		32.161
v -26.991 		-41.767 		32.016
v -26.992 		-41.765 		31.871
v -30.505 		-35.497 		23.871
v -34.957 		-38.396 		58.749
v -34.941 		-38.618 		58.488
v -34.961 		-37.674 		58.749
v -34.926 		-37.241 		58.455
v -30.503 		-35.499 		24.016
v -24.173 		-31.495 		59.91
v -22.994 		-32.351 		59.91
v -23.563 		-31.895 		59.91
v -26.193 		-30.672 		59.91
v -34.889 		-36.955 		58.749
v -24.819 		-31.156 		59.91
v -25.495 		-30.881 		59.91
v -26.909 		-30.532 		59.91
v -28.365 		-30.462 		59.91
v -36.115 		-37.509 		59.329
v -29.807 		-30.672 		59.91
v -29.091 		-30.532 		59.91
v -28.0003 		-41.721 		32.91
v -28 		-41.721 		32.91
v -28.0003 		-41.721 		32.91
v -26.112 		-41.272 		32.864
v -24.708 		-36.102 		40.222
v -30.505 		-30.881 		59.91
v -26.1 		-41.294 		32.81
v -31.181 		-31.156 		59.91
v -31.827 		-31.495 		59.91
v -32.437 		-31.895 		59.91
v -36.115 		-38.495 		59.329
v -30.54 		-35.462 		23.384
v -33.006 		-32.351 		59.91
v -26.126 		-41.248 		32.898
v -30.51 		-35.493 		32.299
v -30.527 		-35.475 		23.488
v -23.936 		-30.963 		59.329
v -23.516 		-31.221 		59.329
v -27.07 		-41.472 		31.384
v -24.369 		-30.728 		59.329
v -30.517 		-35.485 		32.427
v -27.075 		-41.455 		31.488
v -23.764 		-32.469 		58.749
v -24.359 		-32.061 		58.749
v -30.555 		-35.447 		23.295
v -23.936 		-30.961 		57.952
v -23.516 		-31.221 		57.691
v -24.731 		-36.115 		40.168
v -24.754 		-36.128 		40.134
v -27.079 		-41.441 		31.605
v -23.641 		-32.565 		57.796
v -24.213 		-32.152 		58.309
v -23.877 		-32.385 		57.377
v -24.444 		-32.01 		57.413
v -27.081 		-41.43 		31.733
v -23.935 		-30.961 		55.502
v -23.516 		-31.221 		56.38
v -24.369 		-30.728 		56.38
v -26.994 		-41.758 		31.733
v -30.527 		-35.475 		32.544
v -26.996 		-41.748 		31.605
v -23.579 		-32.615 		55.499
v -27 		-41.734 		31.488
v -24.129 		-32.208 		55.535
v -27.005 		-41.716 		31.384
v -24.78 		-36.143 		40.122
v -27.01 		-41.696 		31.295
v -27.065 		-41.492 		31.295
v -34.955 		-37.62 		58.171
v -24.581 		-37.086 		41.016
v -23.933 		-30.963 		54.424
v -34.884 		-36.943 		58.135
v -24.578 		-37.085 		41.161
v -23.514 		-32.671 		55.03
v -24.056 		-32.26 		55.066
v -34.727 		-39.82 		58.749
v -34.503 		-40.506 		58.749
v -24.369 		-30.728 		54.086
v -33.922 		-39.18 		57.413
v -23.516 		-31.221 		53.431
v -30.54 		-35.462 		32.648
v -24.369 		-30.728 		53.431
v -24.251 		-32.641 		53.592
v -27.03 		-41.622 		32.898
v -27.023 		-41.649 		32.864
v -22.987 		-30.527 		52.56
v -23.236 		-30.424 		52.27
v -24.926 		-36.228 		40.733
v -27.016 		-41.674 		31.222
v -27.016 		-41.674 		32.81
v -23.471 		-30.232 		52.448
v -24.581 		-38.918 		41.016
v -24.932 		-36.231 		40.871
v -23.402 		-30.459 		52.05
v -30.555 		-35.447 		32.737
v -27.023 		-41.649 		31.168
v -33.778 		-39.754 		57.449
v -27.03 		-41.622 		31.134
v -27.059 		-41.515 		32.81
v -34.771 		-39.644 		58.279
v -27.038 		-41.594 		31.122
v -34.557 		-38.92 		57.926
v -27.045 		-41.566 		31.134
v -24.905 		-36.215 		40.488
v -27.052 		-41.54 		32.864
v -31.731 		-37.002 		24.544
v -33.323 		-40.847 		57.521
v -33.577 		-40.312 		57.486
v -24.917 		-36.222 		40.605
v -27.045 		-41.566 		32.898
v -34.321 		-40.927 		58.352
v -27.052 		-41.54 		31.168
v -34.17 		-40.505 		58.052
v -33.977 		-40.132 		57.748
v -31.439 		-37.081 		24.427
v -23.514 		-30.551 		51.901
v -27.059 		-41.515 		31.222
v -27.038 		-41.594 		32.91
v -34.577 		-40.296 		58.316
v -31.453 		-37.077 		24.544
v -33.323 		-40.847 		57.366
v -36.697 		-39.328 		58.661
v -36.626 		-39.732 		58.661
v -31.422 		-37.085 		24.161
v -35.639 		-40.785 		58.336
v -35.794 		-40.315 		58.347
v -24.578 		-38.919 		41.161
v -34.879 		-39.114 		58.749
v -24.805 		-36.157 		40.134
v -31.428 		-37.084 		24.299
v -34.898 		-38.977 		58.243
v -35.694 		-40.628 		59.329
v -35.794 		-40.315 		59.329
v -28 		-41.75 		32.898
v -28 		-41.777 		32.864
v -28 		-41.803 		32.81
v -24.251 		-29.819 		52.56
v -24.12 		-29.936 		52.27
v -24.031 		-29.947 		52.368
v -23.718 		-30.164 		52.224
v -28 		-41.639 		32.81
v -24.828 		-36.171 		40.168
v -33.203 		-34.084 		56.51
v -31.439 		-37.081 		23.605
v -28 		-41.664 		32.864
v -30.505 		-35.497 		31.871
v -23.605 		-30.147 		52.56
v -24.851 		-36.184 		40.222
v -34.533 		-33.164 		57.2
v -31.428 		-37.084 		23.733
v -33.386 		-33.582 		56.08
v -28 		-41.692 		32.898
v -33.296 		-33.475 		55.608
v -24.871 		-36.196 		40.295
v -28.0003 		-41.721 		32.91
v -34.074 		-34.588 		55.68
v -34.146 		-34.717 		56.152
v -33.794 		-34.131 		56.116
v -28 		-41.826 		32.737
v -28 		-41.847 		32.648
v -31.422 		-37.085 		23.871
v -33.713 		-34.012 		55.644
v -24.889 		-36.206 		40.384
v -30.503 		-35.499 		32.016
v -31.419 		-37.086 		24.016
v -30.505 		-35.497 		32.161
v -24.198 		-29.941 		52.178
v -24.052 		-30.087 		52.07
v -33.325 		-35.156 		57.159
v -33.579 		-35.691 		57.195
v -33.579 		-35.691 		57.039
v -33.325 		-35.156 		57.004
v -31.745 		-36.999 		24.427
v -28 		-41.577 		32.544
v -31.756 		-36.996 		24.299
v -31.762 		-36.994 		24.161
v -28 		-41.594 		32.648
v -23.654 		-30.657 		51.791
v -24.424 		-30.571 		51.701
v -24.077 		-30.423 		51.79
v -33.921 		-36.824 		57.268
v -33.921 		-36.824 		57.113
v -33.778 		-36.249 		57.232
v -31.765 		-36.993 		24.016
v -33.778 		-36.249 		57.076
v -28 		-41.615 		32.737
v -31.762 		-36.994 		23.871
v -31.756 		-36.996 		23.733
v -31.745 		-36.999 		23.605
v -34.307 		-36.069 		56.562
v -33.958 		-35.882 		56.797
v -34.487 		-36.514 		56.535
v -24.754 		-39.876 		41.898
v -24.731 		-39.89 		41.864
v -24.708 		-39.903 		41.81
v -30.555 		-35.447 		31.295
v -33.807 		-34.987 		55.305
v -24.688 		-39.914 		41.737
v -31.47 		-37.072 		23.384
v -34.437 		-35.336 		56.189
v -24.828 		-39.833 		41.864
v -28 		-41.551 		32.299
v -24.805 		-39.847 		41.898
v -23.286 		-31.249 		51.696
v -26.213 		-41.098 		40.488
v -30.54 		-35.462 		31.384
v -31.453 		-37.077 		23.488
v -34.619 		-35.833 		55.752
v -34.668 		-35.98 		56.224
v -31.731 		-37.002 		23.488
v -31.714 		-37.007 		23.384
v -34.8 		-36.489 		55.788
v -24.78 		-39.862 		41.91
v -26.992 		-34.24 		40.871
v -26.22 		-41.085 		40.605
v -28 		-41.562 		32.427
v -26.994 		-34.246 		40.733
v -26.996 		-34.257 		40.605
v -26.226 		-41.076 		40.733
v -27 		-34.271 		40.488
v -30.527 		-35.475 		31.488
v -24.67 		-39.925 		41.648
v -23.83 		-31.023 		51.689
v -26.229 		-41.07 		40.871
v -27.075 		-34.55 		40.488
v -24.655 		-39.934 		41.544
v -27.079 		-34.564 		40.605
v -26.155 		-41.198 		40.134
v -26.169 		-41.174 		40.168
v -31.592 		-37.04 		23.122
v -34.377 		-35.198 		55.716
v -24.905 		-39.789 		41.544
v -27.081 		-34.574 		40.733
v -31.564 		-37.047 		23.134
v -35.794 		-35.69 		56.38
v -35.639 		-35.222 		57.116
v -27.083 		-34.581 		40.871
v -28 		-41.542 		32.016
v -31.537 		-37.054 		23.168
v -26.182 		-41.151 		40.222
v -24.516 		-31.967 		51.689
v -28 		-41.544 		32.161
v -23.904 		-32.364 		51.689
v -31.513 		-37.061 		23.222
v -24.889 		-39.798 		41.648
v -31.49 		-37.067 		23.295
v -27.005 		-34.288 		40.384
v -34.834 		-36.643 		56.261
v -28 		-41.544 		31.871
v -26.193 		-41.131 		40.295
v -30.517 		-35.485 		31.605
v -24.129 		-32.208 		53.213
v -31.694 		-37.012 		23.295
v -31.671 		-37.018 		23.222
v -24.871 		-39.809 		41.737
v -31.647 		-37.025 		23.168
v -26.204 		-41.113 		40.384
v -23.738 		-32.49 		52.436
v -25.185 		-29.666 		58.661
v -24.799 		-29.807 		58.661
v -31.62 		-37.032 		23.134
v -26.141 		-41.223 		40.122
v -24.851 		-39.82 		41.81
v -26.105 		-30.096 		57.855
v -26.59 		-29.996 		58.336
v -26.105 		-30.096 		59.329
v -27.01 		-34.308 		40.295
v -27.016 		-34.331 		40.222
v -28 		-41.577 		31.488
v -27.059 		-34.49 		40.222
v -28 		-41.562 		31.605
v -34.533 		-33.164 		53.431
v -34.533 		-33.164 		54.086
v -33.386 		-33.582 		53.758
v -33.961 		-34.394 		53.401
v -27.065 		-34.512 		40.295
v -28 		-41.551 		31.733
v -34.146 		-34.717 		53.83
v -28 		-41.847 		31.384
v -33.794 		-34.131 		53.794
v -24.934 		-39.772 		41.016
v -27.07 		-34.532 		40.384
v -28 		-41.826 		31.295
v -25.161 		-30.276 		59.225
v -28 		-41.615 		31.295
v -35.456 		-34.764 		53.431
v -24.932 		-39.773 		41.161
v -27.023 		-34.356 		40.168
v -26.182 		-41.151 		32.81
v -24.993 		-31.715 		58.749
v -27.03 		-34.382 		40.134
v -28 		-41.594 		31.384
v -25.234 		-31.606 		58.352
v -25.046 		-31.693 		57.449
v -25.676 		-31.436 		57.485
v -27.038 		-34.41 		40.122
v -26.352 		-31.231 		58.749
v -26.328 		-31.24 		57.521
v -25.661 		-31.438 		58.749
v -26.169 		-41.174 		32.864
v -27.045 		-34.438 		40.134
v -28 		-41.803 		31.222
v -27.052 		-34.465 		40.168
v -33.325 		-35.155 		54.837
v -26.155 		-41.198 		32.898
v -28 		-41.777 		31.168
v -33.577 		-35.691 		54.873
v -28 		-41.75 		31.134
v -26.141 		-41.223 		32.91
v -24.926 		-39.777 		41.299
v -33.921 		-36.824 		54.946
v -28 		-41.721 		31.122
v -33.777 		-36.249 		54.909
v -33.984 		-35.903 		55.172
v -24.917 		-39.782 		41.427
v -28 		-41.692 		31.134
v -30.51 		-35.493 		31.733
v -31.542 		-38.002 		24.161
v -28.211 		-29.514 		58.968
v -28.206 		-29.206 		58.661
v -28.455 		-30.094 		59.538
v -28 		-41.664 		31.168
v -33.921 		-36.824 		54.79
v -33.325 		-35.155 		54.681
v -33.777 		-36.249 		54.754
v -33.577 		-35.691 		54.717
v -27.794 		-29.206 		58.661
v -27.428 		-29.573 		59.011
v -26.751 		-29.969 		59.329
v -27.076 		-29.925 		59.329
v -28 		-41.639 		31.222
v -31.549 		-38.002 		24.299
v -24.4081 		-38.9652 		24.91
v -24.408 		-38.965 		24.91
v -24.4081 		-38.9652 		24.91
v -31.56 		-38.002 		24.427
v -27.061 		-31.097 		58.749
v -27.364 		-31.063 		57.944
v -31.574 		-38.002 		24.544
v -28.352 		-31.043 		57.63
v -24.306 		-37.012 		24.737
v -24.286 		-37.007 		24.648
v -34.301 		-35.786 		54.148
v -34.437 		-35.336 		53.866
v -31.56 		-38.002 		23.605
v -24.38 		-37.032 		24.898
v -24.353 		-37.025 		24.864
v -24.642 		-39.941 		41.427
v -28 		-34.107 		40.871
v -24.633 		-39.946 		41.299
v -24.463 		-37.054 		24.864
v -28 		-34.114 		40.733
v -35.794 		-35.69 		53.431
v -24.627 		-39.95 		41.161
v -28 		-34.125 		40.605
v -24.625 		-39.951 		41.016
v -34.834 		-36.643 		53.939
v -28 		-34.139 		40.488
v -24.436 		-37.047 		24.898
v -31.549 		-38.002 		23.733
v -28.503 		-31.052 		58.749
v -24.408 		-37.04 		24.91
v -34.459 		-32.835 		51.704
v -31.542 		-38.002 		23.871
v -28 		-34.428 		40.488
v -24.329 		-37.018 		24.81
v -27.672 		-31.042 		57.593
v -31.54 		-38.002 		24.016
v -24.53 		-37.072 		24.648
v -28.924 		-29.925 		59.329
v -31.863 		-38.002 		24.544
v -33.308 		-33.488 		52.14
v -24.51 		-37.067 		24.737
v -28 		-34.442 		40.605
v -29.414 		-29.996 		58.336
v -31.877 		-38.002 		24.427
v -31.888 		-38.002 		24.299
v -29.895 		-30.096 		59.329
v -28 		-34.453 		40.733
v -31.895 		-38.002 		24.161
v -33.115 		-33.27 		52.877
v -24.487 		-37.061 		24.81
v -28 		-34.46 		40.871
v -34.009 		-34.474 		52.524
v -33.592 		-33.846 		53.203
v -31.897 		-38.002 		24.016
v -31.895 		-38.002 		23.871
v -33.879 		-34.261 		52.104
v -28 		-34.157 		40.384
v -28 		-34.178 		40.295
v -28 		-34.201 		40.222
v -31.888 		-38.002 		23.733
v -31.877 		-38.002 		23.605
v -35.72 		-33.782 		52.763
v -28 		-34.227 		40.168
v -35.671 		-33.294 		52.56
v -28 		-34.255 		40.134
v -28 		-34.284 		40.122
v -35.514 		-33.426 		52.763
v -35.681 		-33.354 		52.363
v -35.364 		-32.836 		52.467
v -35.714 		-33.461 		52.272
v -31.694 		-37.012 		32.737
v -31.592 		-38.002 		23.384
v -30.606 		-31.539 		58.749
v -31.714 		-37.007 		32.648
v -29.923 		-31.304 		58.749
v -29.219 		-31.141 		58.749
v -31.731 		-37.002 		32.544
v -30.347 		-31.443 		57.738
v -29.563 		-31.211 		58.415
v -31.453 		-37.077 		32.544
v -29.696 		-31.246 		57.702
v -31.574 		-38.002 		23.488
v -31.47 		-37.072 		32.648
v -28 		-34.313 		40.134
v -29.029 		-31.112 		57.666
v -35.014 		-33.293 		53.112
v -31.719 		-38.002 		23.122
v -31.49 		-37.067 		32.737
v -24.225 		-38.002 		24.864
v -31.69 		-38.002 		23.134
v -24.252 		-38.002 		24.898
v -24.199 		-38.002 		24.81
v -31.662 		-38.002 		23.168
v -35.576 		-33.731 		51.902
v -24.176 		-38.002 		24.737
v -35.673 		-33.624 		52.05
v -28 		-34.34 		40.168
v -24.155 		-38.002 		24.648
v -31.42 		-30.277 		59.011
v -31.201 		-29.807 		58.661
v -30.815 		-29.666 		58.661
v -31.636 		-38.002 		23.222
v -24.31 		-38.002 		24.898
v -28 		-34.366 		40.222
v -31.631 		-30.728 		59.329
v -32.484 		-31.221 		59.329
v -24.281 		-38.002 		24.91
v -31.428 		-37.084 		32.299
v -28 		-34.389 		40.295
v -34.885 		-33.323 		51.717
v -31.613 		-38.002 		23.295
v -35.219 		-33.45 		51.791
v -28 		-34.41 		40.384
v -35.181 		-33.101 		51.902
v -34.95 		-33.048 		51.791
v -24.408 		-38.002 		24.648
v -35.41 		-33.192 		52.05
v -31.88 		-32.214 		58.749
v -32.459 		-32.647 		58.749
v -31.631 		-30.728 		58.347
v -24.387 		-38.002 		24.737
v -26.204 		-41.113 		24.648
v -30.976 		-31.703 		57.774
v -31.146 		-32.132 		57.51
v -26.193 		-41.131 		24.737
v -24.364 		-38.002 		24.81
v -32.142 		-32.399 		57.846
v -31.576 		-32.022 		57.81
v -25.331 		-40.672 		41.864
v -26.182 		-41.151 		24.81
v -24.338 		-38.002 		24.864
v -25.312 		-40.69 		41.81
v -26.105 		-30.096 		56.38
v -26.588 		-29.996 		55.502
v -25.154 		-32.677 		56.578
v -26.248 		-32.225 		56.651
v -25.689 		-32.424 		56.614
v -31.439 		-37.081 		32.427
v -25.154 		-32.677 		56.423
v -26.248 		-32.225 		56.495
v -25.689 		-32.424 		56.459
v -31.863 		-38.002 		23.488
v -31.845 		-38.002 		23.384
v -31.824 		-38.002 		23.295
v -25.35 		-40.652 		41.898
v -24.701 		-32.413 		55.993
v -24.715 		-31.857 		55.572
v -31.801 		-38.002 		23.222
v -26.169 		-41.174 		24.864
v -25.445 		-40.557 		41.737
v -31.775 		-38.002 		23.168
v -25.334 		-31.564 		55.608
v -31.748 		-38.002 		23.134
v -26.407 		-31.699 		56.087
v -26.155 		-41.198 		24.898
v -25.764 		-31.402 		55.441
v -35.835 		-34.642 		51.791
v -35.466 		-33.868 		51.791
v -25.429 		-40.574 		41.81
v -26.141 		-41.223 		24.91
v -35.605 		-34.533 		51.721
v -25.41 		-40.592 		41.864
v -35.122 		-33.908 		51.693
v -24.306 		-38.992 		24.737
v -25.391 		-40.611 		41.898
v -25.977 		-31.334 		55.644
v -24.286 		-38.997 		24.648
v -27.076 		-29.925 		57.2
v -24.38 		-38.972 		24.898
v -24.353 		-38.979 		24.864
v -25.371 		-40.632 		41.91
v -26.822 		-32.08 		56.687
v -27.408 		-31.993 		56.723
v -24.436 		-38.957 		24.898
v -28 		-31.963 		56.76
v -26.822 		-32.08 		56.532
v -28 		-31.963 		56.604
v -27.408 		-31.993 		56.568
v -24.4081 		-38.9652 		24.91
v -25.473 		-40.53 		41.544
v -25.46 		-40.542 		41.648
v -31.422 		-37.085 		31.871
v -24.329 		-38.986 		24.81
v -28.592 		-31.993 		56.796
v -28.592 		-31.993 		56.641
v -31.419 		-37.086 		32.016
v -25.296 		-40.706 		41.737
v -25.281 		-40.721 		41.648
v -25.268 		-40.734 		41.544
v -27.373 		-31.49 		57.186
v -28.571 		-31.06 		55.319
v -28 		-31.034 		55.753
v -26.641 		-31.168 		55.68
v -31.422 		-37.085 		32.161
v -27.317 		-31.067 		55.717
v -26.586 		-29.996 		54.424
v -26.105 		-30.096 		53.431
v -25.258 		-40.744 		41.427
v -25.251 		-40.752 		41.299
v -24.578 		-37.085 		40.871
v -36.175 		-34.402 		52.226
v -36.173 		-34.281 		52.371
v -35.956 		-33.941 		52.227
v -31.745 		-36.999 		32.427
v -25.49 		-40.512 		41.299
v -36.327 		-34.585 		52.56
v -30.517 		-40.519 		24.427
v -31.756 		-36.996 		32.299
v -25.483 		-40.519 		41.427
v -25.69 		-32.424 		54.292
v -31.762 		-36.994 		32.161
v -31.765 		-36.993 		32.016
v -24.636 		-31.903 		55.102
v -31.762 		-36.994 		31.871
v -25.883 		-31.364 		55.175
v -24.306 		-37.012 		32.737
v -24.286 		-37.007 		32.648
v -24.269 		-37.002 		32.544
v -30.527 		-40.53 		24.544
v -25.247 		-31.604 		55.138
v -25.246 		-40.756 		41.161
v -25.244 		-40.758 		41.016
v -26.541 		-31.189 		55.211
v -24.547 		-37.077 		32.544
v -26.247 		-32.224 		54.328
v -25.497 		-40.505 		41.016
v -31.731 		-37.002 		31.488
v -31.439 		-37.081 		31.605
v -31.453 		-37.077 		31.488
v -24.53 		-37.072 		32.648
v -25.154 		-32.678 		54.256
v -25.154 		-32.678 		54.101
v -26.247 		-32.224 		54.173
v -25.495 		-40.507 		41.161
v -25.69 		-32.424 		54.137
v -24.578 		-38.919 		40.871
v -30.517 		-40.519 		23.605
v -36.025 		-33.927 		52.56
v -24.51 		-37.067 		32.737
v -26.213 		-41.098 		32.544
v -34.627 		-35.849 		51.689
v -34.816 		-36.553 		51.689
v -26.204 		-41.113 		32.648
v -34.559 		-35.652 		53.246
v -24.926 		-39.777 		40.733
v -24.255 		-36.999 		32.427
v -24.244 		-36.996 		32.299
v -24.932 		-39.773 		40.871
v -35.791 		-34.968 		51.722
v -24.572 		-37.084 		32.299
v -26.193 		-41.131 		32.737
v -35.302 		-34.836 		51.691
v -31.428 		-37.084 		31.733
v -24.561 		-37.081 		32.427
v -36.53 		-35.353 		52.224
v -24.655 		-39.934 		40.488
v -36.684 		-35.718 		52.369
v -36.575 		-35.267 		52.56
v -24.905 		-39.789 		40.488
v -36.538 		-35.226 		52.363
v -36.037 		-35.258 		53.067
v -31.714 		-37.007 		31.384
v -24.917 		-39.782 		40.605
v -36.41 		-35.799 		51.902
v -31.694 		-37.012 		31.295
v -36.213 		-35.674 		51.791
v -35.911 		-35.502 		51.709
v -30.54 		-40.542 		23.384
v -31.49 		-37.067 		31.295
v -36.194 		-35.086 		51.902
v -36.306 		-34.994 		52.05
v -30.527 		-40.53 		23.488
v -24.238 		-36.994 		32.161
v -24.235 		-36.993 		32.016
v -31.47 		-37.072 		31.384
v -24.238 		-36.994 		31.871
v -30.571 		-40.574 		23.222
v -24.67 		-39.925 		40.384
v -24.688 		-39.914 		40.295
v -24.708 		-39.903 		40.222
v -36.788 		-36.304 		52.269
v -30.555 		-40.557 		23.295
v -31.671 		-37.018 		31.222
v -31.647 		-37.025 		31.168
v -36.797 		-36.125 		52.467
v -36.767 		-35.966 		52.56
v -36.697 		-36.677 		52.763
v -26.226 		-41.076 		32.299
v -25.977 		-31.334 		53.322
v -24.244 		-36.996 		31.733
v -25.334 		-31.564 		53.286
v -31.62 		-37.032 		31.134
v -30.59 		-40.592 		23.168
v -24.255 		-36.999 		31.605
v -31.592 		-37.04 		31.122
v -24.731 		-39.89 		40.168
v -24.269 		-37.002 		31.488
v -24.754 		-39.876 		40.134
v -24.547 		-37.077 		31.488
v -24.715 		-31.857 		53.249
v -24.561 		-37.081 		31.605
v -28.995 		-34.288 		41.648
v -29 		-34.271 		41.544
v -31.564 		-37.047 		31.134
v -24.78 		-39.862 		40.122
v -30.688 		-40.69 		23.222
v -36.626 		-36.273 		52.763
v -30.669 		-40.672 		23.168
v -30.65 		-40.652 		23.134
v -24.572 		-37.084 		31.733
v -24.805 		-39.847 		40.134
v -31.537 		-37.054 		31.168
v -30.629 		-40.632 		23.122
v -36.571 		-36.525 		51.902
v -36.421 		-36.617 		51.791
v -24.828 		-39.833 		40.168
v -28.925 		-34.55 		41.544
v -36.33 		-36.143 		51.791
v -24.286 		-37.007 		31.384
v -36.051 		-35.923 		51.709
v -31.513 		-37.061 		31.222
v -24.306 		-37.012 		31.295
v -36.015 		-36.316 		51.693
v -30.609 		-40.611 		23.134
v -27.076 		-29.925 		53.431
v -24.51 		-37.067 		31.295
v -24.851 		-39.82 		40.222
v -27.89 		-31.037 		55.283
v -28.344 		-31.35 		55.028
v -26.22 		-41.085 		32.427
v -24.53 		-37.072 		31.384
v -24.871 		-39.809 		40.295
v -36.593 		-35.958 		52.05
v -36.696 		-36.453 		52.05
v -24.889 		-39.798 		40.384
v -36.881 		-36.635 		52.406
v -24.329 		-37.018 		31.222
v -24.353 		-37.025 		31.168
v -24.627 		-39.95 		40.871
v -24.633 		-39.946 		40.733
v -34.037 		-38.002 		57.34
v -24.642 		-39.941 		40.605
v -24.38 		-37.032 		31.134
v -34.007 		-37.41 		57.304
v -24.408 		-37.04 		31.122
v -34.009 		-38.594 		57.221
v -34.037 		-38.002 		57.185
v -34.007 		-37.41 		57.148
v -27.211 		-31.08 		55.246
v -24.436 		-37.047 		31.134
v -28.97 		-34.382 		41.898
v -26.229 		-41.07 		31.871
v -28.977 		-34.356 		41.864
v -28 		-31.965 		54.437
v -28.984 		-34.331 		41.81
v -28.592 		-31.994 		54.474
v -27.407 		-31.993 		54.401
v -28.99 		-34.308 		41.737
v -26.23 		-41.068 		32.016
v -26.822 		-32.079 		54.365
v -30.719 		-40.721 		23.384
v -28.962 		-34.41 		41.91
v -30.704 		-40.706 		23.295
v -24.463 		-37.054 		31.168
v -26.229 		-41.07 		32.161
v -34.507 		-37.727 		56.733
v -31.756 		-36.996 		31.733
v -31.745 		-36.999 		31.605
v -34.375 		-37.369 		56.81
v -24.487 		-37.061 		31.222
v -28.935 		-34.512 		41.737
v -28.941 		-34.49 		41.81
v -28.592 		-31.994 		54.318
v -28 		-31.965 		54.282
v -28.948 		-34.465 		41.864
v -34.617 		-38.772 		55.633
v -30.732 		-40.734 		24.544
v -30.742 		-40.744 		24.427
v -30.749 		-40.752 		24.299
v -30.754 		-40.756 		24.161
v -28.955 		-34.438 		41.898
v -36.115 		-37.509 		56.872
v -36.115 		-38.495 		56.38
v -26.822 		-32.079 		54.21
v -27.407 		-31.993 		54.246
v -34.968 		-38.002 		56.333
v -34.935 		-38.685 		56.37
v -30.756 		-40.758 		24.016
v -28.93 		-34.532 		41.648
v -30.754 		-40.756 		23.871
v -30.749 		-40.752 		23.733
v -36.129 		-38.002 		55.502
v -30.742 		-40.744 		23.605
v -34.966 		-37.838 		55.86
v -34.948 		-38.518 		55.897
v -24.176 		-38.002 		32.737
v -34.916 		-37.16 		55.824
v -24.155 		-38.002 		32.648
v -34.935 		-37.319 		56.298
v -24.137 		-38.002 		32.544
v -29.004 		-34.257 		41.427
v -29.006 		-34.246 		41.299
v -24.426 		-38.002 		32.544
v -29.008 		-34.24 		41.161
v -29.009 		-34.238 		41.016
v -26.213 		-41.098 		31.488
v -28 		-31.034 		53.431
v -27.317 		-31.067 		53.395
v -26.22 		-41.085 		31.605
v -24.408 		-38.002 		32.648
v -33.778 		-39.754 		57.294
v -33.922 		-39.18 		57.257
v -26.226 		-41.076 		31.733
v -26.641 		-31.168 		53.358
v -24.387 		-38.002 		32.737
v -26.193 		-41.131 		31.295
v -33.577 		-40.312 		57.33
v -28.916 		-34.583 		41.016
v -30.732 		-40.734 		23.488
v -34.213 		-40.053 		56.838
v -34.47 		-39.669 		56.689
v -26.204 		-41.113 		31.384
v -28.917 		-34.581 		41.161
v -26.141 		-41.223 		31.122
v -24.123 		-38.002 		32.427
v -24.112 		-38.002 		32.299
v -24.451 		-38.002 		32.299
v -26.155 		-41.198 		31.134
v -28.919 		-34.574 		41.299
v -26.169 		-41.174 		31.168
v -28.921 		-34.564 		41.427
v -24.922 		-29.544 		52.56
v -24.44 		-38.002 		32.427
v -25.23 		-29.613 		52.05
v -31.549 		-38.002 		32.299
v -25.433 		-29.397 		52.368
v -25.108 		-29.551 		52.224
v -25.185 		-29.666 		52.763
v -31.56 		-38.002 		32.427
v -30.505 		-40.507 		24.161
v -34.668 		-40.025 		56.442
v -34.437 		-40.669 		56.479
v -26.182 		-41.151 		31.222
v -25.246 		-40.756 		40.871
v -25.251 		-40.752 		40.733
v -34.516 		-39.341 		55.657
v -30.51 		-40.512 		24.299
v -25.49 		-40.512 		40.733
v -24.587 		-29.727 		52.269
v -24.105 		-38.002 		32.161
v -24.799 		-29.807 		52.763
v -24.103 		-38.002 		32.016
v -31.574 		-38.002 		32.544
v -25.495 		-40.507 		40.871
v -24.46 		-38.002 		32.016
v -29.912 		-34.69 		41.737
v -24.458 		-38.002 		32.161
v -34.714 		-39.857 		55.969
v -30.51 		-40.512 		23.733
v -29.923 		-34.672 		41.648
v -24.105 		-38.002 		31.871
v -33.946 		-40.661 		55.61
v -29.931 		-34.657 		41.544
v -34.501 		-40.503 		56.005
v -24.458 		-38.002 		31.871
v -30.505 		-40.507 		23.871
v -25.258 		-40.744 		40.605
v -25.268 		-40.734 		40.488
v -35.639 		-40.783 		55.502
v -29.939 		-34.644 		41.427
v -35.794 		-40.315 		56.38
v -29.944 		-34.635 		41.299
v -31.592 		-38.002 		32.648
v -30.503 		-40.505 		24.016
v -25.473 		-40.53 		40.488
v -29.948 		-34.629 		41.161
v -34.863 		-39.193 		55.933
v -34.834 		-39.361 		56.407
v -25.483 		-40.519 		40.605
v -29.949 		-34.627 		41.016
v -31.613 		-38.002 		32.737
v -24.112 		-38.002 		31.733
v -34.009 		-38.594 		55.054
v -34.039 		-38.002 		55.018
v -24.123 		-38.002 		31.605
v -34.009 		-38.594 		54.899
v -34.039 		-38.002 		54.862
v -34.009 		-37.41 		54.982
v -24.137 		-38.002 		31.488
v -34.009 		-37.41 		54.826
v -31.542 		-38.002 		31.871
v -24.426 		-38.002 		31.488
v -24.44 		-38.002 		31.605
v -25.312 		-40.69 		40.222
v -31.731 		-39.002 		24.544
v -24.451 		-38.002 		31.733
v -25.331 		-40.672 		40.168
v -24.622 		-29.99 		51.902
v -25.019 		-30.247 		51.711
v -24.971 		-30.023 		51.791
v -24.754 		-29.786 		52.05
v -31.068 		-39.773 		24.161
v -24.155 		-38.002 		31.384
v -34.241 		-36.984 		55.22
v -24.176 		-38.002 		31.295
v -34.574 		-36.92 		54.23
v -24.387 		-38.002 		31.295
v -26.593 		-29.181 		52.226
v -26.318 		-29.159 		52.56
v -31.074 		-39.777 		24.299
v -25.917 		-29.269 		52.363
v -25.832 		-29.34 		52.224
v -25.429 		-40.574 		40.222
v -24.408 		-38.002 		31.384
v -31.54 		-38.002 		32.016
v -31.083 		-39.782 		24.427
v -29.874 		-34.757 		41.898
v -29.888 		-34.733 		41.864
v -25.808 		-29.277 		52.467
v -31.095 		-39.789 		24.544
v -31.542 		-38.002 		32.161
v -25.445 		-40.557 		40.295
v -29.9 		-34.711 		41.81
v -24.199 		-38.002 		31.222
v -31.345 		-39.934 		24.544
v -26.28 		-29.475 		51.902
v -25.797 		-29.587 		51.903
v -24.225 		-38.002 		31.168
v -31.824 		-38.002 		32.737
v -24.252 		-38.002 		31.134
v -31.845 		-38.002 		32.648
v -24.281 		-38.002 		31.122
v -25.46 		-40.542 		40.384
v -36.129 		-38 		54.424
v -26.453 		-29.308 		52.05
v -29.845 		-34.807 		41.898
v -36.115 		-37.509 		53.431
v -24.31 		-38.002 		31.134
v -31.863 		-38.002 		32.544
v -26.125 		-29.288 		52.179
v -34.958 		-37.647 		53.323
v -31.877 		-38.002 		32.427
v -25.35 		-40.652 		40.134
v -25.371 		-40.632 		40.122
v -31.888 		-38.002 		32.299
v -29.859 		-34.782 		41.91
v -34.92 		-37.178 		53.528
v -24.338 		-38.002 		31.168
v -26.378 		-29.849 		51.712
v -34.935 		-37.319 		53.975
v -25.77 		-30.061 		51.701
v -31.083 		-39.782 		23.605
v -24.364 		-38.002 		31.222
v -31.895 		-38.002 		32.161
v -34.968 		-38.002 		54.012
v -25.166 		-31.636 		51.689
v -25.391 		-40.611 		40.134
v -31.074 		-39.777 		23.733
v -25.084 		-31.674 		52.671
v -24.729 		-31.849 		52.521
v -31.897 		-38.002 		32.016
v -31.895 		-38.002 		31.871
v -36.115 		-38.495 		53.431
v -36.115 		-38.495 		54.086
v -26.021 		-31.32 		52.077
v -25.812 		-31.386 		52.916
v -33.921 		-39.18 		55.091
v -33.921 		-39.18 		54.935
v -33.777 		-39.755 		55.127
v -31.068 		-39.773 		23.871
v -25.41 		-40.592 		40.168
v -31.613 		-38.002 		31.295
v -27.317 		-29.032 		52.469
v -27.089 		-29.116 		52.227
v -26.837 		-29.09 		52.419
v -31.066 		-39.772 		24.016
v -31.592 		-38.002 		31.384
v -27.035 		-29.053 		52.56
v -26.787 		-29.52 		52.99
v -25.281 		-40.721 		40.384
v -25.296 		-40.706 		40.295
v -29.796 		-34.891 		41.648
v -27.587 		-29.48 		51.791
v -27.198 		-29.204 		52.05
v -27.017 		-29.364 		51.902
v -31.574 		-38.002 		31.488
v -27.636 		-29.097 		52.179
v -26.856 		-29.544 		51.791
v -31.745 		-39.006 		24.427
v -31.756 		-39.009 		24.299
v -24.269 		-37.002 		24.544
v -24.255 		-36.999 		24.427
v -29.807 		-34.873 		41.737
v -24.561 		-37.081 		24.427
v -33.577 		-40.313 		55.163
v -33.325 		-40.849 		55.2
v -31.762 		-39.01 		24.161
v -31.765 		-39.011 		24.016
v -31.56 		-38.002 		31.605
v -24.547 		-37.077 		24.544
v -31.762 		-39.01 		23.871
v -31.756 		-39.009 		23.733
v -29.818 		-34.853 		41.81
v -31.549 		-38.002 		31.733
v -33.777 		-39.755 		54.971
v -31.745 		-39.006 		23.605
v -33.325 		-40.849 		55.044
v -33.577 		-40.313 		55.008
v -29.831 		-34.831 		41.864
v -24.244 		-36.996 		24.299
v -24.238 		-36.994 		24.161
v -31.719 		-38.002 		31.122
v -24.572 		-37.084 		24.299
v -31.69 		-38.002 		31.134
v -34.764 		-39.675 		53.383
v -31.662 		-38.002 		31.168
v -34.579 		-40.298 		53.659
v -31.731 		-39.002 		23.488
v -31.714 		-38.997 		23.384
v -34.668 		-40.025 		54.121
v -31.636 		-38.002 		31.222
v -34.437 		-40.669 		54.156
v -35.582 		-40.937 		53.431
v -31.694 		-38.992 		23.295
v -35.65 		-40.754 		54.151
v -31.671 		-38.986 		23.222
v -31.647 		-38.979 		23.168
v -31.62 		-38.972 		23.134
v -35.794 		-40.315 		53.431
v -34.834 		-39.361 		54.084
v -34.93 		-37.274 		51.689
v -36.726 		-37.718 		52.83
v -24.235 		-36.993 		24.016
v -24.238 		-36.994 		23.871
v -31.888 		-38.002 		31.733
v -36.663 		-37.265 		51.902
v -31.877 		-38.002 		31.605
v -36.486 		-37.097 		51.79
v -36.771 		-36.954 		52.05
v -31.863 		-38.002 		31.488
v -36.326 		-37.266 		51.721
v -36.155 		-37.193 		51.693
v -24.244 		-36.996 		23.733
v -31.845 		-38.002 		31.384
v -24.255 		-36.999 		23.605
v -31.824 		-38.002 		31.295
v -24.561 		-37.081 		23.605
v -34.964 		-38.23 		52.136
v -30.688 		-35.315 		41.81
v -34.909 		-38.904 		52.637
v -24.572 		-37.084 		23.733
v -30.704 		-35.298 		41.737
v -30.719 		-35.283 		41.648
v -34.968 		-38.002 		51.689
v -31.801 		-38.002 		31.222
v -31.775 		-38.002 		31.168
v -31.748 		-38.002 		31.134
v -36.483 		-38.127 		53.075
v -36.4 		-38.903 		53.112
v -36.697 		-38.009 		51.902
v -36.834 		-37.959 		52.05
v -36.534 		-38.075 		51.791
v -27.759 		-29.004 		52.56
v -36.516 		-38.56 		51.791
v -36.215 		-37.975 		51.693
v -24.269 		-37.002 		23.488
v -24.286 		-37.007 		23.384
v -36.171 		-38.407 		51.693
v -24.306 		-38.992 		32.737
v -24.306 		-37.012 		23.295
v -31.111 		-39.798 		23.384
v -24.286 		-38.997 		32.648
v -24.269 		-39.002 		32.544
v -31.095 		-39.789 		23.488
v -30.571 		-35.431 		41.81
v -24.255 		-39.006 		32.427
v -24.244 		-39.009 		32.299
v -31.22 		-39.862 		23.122
v -30.59 		-35.413 		41.864
v -34.541 		-40.405 		52.674
v -31.195 		-39.847 		23.134
v -24.238 		-39.01 		32.161
v -24.53 		-37.072 		23.384
v -24.235 		-39.011 		32.016
v -24.238 		-39.01 		31.871
v -36.756 		-39.859 		52.27
v -31.172 		-39.833 		23.168
v -36.626 		-39.732 		52.763
v -36.864 		-39.565 		52.56
v -24.547 		-37.077 		23.488
v -30.65 		-35.352 		41.898
v -27.794 		-29.206 		52.763
v -24.244 		-39.009 		31.733
v -24.255 		-39.006 		31.605
v -24.269 		-39.002 		31.488
v -36.697 		-39.328 		52.763
v -36.396 		-39.532 		51.791
v -31.149 		-39.82 		23.222
v -36.192 		-39.661 		51.721
v -24.286 		-38.997 		31.384
v -36.021 		-39.865 		51.696
v -36.8 		-39.416 		52.179
v -24.306 		-38.992 		31.295
v -36.089 		-39.379 		51.697
v -36.64 		-39.001 		51.902
v -29.008 		-34.24 		40.871
v -29.006 		-34.246 		40.733
v -28.496 		-29.037 		52.363
v -28.628 		-29.092 		52.224
v -29.004 		-34.257 		40.605
v -29 		-34.271 		40.488
v -28.353 		-29.015 		52.448
v -28.078 		-29.051 		52.27
v -28.206 		-29.206 		52.763
v -30.669 		-35.333 		41.864
v -24.329 		-37.018 		23.222
v -24.353 		-37.025 		23.168
v -28.483 		-29.014 		52.56
v -36.47 		-39.054 		51.791
v -31.129 		-39.809 		23.295
v -24.38 		-37.032 		23.134
v -24.408 		-37.04 		23.122
v -35.757 		-40.603 		51.693
v -24.329 		-38.986 		31.222
v -24.353 		-38.979 		31.168
v -30.609 		-35.393 		41.898
v -24.436 		-37.047 		23.134
v -24.38 		-38.972 		31.134
v -24.408 		-38.965 		31.122
v -36.71 		-40.274 		52.56
v -36.547 		-40.753 		52.368
v -36.735 		-40.14 		52.448
v -30.629 		-35.373 		41.91
v -36.686 		-40.273 		52.363
v -36.607 		-40.389 		52.224
v -24.463 		-37.054 		23.168
v -36.189 		-40.932 		51.902
v -36.343 		-40.458 		51.901
v -30.704 		-40.706 		32.737
v -36.487 		-40.451 		52.05
v -30.719 		-40.721 		32.648
v -36.296 		-40.004 		51.791
v -36.012 		-40.944 		51.791
v -35.958 		-40.565 		51.722
v -28.925 		-34.55 		40.488
v -24.487 		-37.061 		23.222
v -30.527 		-40.53 		32.544
v -31.345 		-39.934 		23.488
v -31.33 		-39.925 		23.384
v -24.51 		-37.067 		23.295
v -28.921 		-34.564 		40.605
v -36.92 		-37.599 		52.224
v -36.944 		-37.124 		52.418
v -36.973 		-37.699 		52.363
v -31.312 		-39.914 		23.295
v -30.732 		-35.271 		41.544
v -30.54 		-40.542 		32.648
v -31.292 		-39.903 		23.222
v -30.742 		-35.26 		41.427
v -31.269 		-39.89 		23.168
v -30.749 		-35.253 		41.299
v -30.754 		-35.248 		41.161
v -31.246 		-39.876 		23.134
v -36.986 		-37.595 		52.467
v -36.941 		-37.038 		52.56
v -30.555 		-40.557 		32.737
v -27.914 		-29.6 		51.733
v -36.912 		-37.896 		52.179
v -27.759 		-29.307 		51.902
v -28.919 		-34.574 		40.733
v -37 		-38.123 		52.56
v -36.89 		-38.876 		52.227
v -36.925 		-38.376 		52.226
v -28.917 		-34.581 		40.871
v -24.436 		-38.957 		31.134
v -36.964 		-38.639 		52.419
v -36.961 		-38.847 		52.56
v -27.703 		-29.173 		52.05
v -30.517 		-40.519 		32.427
v -28.995 		-34.288 		40.384
v -28.525 		-29.754 		51.701
v -28.134 		-29.769 		51.696
v -31.358 		-39.941 		24.427
v -36.925 		-39.124 		52.469
v -27.654 		-29.794 		51.693
v -31.367 		-39.946 		24.299
v -34.57 		-42.421 		59.541
v -31.373 		-39.95 		24.161
v -34.533 		-42.841 		59.329
v -34.208 		-41.166 		58.749
v -33.848 		-41.792 		58.749
v -30.756 		-35.246 		41.016
v -33.634 		-42.099 		58.424
v -34.006 		-41.53 		58.388
v -27.053 		-31.099 		52.3
v -27.825 		-31.036 		53.006
v -27.5 		-31.052 		52.092
v -33.208 		-42.631 		58.46
v -24.137 		-38.002 		24.544
v -24.123 		-38.002 		24.427
v -31.375 		-39.951 		24.016
v -31.373 		-39.95 		23.871
v -24.44 		-38.002 		24.427
v -31.367 		-39.946 		23.733
v -31.358 		-39.941 		23.605
v -35.514 		-42.578 		58.661
v -35.72 		-42.222 		58.661
v -24.426 		-38.002 		24.544
v -35.456 		-41.241 		59.329
v -28 		-31.034 		51.689
v -35.295 		-42.334 		58.974
v -24.463 		-38.95 		24.864
v -24.112 		-38.002 		24.299
v -28.924 		-29.925 		56.38
v -33.899 		-43.596 		59.329
v -24.105 		-38.002 		24.161
v -33.7 		-43.352 		59.642
v -33.856 		-44.091 		59.011
v -33.811 		-44.608 		58.661
v -33.496 		-44.872 		58.661
v -24.458 		-38.002 		24.161
v -30.517 		-40.519 		31.605
v -30.527 		-40.53 		31.488
v -33.899 		-43.596 		57.691
v -24.451 		-38.002 		24.299
v -34.533 		-42.841 		56.872
v -30.719 		-40.721 		31.384
v -29.412 		-29.996 		57.116
v -34.146 		-41.287 		56.515
v -30.704 		-40.706 		31.295
v -33.386 		-42.423 		56.588
v -33.794 		-41.873 		56.551
v -30.555 		-40.557 		31.295
v -29.178 		-32.08 		56.677
v -29.554 		-31.874 		56.435
v -24.53 		-38.932 		24.648
v -30.31 		-32.424 		56.905
v -33.894 		-41.718 		56.077
v -30.54 		-40.542 		31.384
v -29.752 		-32.225 		56.869
v -24.51 		-38.937 		24.737
v -29.178 		-32.08 		56.832
v -24.103 		-38.002 		24.016
v -30.31 		-32.424 		56.75
v -29.752 		-32.225 		56.713
v -34.228 		-41.126 		56.041
v -24.105 		-38.002 		23.871
v -33.059 		-42.791 		56.149
v -24.458 		-38.002 		23.871
v -33.503 		-42.275 		56.113
v -30.688 		-40.69 		31.222
v -24.46 		-38.002 		24.016
v -30.669 		-40.672 		31.168
v -35.456 		-41.241 		56.38
v -30.65 		-40.652 		31.134
v -34.228 		-43.228 		55.502
v -33.899 		-43.596 		56.38
v -30.629 		-40.632 		31.122
v -24.487 		-38.943 		24.81
v -24.112 		-38.002 		23.733
v -24.123 		-38.002 		23.605
v -30.609 		-40.611 		31.134
v -24.44 		-38.002 		23.605
v -33.323 		-41.571 		54.742
v -24.451 		-38.002 		23.733
v -29.037 		-31.587 		57.242
v -28.99 		-34.308 		40.295
v -34.533 		-42.841 		53.431
v -30.59 		-40.592 		31.168
v -31.439 		-38.924 		24.427
v -28.984 		-34.331 		40.222
v -29.245 		-31.149 		55.355
v -33.386 		-42.423 		54.265
v -28.683 		-31.067 		55.789
v -29.359 		-31.168 		55.826
v -30.552 		-31.519 		55.427
v -33.741 		-41.95 		53.38
v -29.908 		-31.301 		55.391
v -30.571 		-40.574 		31.222
v -28.941 		-34.49 		40.222
v -30.023 		-31.334 		55.862
v -31.453 		-38.927 		24.544
v -30.666 		-31.564 		55.898
v -34.222 		-41.138 		53.694
v -24.137 		-38.002 		23.488
v -24.155 		-38.002 		23.384
v -33.794 		-41.873 		54.229
v -31.422 		-38.919 		24.161
v -30.846 		-32.677 		56.786
v -24.176 		-38.002 		23.295
v -31.428 		-38.921 		24.299
v -34.146 		-41.287 		54.193
v -31.03 		-32.356 		56.448
v -24.199 		-38.002 		23.222
v -35.456 		-41.241 		53.431
v -24.225 		-38.002 		23.168
v -28.935 		-34.512 		40.295
v -24.252 		-38.002 		23.134
v -24.281 		-38.002 		23.122
v -30.732 		-40.734 		32.544
v -30.742 		-40.744 		32.427
v -34.229 		-43.226 		54.424
v -30.749 		-40.752 		32.299
v -24.31 		-38.002 		23.134
v -31.439 		-38.924 		23.605
v -30.846 		-32.677 		56.941
v -33.899 		-43.596 		53.431
v -28.93 		-34.532 		40.384
v -34.663 		-42.809 		51.693
v -31.428 		-38.921 		23.733
v -34.034 		-41.486 		51.689
v -33.637 		-42.098 		51.689
v -33.178 		-42.665 		51.689
v -30.754 		-40.756 		32.161
v -30.756 		-40.758 		32.016
v -31.422 		-38.919 		23.871
v -30.754 		-40.756 		31.871
v -31.419 		-38.918 		24.016
v -24.338 		-38.002 		23.168
v -28.977 		-34.356 		40.168
v -34.274 		-41.034 		53.151
v -28.97 		-34.382 		40.134
v -34.165 		-41.248 		52.407
v -24.364 		-38.002 		23.222
v -33.232 		-42.604 		52.807
v -28.962 		-34.41 		40.122
v -28.955 		-34.438 		40.134
v -24.387 		-38.002 		23.295
v -31.129 		-36.196 		41.737
v -28.948 		-34.465 		40.168
v -31.47 		-38.932 		23.384
v -31.149 		-36.184 		41.81
v -35.628 		-41.83 		51.791
v -30.749 		-40.752 		31.733
v -36.405 		-41.183 		52.415
v -36.282 		-41.348 		52.224
v -36.178 		-41.707 		52.363
v -30.742 		-40.744 		31.605
v -36.106 		-41.8 		52.272
v -24.408 		-38.002 		23.384
v -31.453 		-38.927 		23.488
v -31.631 		-30.728 		56.38
v -36.232 		-41.641 		52.56
v -32.484 		-31.221 		56.38
v -30.732 		-40.734 		31.488
v -32.064 		-30.961 		55.502
v -36.26 		-41.162 		52.07
v -35.848 		-41.73 		51.902
v -35.946 		-41.863 		52.05
v -31.592 		-38.965 		23.122
v -24.426 		-38.002 		23.488
v -35.624 		-42.693 		52.272
v -31.172 		-31.799 		55.464
v -35.72 		-42.222 		52.763
v -31.564 		-38.957 		23.134
v -31.761 		-32.138 		55.499
v -35.514 		-42.578 		52.763
v -35.542 		-42.914 		52.56
v -31.285 		-31.857 		55.935
v -35.714 		-42.307 		52.05
v -31.537 		-38.95 		23.168
v -32.315 		-32.534 		55.535
v -35.455 		-42.74 		52.05
v -35.313 		-42.71 		51.902
v -35.394 		-42.266 		51.791
v -34.904 		-42.708 		51.72
v -35.031 		-42.346 		51.701
v -31.513 		-38.943 		23.222
v -35.913 		-42.292 		52.56
v -31.172 		-36.171 		41.864
v -31.49 		-38.937 		23.295
v -34.729 		-43.513 		51.901
v -32.421 		-32.615 		56.007
v -34.372 		-43.133 		51.693
v -34.321 		-43.47 		51.721
v -31.871 		-32.208 		55.971
v -29.895 		-30.096 		55.069
v -29.895 		-30.096 		53.431
v -33.598 		-45.05 		52.56
v -33.496 		-44.872 		52.763
v -31.195 		-36.157 		41.898
v -30.51 		-40.512 		32.299
v -29.948 		-34.629 		40.871
v -33.535 		-44.499 		51.791
v -33.372 		-44.174 		51.693
v -33.067 		-44.472 		51.693
v -33.653 		-44.159 		51.721
v -31.22 		-36.143 		41.91
v -30.505 		-40.507 		31.871
v -33.428 		-44.972 		52.05
v -33.691 		-44.58 		51.902
v -29.944 		-34.635 		40.733
v -29.939 		-34.644 		40.605
v -33.149 		-44.811 		51.791
v -33.103 		-45.042 		51.902
v -29.931 		-34.657 		40.488
v -33.985 		-44.66 		52.272
v -34.323 		-44.31 		52.224
v -33.811 		-44.608 		52.763
v -34.147 		-44.577 		52.56
v -31.095 		-36.215 		41.544
v -34.656 		-44.061 		52.56
v -34.495 		-44.214 		52.415
v -34.084 		-44.604 		52.363
v -24.269 		-39.002 		24.544
v -30.503 		-40.505 		32.016
v -24.255 		-39.006 		24.427
v -33.815 		-44.653 		52.05
v -34.23 		-44.067 		51.902
v -34.362 		-44.126 		52.05
v -31.111 		-36.206 		41.648
v -24.547 		-38.927 		32.544
v -34.865 		-43.563 		52.05
v -28.924 		-29.925 		53.431
v -35.033 		-43.119 		51.901
v -34.997 		-43.554 		52.224
v -24.244 		-39.009 		24.299
v -30.505 		-40.507 		32.161
v -35.34 		-43.124 		52.27
v -31.066 		-36.232 		41.016
v -24.238 		-39.01 		24.161
v -34.862 		-43.076 		51.791
v -24.53 		-38.932 		32.648
v -34.898 		-43.776 		52.467
v -35.122 		-43.505 		52.56
v -24.235 		-39.011 		24.016
v -35.206 		-43.384 		52.448
v -24.238 		-39.01 		23.871
v -24.244 		-39.009 		23.733
v -33.19 		-45.296 		52.272
v -31.068 		-36.231 		41.161
v -24.255 		-39.006 		23.605
v -29.923 		-34.672 		40.384
v -25.825 		-36.504 		17.421
v -29.912 		-34.69 		40.295
v -23.904 		-43.64 		51.689
v -26.546 		-35.782 		17.421
v -22.651 		-44.124 		51.689
v -26.552 		-44.819 		51.689
v -25.846 		-44.63 		51.689
v -24.51 		-38.937 		32.737
v -27.271 		-44.933 		51.689
v -26.353 		-45.535 		51.689
v -26.15 		-36.107 		17.421
v -30.154 		-44.63 		51.689
v -29.448 		-44.819 		51.689
v -30.834 		-44.368 		51.689
v -29.451 		-46.001 		51.689
v -30.334 		-45.392 		51.689
v -24.269 		-39.002 		23.488
v -30.311 		-32.423 		54.583
v -24.286 		-38.997 		23.384
v -30.857 		-45.614 		51.689
v -22.381 		-43.151 		61.91
v -23.297 		-44.261 		61.91
v -24.407 		-45.176 		61.91
v -25.681 		-45.868 		61.91
v -27.089 		-46.305 		61.91
v -27.834 		-46.418 		61.91
v -28.6 		-46.457 		61.91
v -29.367 		-46.418 		61.91
v -30.111 		-46.305 		61.91
v -31.519 		-45.868 		61.91
v -32.793 		-45.176 		61.91
v -29.367 		-46.418 		76.91
v -28.6 		-46.457 		76.91
v -27.834 		-46.418 		76.91
v -27.089 		-46.305 		76.91
v -25.681 		-45.868 		76.91
v -24.407 		-45.176 		76.91
v -23.297 		-44.261 		76.91
v -22.381 		-43.151 		76.91
v -30.51 		-40.512 		31.733
v -31.519 		-45.868 		76.91
v -30.111 		-46.305 		76.91
v -27.489 		-35.391 		17.421
v -32.793 		-45.176 		76.91
v -31.074 		-36.228 		41.299
v -24.306 		-38.992 		23.295
v -28 		-35.341 		17.421
v -28.511 		-35.391 		17.421
v -31.083 		-36.222 		41.427
v -23.273 		-43.888 		59.91
v -22.727 		-43.405 		59.91
v -24.492 		-44.687 		59.91
v -23.863 		-44.317 		59.91
v -25.154 		-44.994 		59.91
v -25.841 		-45.236 		59.91
v -26.549 		-45.411 		59.91
v -29.178 		-32.081 		54.51
v -31.694 		-38.992 		32.737
v -28 		-45.552 		59.91
v -27.271 		-45.516 		59.91
v -26.999 		-35.54 		17.421
v -29.753 		-32.224 		54.546
v -29.345 		-31.6 		54.978
v -31.714 		-38.997 		32.648
v -31.731 		-39.002 		32.544
v -24.572 		-38.921 		32.299
v -32.727 		-43.888 		59.91
v -32.137 		-44.317 		59.91
v -31.508 		-44.687 		59.91
v -30.846 		-44.994 		59.91
v -28.729 		-45.516 		59.91
v -30.159 		-45.236 		59.91
v -29.451 		-45.411 		59.91
v -24.329 		-38.986 		23.222
v -24.353 		-38.979 		23.168
v -24.561 		-38.924 		32.427
v -24.38 		-38.972 		23.134
v -24.408 		-38.965 		23.122
v -21.879 		-43.353 		59.329
v -31.312 		-36.09 		41.737
v -22.101 		-43.596 		58.347
v -30.129 		-32.047 		54.826
v -31.33 		-36.08 		41.648
v -22.101 		-43.596 		59.329
v -22.189 		-44.608 		58.661
v -22.504 		-44.872 		58.661
v -31.345 		-36.071 		41.544
v -24.436 		-38.957 		23.134
v -25.583 		-36.957 		17.421
v -25.434 		-37.447 		17.421
v -25.434 		-38.468 		17.421
v -25.384 		-37.957 		17.421
v -23.321 		-44.372 		59.556
v -23.94 		-43.666 		58.749
v -23.375 		-43.215 		58.749
v -31.074 		-39.777 		32.299
v -29.178 		-32.081 		54.355
v -31.246 		-36.128 		41.898
v -25.825 		-39.411 		17.421
v -26.15 		-39.807 		17.421
v -31.269 		-36.115 		41.864
v -26.546 		-40.133 		17.421
v -31.292 		-36.102 		41.81
v -25.583 		-38.958 		17.421
v -24.548 		-44.056 		58.749
v -23.516 		-44.783 		59.329
v -23.02 		-44.827 		59.011
v -27.489 		-40.523 		17.421
v -29.753 		-32.224 		54.391
v -28 		-40.573 		17.421
v -28.511 		-40.523 		17.421
v -31.083 		-39.782 		32.427
v -24.547 		-38.927 		31.488
v -24.561 		-38.924 		31.605
v -24.107 		-43.781 		58.306
v -26.999 		-40.374 		17.421
v -23.818 		-43.576 		57.81
v -30.311 		-32.423 		54.427
v -29.9 		-34.711 		40.222
v -23.516 		-44.783 		57.691
v -23.933 		-45.042 		58.336
v -31.095 		-39.789 		32.544
v -29.007 		-31.592 		53.925
v -29.541 		-31.673 		53.933
v -29.359 		-31.168 		53.503
v -24.369 		-45.277 		58.347
v -31.358 		-36.063 		41.427
v -29.888 		-34.733 		40.168
v -24.369 		-45.277 		57.363
v -24.369 		-45.277 		59.329
v -29.874 		-34.757 		40.134
v -31.367 		-36.058 		41.299
v -29.859 		-34.782 		40.122
v -28.683 		-31.067 		53.467
v -31.373 		-36.055 		41.161
v -30.175 		-36.504 		17.421
v -24.572 		-38.921 		31.733
v -29.454 		-35.782 		17.421
v -29.001 		-35.54 		17.421
v -29.85 		-36.107 		17.421
v -31.375 		-36.053 		41.016
v -29.845 		-34.807 		40.134
v -30.666 		-31.564 		53.576
v -21.772 		-43.228 		55.502
v -22.101 		-43.596 		56.872
v -31.111 		-39.798 		32.648
v -30.023 		-31.334 		53.54
v -23.25 		-43.1 		56.727
v -31.129 		-39.809 		32.737
v -23.77 		-43.538 		56.691
v -23.565 		-43.377 		57.232
v -24.331 		-43.923 		56.655
v -24.203 		-43.845 		57.041
v -31.256 		-32.361 		55.067
v -30.846 		-32.677 		54.619
v -31.312 		-39.914 		32.737
v -30.566 		-38.468 		17.421
v -30.616 		-37.957 		17.421
v -30.417 		-36.957 		17.421
v -30.566 		-37.447 		17.421
v -31.33 		-39.925 		32.648
v -23.936 		-45.043 		56.664
v -24.51 		-38.937 		31.295
v -31.345 		-39.934 		32.544
v -23.802 		-43.02 		56.318
v -30.846 		-32.677 		54.464
v -24.53 		-38.932 		31.384
v -29.001 		-40.374 		17.421
v -30.175 		-39.411 		17.421
v -29.454 		-40.133 		17.421
v -29.85 		-39.807 		17.421
v -32.484 		-31.221 		53.431
v -30.417 		-38.958 		17.421
v -24.561 		-38.924 		24.427
v -32.064 		-30.963 		53.431
v -29.831 		-34.831 		40.168
v -21.774 		-43.23 		54.424
v -29.8593 		-41.2228 		23.122
v -29.859 		-41.223 		23.122
v -29.8593 		-41.2228 		23.122
v -31.631 		-30.728 		53.431
v -28 		-41.865 		24.544
v -28 		-41.88 		24.427
v -31.871 		-32.208 		53.649
v -30.778 		-32.123 		54.02
v -31.285 		-31.857 		53.612
v -31.068 		-39.773 		31.871
v -22.101 		-43.596 		53.431
v -28 		-41.891 		24.299
v -28 		-41.897 		24.161
v -24.146 		-43.808 		54.344
v -23.599 		-43.404 		54.38
v -24.547 		-38.927 		24.544
v -29.818 		-34.853 		40.222
v -24.129 		-43.797 		54.81
v -23.579 		-43.389 		54.846
v -24.463 		-38.95 		31.168
v -29.807 		-34.873 		40.295
v -24.572 		-38.921 		24.299
v -32.421 		-32.615 		53.685
v -23.516 		-44.783 		55.069
v -29.205 		-29.082 		52.56
v -31.066 		-39.772 		32.016
v -24.487 		-38.943 		31.222
v -29.796 		-34.891 		40.384
v -31.068 		-39.773 		32.161
v -23.516 		-44.783 		53.431
v -29.378 		-29.18 		52.224
v -29.489 		-29.149 		52.363
v -29.394 		-29.115 		52.467
v -29.527 		-29.609 		51.791
v -28 		-41.9 		24.016
v -31.745 		-39.006 		32.427
v -28 		-41.897 		23.871
v -29.667 		-29.247 		52.179
v -31.756 		-39.009 		32.299
v -29.457 		-29.278 		52.071
v -31.762 		-39.01 		32.161
v -28 		-41.891 		23.733
v -31.765 		-39.011 		32.016
v -28 		-41.88 		23.605
v -28.778 		-29.46 		51.813
v -28.75 		-29.337 		51.901
v -31.762 		-39.01 		31.871
v -26.088 		-34.69 		32.737
v -26.077 		-34.672 		32.648
v -21.29 		-43.99 		52.448
v -21.168 		-43.756 		52.224
v -20.896 		-43.494 		52.368
v -24.561 		-38.924 		23.605
v -26.069 		-34.657 		32.544
v -26.061 		-34.644 		32.427
v -20.865 		-43.407 		52.27
v -21.184 		-43.88 		52.56
v -24.572 		-38.921 		23.733
v -21.369 		-43.581 		52.895
v -20.733 		-43.312 		52.56
v -26.056 		-34.635 		32.299
v -20.636 		-43.168 		52.467
v -31.731 		-39.002 		31.488
v -28.715 		-29.197 		52.05
v -29.787 		-34.907 		41.544
v -31.714 		-38.997 		31.384
v -31.694 		-38.992 		31.295
v -21.35 		-43.351 		51.79
v -21.263 		-43.503 		51.901
v -29.403 		-29.762 		51.721
v -29.512 		-29.961 		51.693
v -21.033 		-43.427 		52.05
v -20.853 		-43.326 		52.178
v -24.53 		-38.932 		23.384
v -28 		-41.865 		23.488
v -24.547 		-38.927 		23.488
v -31.671 		-38.986 		31.222
v -21.521 		-44.007 		52.05
v -31.647 		-38.979 		31.168
v -21.833 		-43.897 		51.791
v -30.624 		-29.463 		52.227
v -21.588 		-43.879 		51.902
v -22.023 		-43.846 		51.721
v -29.919 		-29.208 		52.56
v -31.62 		-38.972 		31.134
v -21.962 		-43.565 		51.696
v -30.11 		-29.303 		52.272
v -21.644 		-43.071 		51.689
v -30.62 		-29.391 		52.56
v -26.052 		-34.629 		32.161
v -30.323 		-29.311 		52.467
v -26.051 		-34.627 		32.016
v -26.052 		-34.629 		31.871
v -30.686 		-29.587 		52.05
v -29.77 		-34.937 		41.016
v -29.734 		-29.478 		51.902
v -29.771 		-34.935 		41.161
v -30.206 		-29.448 		52.05
v -30.719 		-35.283 		40.384
v -21.679 		-44.41 		52.56
v -21.521 		-44.178 		52.27
v -21.887 		-44.541 		52.272
v -30.704 		-35.298 		40.295
v -30.688 		-35.315 		40.222
v -30.695 		-29.732 		51.902
v -26.056 		-34.635 		31.733
v -29.986 		-30.031 		51.693
v -26.061 		-34.644 		31.605
v -30.545 		-30.13 		51.704
v -29.774 		-34.929 		41.299
v -22.504 		-44.872 		52.763
v -26.069 		-34.657 		31.488
v -26.077 		-34.672 		31.384
v -22.214 		-44.898 		52.56
v -22.189 		-44.608 		52.763
v -29.78 		-34.919 		41.427
v -30.237 		-29.766 		51.791
v -30.72 		-29.958 		51.768
v -26.088 		-34.69 		31.295
v -29.877 		-29.857 		51.721
v -22.144 		-44.092 		53.112
v -28.703 		-31.069 		52.571
v -22.249 		-44.708 		52.05
v -26.1 		-34.711 		31.222
v -26.112 		-34.733 		31.168
v -30.571 		-35.431 		40.222
v -22.116 		-44.403 		51.902
v -29.86 		-31.286 		53.088
v -29.448 		-31.186 		51.689
v -31.129 		-39.809 		31.295
v -28.729 		-31.072 		51.689
v -30.154 		-31.375 		51.689
v -23.727 		-43.507 		52.096
v -23.579 		-43.389 		52.524
v -30.669 		-35.333 		40.168
v -24.129 		-43.797 		52.488
v -30.65 		-35.352 		40.134
v -30.629 		-35.373 		40.122
v -23.643 		-44.914 		51.691
v -30.698 		-31.577 		52.635
v -22.931 		-44.863 		51.791
v -30.609 		-35.393 		40.134
v -31.111 		-39.798 		31.384
v -30.59 		-35.413 		40.168
v -31.134 		-29.658 		52.179
v -31.304 		-29.63 		52.56
v -30.88 		-29.479 		52.469
v -31.095 		-39.789 		31.488
v -30.815 		-29.666 		52.763
v -24.369 		-45.277 		53.431
v -31.561 		-29.79 		52.27
v -26.126 		-34.757 		31.134
v -26.141 		-34.782 		31.122
v -31.201 		-29.807 		52.763
v -23.075 		-45.454 		52.224
v -23.208 		-45.605 		52.415
v -22.741 		-45.279 		52.363
v -22.666 		-45.192 		52.272
v -28.917 		-41.424 		24.161
v -30.555 		-35.447 		41.737
v -30.754 		-35.248 		40.871
v -22.788 		-45.341 		52.56
v -30.749 		-35.253 		40.733
v -23.396 		-45.736 		52.56
v -30.742 		-35.26 		40.605
v -30.527 		-35.475 		41.544
v -28.919 		-41.43 		24.299
v -31.207 		-30.233 		51.734
v -31.612 		-30.625 		51.699
v -31.295 		-30.42 		51.701
v -26.155 		-34.807 		31.134
v -30.732 		-35.271 		40.488
v -31.396 		-29.852 		52.05
v -23.475 		-45.623 		52.091
v -23.502 		-45.447 		51.902
v -31.165 		-30.075 		51.791
v -30.54 		-35.462 		41.648
v -23.086 		-45.178 		51.902
v -22.843 		-45.17 		52.05
v -30.503 		-35.499 		41.016
v -25.296 		-35.298 		32.737
v -25.281 		-35.283 		32.648
v -23.95 		-45.963 		52.224
v -25.268 		-35.271 		32.544
v -23.602 		-45.831 		52.368
v -24.103 		-45.791 		52.852
v -32.604 		-30.268 		52.56
v -32.398 		-30.173 		52.368
v -30.505 		-35.497 		41.161
v -23.775 		-45.432 		53.014
v -32.05 		-30.041 		52.224
v -25.258 		-35.26 		32.427
v -28.921 		-41.441 		24.427
v -25.251 		-35.253 		32.299
v -31.838 		-29.868 		52.448
v -30.51 		-35.493 		41.299
v -31.967 		-29.922 		52.56
v -24.369 		-46.056 		52.05
v -28.925 		-41.455 		24.544
v -24.391 		-45.737 		51.791
v -24.382 		-45.911 		51.901
v -32.525 		-30.381 		52.091
v -24.463 		-38.95 		23.168
v -32.281 		-30.435 		51.902
v -30.517 		-35.485 		41.427
v -32.086 		-30.17 		52.05
v -24.369 		-45.334 		51.693
v -32.043 		-30.486 		51.791
v -31.083 		-39.782 		31.605
v -29 		-41.734 		24.544
v -24.487 		-38.943 		23.222
v -29.004 		-41.748 		24.427
v -30.834 		-31.636 		51.689
v -29.006 		-41.758 		24.299
v -29.008 		-41.765 		24.161
v -24.51 		-38.937 		23.295
v -32.674 		-30.864 		51.791
v -23.721 		-45.178 		51.721
v -32.483 		-30.95 		51.72
v -32.129 		-30.921 		51.696
v -31.074 		-39.777 		31.733
v -31.095 		-36.215 		40.488
v -24.439 		-46.214 		52.27
v -24.033 		-46.082 		52.56
v -24.162 		-46.136 		52.448
v -25.246 		-35.248 		32.161
v -25.244 		-35.246 		32.016
v -32.257 		-32.485 		52.151
v -31.497 		-31.976 		52.44
v -25.246 		-35.248 		31.871
v -32.544 		-32.722 		52.673
v -25.192 		-44.38 		58.749
v -25.259 		-44.408 		57.682
v -26.057 		-44.692 		57.428
v -25.527 		-44.516 		58.102
v -31.083 		-36.222 		40.605
v -26.328 		-44.767 		58.328
v -26.565 		-44.822 		58.749
v -31.484 		-31.967 		51.689
v -31.453 		-37.077 		41.544
v -25.251 		-35.253 		31.733
v -25.258 		-35.26 		31.605
v -31.98 		-32.282 		52.661
v -32.096 		-32.364 		51.689
v -31.074 		-36.228 		40.733
v -27.279 		-44.933 		58.749
v -28 		-44.971 		58.749
v -28.921 		-41.441 		23.605
v -25.268 		-35.271 		31.488
v -28 		-44.945 		58.749
v -31.068 		-36.231 		40.871
v -28.437 		-44.957 		58.749
v -32.134 		-32.392 		53.186
v -31.47 		-37.072 		41.648
v -25.281 		-35.283 		31.384
v -25.296 		-35.298 		31.295
v -28.919 		-41.43 		23.733
v -26.972 		-44.893 		57.548
v -26.069 		-34.657 		24.544
v -26.061 		-34.644 		24.427
v -28 		-44.042 		57.921
v -28 		-44.042 		57.765
v -28.592 		-44.012 		57.729
v -28.592 		-44.012 		57.884
v -23.35 		-32.815 		57.341
v -26.056 		-34.635 		24.299
v -26.052 		-34.629 		24.161
v -28.489 		-44.338 		57.446
v -25.312 		-35.315 		31.222
v -24.799 		-46.198 		58.661
v -25.185 		-46.338 		58.661
v -26.105 		-45.909 		59.329
v -25.367 		-45.852 		59.18
v -28.917 		-41.424 		23.871
v -26.586 		-46.008 		58.336
v -28.916 		-41.421 		24.016
v -31.22 		-39.862 		31.122
v -27.076 		-46.08 		58.347
v -27.076 		-46.08 		59.329
v -23.33 		-32.831 		52.485
v -27.794 		-46.798 		58.661
v -29.009 		-41.767 		24.016
v -29.008 		-41.765 		23.871
v -31.195 		-39.847 		31.134
v -31.49 		-37.067 		41.737
v -26.051 		-34.627 		24.016
v -28.206 		-46.798 		58.661
v -26.052 		-34.629 		23.871
v -26.056 		-34.635 		23.733
v -26.061 		-34.644 		23.605
v -31.22 		-36.143 		40.122
v -28.216 		-46.296 		59.163
v -29.006 		-41.758 		23.733
v -29.004 		-41.748 		23.605
v -31.195 		-36.157 		40.134
v -31.513 		-37.061 		41.81
v -32.668 		-32.831 		57.882
v -31.537 		-37.054 		41.864
v -31.172 		-36.171 		40.168
v -29.779 		-44.74 		58.677
v -29.155 		-44.874 		58.749
v -29.113 		-44.881 		58.712
v -25.331 		-35.333 		31.168
v -25.35 		-35.352 		31.134
v -31.149 		-36.184 		40.222
v -31.564 		-37.047 		41.898
v -30.428 		-44.534 		58.641
v -30.545 		-44.489 		58.749
v -29.86 		-44.718 		58.749
v -25.371 		-35.373 		31.122
v -31.592 		-37.04 		41.91
v -26.069 		-34.657 		23.488
v -26.077 		-34.672 		23.384
v -29.178 		-43.925 		57.848
v -29.753 		-43.781 		57.812
v -26.088 		-34.69 		23.295
v -26.1 		-34.711 		23.222
v -30.312 		-43.582 		57.776
v -26.112 		-34.733 		23.168
v -29.178 		-43.925 		57.693
v -29.753 		-43.781 		57.657
v -25.391 		-35.393 		31.134
v -30.312 		-43.582 		57.62
v -31.62 		-37.032 		41.898
v -31.647 		-37.025 		41.864
v -28.93 		-41.472 		23.384
v -31.129 		-36.196 		40.295
v -28.925 		-41.455 		23.488
v -25.41 		-35.413 		31.168
v -31.671 		-37.018 		41.81
v -31.694 		-37.012 		41.737
v -31.172 		-39.833 		31.168
v -31.111 		-36.206 		40.384
v -29.862 		-44.203 		58.217
v -31.149 		-39.82 		31.222
v -29.526 		-44.138 		57.415
v -31.373 		-36.055 		40.871
v -31.367 		-36.058 		40.733
v -31.358 		-36.063 		40.605
v -31.714 		-37.007 		41.648
v -31.731 		-37.002 		41.544
v -31.345 		-39.934 		31.488
v -31.33 		-39.925 		31.384
v -31.345 		-36.071 		40.488
v -32.952 		-30.686 		52.05
v -32.925 		-30.551 		52.224
v -31.312 		-39.914 		31.295
v -32.792 		-30.399 		52.415
v -31.33 		-36.08 		40.384
v -31.312 		-36.09 		40.295
v -31.292 		-36.102 		40.222
v -26.126 		-34.757 		23.134
v -26.141 		-34.782 		23.122
v -32.947 		-31.42 		51.696
v -31.269 		-36.115 		40.168
v -26.226 		-34.929 		32.299
v -31.246 		-36.128 		40.134
v -32.914 		-30.826 		51.902
v -31.292 		-39.903 		31.222
v -26.155 		-34.807 		23.134
v -31.269 		-39.89 		31.168
v -31.246 		-39.876 		31.134
v -23.297 		-33.654 		76.91
v -26.22 		-34.919 		32.427
v -25.913 		-35.87 		76.91
v -25.9125 		-35.8732 		76.91
v -25.9136 		-35.8698 		76.91
v -31.419 		-37.086 		41.016
v -25.8251 		-36.5035 		76.91
v -26.2117 		-35.7791 		76.91
v -26.038 		-35.832 		76.91
v -25.825 		-36.504 		76.91
v -26.2124 		-35.7789 		76.91
v -26.4881 		-35.6952 		76.91
v -26.488 		-35.695 		76.91
v -26.4889 		-35.6963 		76.91
v -26.15 		-36.107 		76.91
v -26.1541 		-36.1037 		76.91
v -26.213 		-34.907 		32.544
v -26.546 		-35.782 		76.91
v -31.422 		-37.085 		41.161
v -25.973 		-40.242 		76.91
v -26.0245 		-40.4098 		76.91
v -25.913 		-40.044 		76.91
v -25.9128 		-40.0426 		76.91
v -26.204 		-34.891 		32.648
v -26.069 		-40.555 		76.91
v -26.264 		-40.555 		76.91
v -26.359 		-40.413 		76.91
v -26.546 		-40.133 		76.91
v -25.825 		-39.411 		76.91
v -25.8452 		-39.556 		76.91
v -26.15 		-39.807 		76.91
v -31.428 		-37.084 		41.299
v -29 		-41.734 		23.488
v -28.995 		-41.716 		23.384
v -29.736 		-35.36 		76.91
v -29.641 		-35.502 		76.91
v -29.5118 		-35.6955 		76.91
v -30.0869 		-35.8706 		76.91
v -30.027 		-35.673 		76.91
v -29.931 		-35.36 		76.91
v -26.193 		-34.873 		32.737
v -29.454 		-35.782 		76.91
v -30.087 		-35.871 		76.91
v -30.175 		-36.504 		76.91
v -29.85 		-36.107 		76.91
v -25.268 		-35.271 		24.544
v -25.258 		-35.26 		24.427
v -28.962 		-41.594 		23.122
v -31.439 		-37.081 		41.427
v -25.251 		-35.253 		24.299
v -25.246 		-35.248 		24.161
v -29.454 		-40.133 		76.91
v -29.512 		-40.219 		76.91
v -29.962 		-40.083 		76.91
v -30.087 		-40.045 		76.91
v -30.1243 		-39.7764 		76.91
v -30.175 		-39.411 		76.91
v -30.1748 		-39.4113 		76.91
v -30.1748 		-39.4113 		76.91
v -26.229 		-34.935 		31.871
v -29.85 		-39.807 		76.91
v -29.8498 		-39.8072 		76.91
v -28.955 		-41.566 		23.134
v -26.23 		-34.937 		32.016
v -26.229 		-34.935 		32.161
v -25.244 		-35.246 		24.016
v -25.246 		-35.248 		23.871
v -25.251 		-35.253 		23.733
v -24.543 		-37.957 		61.91
v -24.576 		-37.625 		61.91
v -23.297 		-33.654 		61.91
v -24.242 		-35.271 		59.91
v -25.258 		-35.26 		23.605
v -23.582 		-36.567 		59.91
v -23.861 		-35.893 		59.91
v -28.948 		-41.54 		23.168
v -23.355 		-38.002 		59.91
v -23.412 		-37.276 		59.91
v -23.412 		-38.729 		59.91
v -28.941 		-41.515 		23.222
v -23.582 		-39.437 		59.91
v -23.861 		-40.111 		59.91
v -24.242 		-40.733 		59.91
v -22.971 		-33.178 		57.764
v -23.214 		-32.937 		58.749
v -31.756 		-39.009 		31.733
v -31.745 		-39.006 		31.605
v -24.522 		-34.923 		59.551
v -24.234 		-35.282 		59.456
v -23.98 		-35.673 		59.551
v -23.715 		-36.207 		59.555
v -31.358 		-39.941 		32.427
v -23.582 		-36.567 		58.749
v -25.268 		-35.271 		23.488
v -24.242 		-35.271 		58.749
v -23.861 		-35.893 		58.749
v -25.281 		-35.283 		23.384
v -24.407 		-35.058 		59.108
v -25.296 		-35.298 		23.295
v -25.312 		-35.315 		23.222
v -31.367 		-39.946 		32.299
v -24.076 		-35.516 		59.11
v -23.412 		-37.276 		58.749
v -31.745 		-36.999 		41.427
v -23.355 		-38.002 		58.749
v -26.193 		-34.873 		31.295
v -31.756 		-36.996 		41.299
v -23.412 		-38.729 		58.749
v -23.379 		-37.527 		59.107
v -23.364 		-37.71 		59.549
v -26.204 		-34.891 		31.384
v -31.762 		-36.994 		41.161
v -23.363 		-38.274 		59.551
v -23.355 		-37.991 		59.202
v -31.765 		-36.993 		41.016
v -23.478 		-36.939 		59.104
v -31.373 		-39.95 		32.161
v -29.787 		-34.907 		40.488
v -31.375 		-39.951 		32.016
v -23.412 		-38.728 		59.455
v -31.373 		-39.95 		31.871
v -23.376 		-38.451 		59.107
v -23.505 		-39.173 		59.551
v -23.677 		-39.704 		59.551
v -29.78 		-34.919 		40.605
v -31.613 		-38.002 		41.737
v -23.867 		-40.124 		59.456
v -24.101 		-40.527 		59.551
v -26.213 		-34.907 		31.488
v -29.774 		-34.929 		40.733
v -31.636 		-38.002 		41.81
v -23.861 		-40.111 		58.749
v -23.582 		-39.437 		58.749
v -25.331 		-35.333 		23.168
v -24.242 		-40.733 		58.749
v -23.464 		-39.003 		59.107
v -23.583 		-39.441 		59.204
v -29.771 		-34.935 		40.871
v -26.22 		-34.919 		31.605
v -23.745 		-39.868 		59.108
v -24.004 		-40.37 		59.11
v -26.226 		-34.929 		31.733
v -32.211 		-43.555 		58.532
v -31.65 		-43.939 		58.568
v -32.733 		-43.117 		58.496
v -31.826 		-43.827 		58.749
v -31.662 		-38.002 		41.864
v -32.407 		-43.399 		58.749
v -24.576 		-38.2895 		61.91
v -26.169 		-34.831 		31.168
v -32.484 		-44.783 		59.329
v -26.08 		-35.083 		61.91
v -26.624 		-34.7923 		61.91
v -25.556 		-35.513 		61.91
v -28.935 		-41.492 		23.295
v -25.126 		-36.037 		61.91
v -26.182 		-34.853 		31.222
v -31.69 		-38.002 		41.898
v -26.624 		-35.7403 		61.91
v -26.546 		-35.782 		61.91
v -26.15 		-36.107 		61.91
v -25.825 		-36.504 		61.91
v -25.6327 		-36.864 		61.91
v -31.053 		-44.266 		58.604
v -31.203 		-44.191 		58.749
v -24.806 		-36.634 		61.91
v -31.719 		-38.002 		41.91
v -27.326 		-34.567 		61.91
v -28 		-34.5 		61.91
v -30.847 		-43.328 		57.584
v -26.677 		-34.764 		61.91
v -28.672 		-34.5668 		61.91
v -31.356 		-43.023 		57.703
v -31.356 		-43.023 		57.548
v -28.672 		-35.44 		61.91
v -28.511 		-35.391 		61.91
v -28 		-35.341 		61.91
v -27.489 		-35.391 		61.91
v -26.999 		-35.54 		61.91
v -30.847 		-43.328 		57.739
v -28.99 		-41.696 		23.295
v -28.984 		-41.674 		23.222
v -25.583 		-36.957 		61.91
v -25.434 		-37.447 		61.91
v -25.384 		-37.957 		61.91
v -25.434 		-38.468 		61.91
v -25.569 		-38.912 		61.91
v -31.574 		-38.002 		41.544
v -32.063 		-45.044 		58.336
v -24.61 		-37.283 		61.91
v -24.61 		-38.632 		61.91
v -24.6947 		-38.912 		61.91
v -31.592 		-38.002 		41.648
v -32.286 		-43.1 		58.231
v -25.583 		-38.958 		61.91
v -25.825 		-39.411 		61.91
v -26.15 		-39.807 		61.91
v -26.546 		-40.133 		61.91
v -26.999 		-40.374 		61.91
v -27.489 		-40.523 		61.91
v -28 		-40.573 		61.91
v -28.511 		-40.523 		61.91
v -28.672 		-40.474 		61.91
v -24.806 		-39.28 		61.91
v -31.367 		-39.946 		31.733
v -31.631 		-45.277 		59.329
v -25.126 		-39.878 		61.91
v -31.358 		-39.941 		31.605
v -25.4952 		-40.3279 		61.91
v -31.201 		-46.198 		58.661
v -26.0035 		-40.7683 		61.91
v -25.556 		-40.402 		61.91
v -30.815 		-46.338 		58.661
v -28.924 		-46.08 		59.329
v -26.3207 		-40.96 		61.91
v -26.08 		-40.831 		61.91
v -29.895 		-45.909 		59.329
v -28.674 		-34.567 		61.91
v -29.2305 		-34.7359 		61.91
v -29.323 		-34.764 		61.91
v -30.701 		-46.053 		58.968
v -30.874 		-36.037 		61.91
v -31.194 		-36.634 		61.91
v -30.3673 		-36.864 		61.91
v -30.175 		-36.504 		61.91
v -29.85 		-36.107 		61.91
v -29.454 		-35.782 		61.91
v -29.001 		-35.54 		61.91
v -30.309 		-45.737 		59.387
v -31.54 		-38.002 		41.016
v -29.92 		-35.083 		61.91
v -30.444 		-35.513 		61.91
v -24.927 		-44.253 		56.619
v -30.431 		-38.912 		61.91
v -30.566 		-38.468 		61.91
v -30.616 		-37.957 		61.91
v -30.566 		-37.447 		61.91
v -25.551 		-44.524 		56.583
v -30.417 		-36.957 		61.91
v -31.542 		-38.002 		41.161
v -25.473 		-35.475 		32.544
v -31.39 		-37.283 		61.91
v -31.457 		-37.957 		61.91
v -31.39 		-38.632 		61.91
v -31.3053 		-38.912 		61.91
v -29.001 		-40.374 		61.91
v -29.454 		-40.133 		61.91
v -29.85 		-39.807 		61.91
v -30.175 		-39.411 		61.91
v -30.417 		-38.958 		61.91
v -24.646 		-43.022 		55.816
v -25.154 		-43.326 		55.78
v -24.646 		-43.022 		55.661
v -31.194 		-39.28 		61.91
v -30.921 		-39.7902 		61.91
v -25.154 		-43.326 		55.625
v -31.453 		-38.927 		32.544
v -31.549 		-38.002 		41.299
v -26.247 		-43.781 		55.707
v -25.46 		-35.462 		32.648
v -29.92 		-40.831 		61.91
v -29.6793 		-40.96 		61.91
v -26.247 		-43.781 		55.552
v -30.874 		-39.878 		61.91
v -30.444 		-40.402 		61.91
v -25.69 		-43.58 		55.744
v -25.69 		-43.58 		55.588
v -31.56 		-38.002 		41.427
v -24.715 		-34.717 		59.91
v -25.269 		-34.244 		59.91
v -28.977 		-41.649 		23.168
v -31.47 		-38.932 		32.648
v -25.891 		-33.863 		59.91
v -25.445 		-35.447 		32.737
v -26.565 		-33.584 		59.91
v -24.917 		-34.527 		59.551
v -31.49 		-38.937 		32.737
v -25.49 		-35.493 		32.299
v -25.271 		-34.243 		59.455
v -25.653 		-33.993 		59.551
v -25.483 		-35.485 		32.427
v -28.97 		-41.622 		23.134
v -26.156 		-33.738 		59.549
v -25.947 		-44.34 		56.287
v -28 		-44.971 		56.914
v -27.538 		-44.954 		56.475
v -25.495 		-35.497 		31.871
v -26.862 		-44.876 		56.51
v -31.748 		-38.002 		41.898
v -31.775 		-38.002 		41.864
v -31.801 		-38.002 		41.81
v -25.497 		-35.499 		32.016
v -27.274 		-33.414 		59.91
v -30.527 		-35.475 		40.488
v -28 		-33.356 		59.91
v -31.428 		-38.921 		32.299
v -31.824 		-38.002 		41.737
v -28.409 		-44.661 		57.163
v -31.845 		-38.002 		41.648
v -27.655 		-33.369 		59.555
v -28.249 		-33.364 		59.551
v -28.219 		-44.965 		56.438
v -31.863 		-38.002 		41.544
v -31.439 		-38.924 		32.427
v -30.517 		-35.485 		40.605
v -25.495 		-35.497 		32.161
v -28.592 		-44.01 		55.562
v -26.822 		-43.925 		55.671
v -27.408 		-44.012 		55.635
v -31.422 		-38.919 		31.871
v -28.592 		-44.01 		55.407
v -26.565 		-33.584 		58.749
v -31.419 		-38.918 		32.016
v -31.877 		-38.002 		41.427
v -26.326 		-33.669 		59.107
v -27.408 		-44.012 		55.48
v -31.888 		-38.002 		41.299
v -31.895 		-38.002 		41.161
v -26.822 		-43.925 		55.516
v -24.715 		-34.717 		58.749
v -31.897 		-38.002 		41.016
v -30.51 		-35.493 		40.733
v -28.412 		-44.492 		56.003
v -31.422 		-38.919 		32.161
v -25.269 		-34.244 		58.749
v -27.712 		-44.338 		55.895
v -25.891 		-33.863 		58.749
v -25.05 		-34.414 		59.107
v -24.713 		-34.72 		59.204
v -30.505 		-35.497 		40.871
v -28 		-44.04 		55.598
v -28 		-44.04 		55.443
v -25.502 		-34.086 		59.107
v -31.439 		-38.924 		31.605
v -31.453 		-38.927 		31.488
v -25.901 		-33.858 		59.202
v -25.473 		-35.475 		31.488
v -25.483 		-35.485 		31.605
v -31.428 		-38.921 		31.733
v -30.555 		-35.447 		40.295
v -31.49 		-38.937 		31.295
v -30.54 		-35.462 		40.384
v -25.49 		-35.493 		31.733
v -27.274 		-33.414 		58.749
v -28 		-33.356 		58.749
v -31.47 		-38.932 		31.384
v -26.895 		-33.49 		59.104
v -31.592 		-38.965 		31.122
v -25.445 		-35.447 		31.295
v -25.346 		-44.443 		54.272
v -24.73 		-44.155 		54.308
v -24.715 		-44.148 		54.773
v -24.661 		-43.579 		55.217
v -25.334 		-44.44 		54.737
v -28.434 		-33.377 		59.11
v -25.46 		-35.462 		31.384
v -26.37 		-44.285 		55.122
v -25.977 		-44.671 		54.701
v -31.564 		-38.957 		31.134
v -26.247 		-43.78 		53.385
v -31.537 		-38.95 		31.168
v -31.592 		-38.9646 		41.91
v -25.689 		-43.58 		53.421
v -31.592 		-38.965 		41.91
v -31.592 		-38.9646 		41.91
v -24.645 		-43.023 		53.494
v -25.153 		-43.328 		53.458
v -31.428 		-37.084 		40.733
v -24.645 		-43.023 		53.339
v -25.153 		-43.328 		53.303
v -31.453 		-38.927 		41.544
v -25.689 		-43.58 		53.266
v -31.422 		-37.085 		40.871
v -31.513 		-38.943 		31.222
v -25.429 		-35.431 		31.222
v -31.47 		-38.932 		41.648
v -30.109 		-33.863 		59.91
v -25.988 		-44.672 		54.236
v -28.726 		-33.414 		59.91
v -31.731 		-37.002 		40.488
v -25.144 		-44.042 		54.029
v -29.435 		-33.584 		59.91
v -31.453 		-37.077 		40.488
v -30.731 		-34.244 		59.91
v -31.285 		-34.717 		59.91
v -28 		-44.971 		54.592
v -31.439 		-37.081 		40.605
v -31.49 		-38.937 		41.737
v -28.713 		-33.412 		59.456
v -29.931 		-41.348 		24.544
v -26.641 		-44.837 		54.665
v -29.939 		-41.36 		24.427
v -29.164 		-33.505 		59.551
v -29.696 		-33.677 		59.551
v -29.78 		-41.085 		24.427
v -27.317 		-44.937 		54.628
v -31.513 		-38.943 		41.81
v -30.111 		-33.864 		59.455
v -30.506 		-34.091 		59.551
v -26.822 		-43.924 		53.349
v -31.537 		-38.95 		41.864
v -28 		-44.042 		53.276
v -27.408 		-44.012 		53.313
v -31.47 		-37.072 		40.384
v -30.109 		-33.863 		58.749
v -28.726 		-33.414 		58.749
v -29.787 		-41.098 		24.544
v -29.435 		-33.584 		58.749
v -26.647 		-44.836 		54.2
v -28 		-44.971 		54.128
v -31.564 		-38.957 		41.898
v -28.992 		-33.464 		59.108
v -31.714 		-37.007 		40.384
v -27.32 		-44.937 		54.164
v -31.694 		-37.012 		40.295
v -29.858 		-33.744 		59.107
v -31.592 		-38.9646 		41.91
v -29.432 		-33.583 		59.204
v -29.944 		-41.37 		24.299
v -29.948 		-41.375 		24.161
v -31.671 		-37.018 		40.222
v -29.771 		-41.07 		24.161
v -30.356 		-33.999 		59.107
v -24.688 		-36.09 		32.737
v -31.513 		-37.061 		40.222
v -24.67 		-36.08 		32.648
v -26.247 		-43.78 		53.23
v -24.655 		-36.071 		32.544
v -31.62 		-38.972 		41.898
v -31.647 		-38.979 		41.864
v -31.49 		-37.067 		40.295
v -29.774 		-41.076 		24.299
v -25.879 		-44.312 		52.673
v -24.715 		-44.148 		52.451
v -25.334 		-44.44 		52.415
v -30.963 		-34.424 		59.549
v -24.959 		-44.272 		52.06
v -31.671 		-38.986 		41.81
v -31.694 		-38.992 		41.737
v -24.642 		-36.063 		32.427
v -25.532 		-44.519 		52.04
v -30.731 		-34.244 		58.749
v -31.285 		-34.717 		58.749
v -25.166 		-44.368 		51.689
v -24.633 		-36.058 		32.299
v -30.74 		-34.251 		59.202
v -31.647 		-37.025 		40.168
v -31.102 		-34.544 		59.107
v -31.62 		-37.032 		40.134
v -29.949 		-41.377 		24.016
v -29.948 		-41.375 		23.871
v -25.977 		-44.671 		52.379
v -31.592 		-37.04 		40.122
v -29.771 		-41.07 		23.871
v -31.564 		-37.047 		40.134
v -24.627 		-36.055 		32.161
v -24.625 		-36.053 		32.016
v -24.627 		-36.055 		31.871
v -29.77 		-41.068 		24.016
v -31.537 		-37.054 		40.168
v -26.822 		-43.924 		53.194
v -27.408 		-44.012 		53.157
v -31.714 		-38.997 		41.648
v -31.731 		-39.002 		41.544
v -29.944 		-41.37 		23.733
v -26.641 		-44.837 		52.342
v -24.633 		-36.058 		31.733
v -29.939 		-41.36 		23.605
v -24.642 		-36.063 		31.605
v -28 		-44.971 		51.689
v -28 		-44.971 		52.27
v -31.758 		-35.271 		59.91
v -24.655 		-36.071 		31.488
v -29.78 		-41.085 		23.605
v -31.758 		-35.271 		58.749
v -24.67 		-36.08 		31.384
v -31.519 		-34.969 		59.104
v -27.317 		-44.937 		52.306
v -29.774 		-41.076 		23.733
v -24.688 		-36.09 		31.295
v -32.418 		-36.567 		59.91
v -32.139 		-35.893 		59.91
v -26.105 		-45.909 		55.069
v -26.588 		-46.009 		56.664
v -27.076 		-46.08 		56.872
v -32.418 		-36.567 		58.749
v -32.139 		-35.893 		58.749
v -27.076 		-46.08 		53.431
v -32.247 		-36.12 		59.551
v -24.708 		-36.102 		31.222
v -32.318 		-36.29 		59.11
v -24.731 		-36.115 		31.168
v -32.495 		-36.827 		59.108
v -24.754 		-36.128 		31.134
v -26.105 		-45.909 		53.431
v -32.414 		-36.555 		59.456
v -25.492 		-45.826 		51.693
v -24.78 		-36.143 		31.122
v -25.28 		-46.047 		51.768
v -25.098 		-45.653 		51.693
v -25.35 		-35.352 		23.134
v -25.371 		-35.373 		23.122
v -24.835 		-45.929 		51.791
v -31.971 		-35.592 		59.555
v -25.391 		-35.393 		23.134
v -29.845 		-41.198 		23.134
v -25.41 		-35.413 		23.168
v -29.831 		-41.174 		23.168
v -25.376 		-46.541 		52.227
v -25.38 		-46.614 		52.56
v -25.12 		-46.525 		52.469
v -32.645 		-38.002 		59.91
v -32.588 		-37.276 		59.91
v -29.818 		-41.151 		23.222
v -25.185 		-46.338 		52.763
v -26.112 		-34.733 		24.864
v -26.1 		-34.711 		24.81
v -26.088 		-34.69 		24.737
v -32.588 		-38.729 		59.91
v -32.535 		-36.999 		59.551
v -24.799 		-46.198 		52.763
v -26.077 		-34.672 		24.648
v -32.623 		-37.55 		59.551
v -24.696 		-46.375 		52.56
v -32.645 		-38.004 		59.455
v -32.623 		-38.46 		59.551
v -25.072 		-46.189 		51.902
v -24.866 		-46.346 		52.179
v -29.807 		-41.131 		23.295
v -29.796 		-41.113 		23.384
v -26.488 		-46.043 		51.693
v -26.014 		-45.974 		51.693
v -32.533 		-39.018 		59.549
v -31.762 		-36.994 		40.871
v -31.756 		-36.996 		40.733
v -24.905 		-36.215 		32.544
v -31.419 		-38.918 		41.016
v -31.745 		-36.999 		40.605
v -29.787 		-41.098 		23.488
v -31.758 		-40.733 		59.91
v -32.139 		-40.111 		59.91
v -24.889 		-36.206 		32.648
v -31.422 		-38.919 		41.161
v -26.621 		-46.824 		52.224
v -26.511 		-46.856 		52.363
v -31.428 		-38.921 		41.299
v -26.606 		-46.89 		52.467
v -31.605 		-40.932 		59.551
v -26.081 		-46.797 		52.56
v -25.89 		-46.702 		52.272
v -24.871 		-36.196 		32.737
v -31.95 		-40.446 		59.555
v -25.677 		-46.693 		52.467
v -32.418 		-39.437 		59.91
v -26.229 		-34.935 		24.161
v -26.511 		-46.568 		51.902
v -24.926 		-36.228 		32.299
v -26.473 		-46.396 		51.791
v -25.794 		-46.557 		52.05
v -25.783 		-46.413 		51.902
v -32.588 		-37.276 		58.749
v -26.226 		-34.929 		24.299
v -26.126 		-34.757 		24.898
v -25.704 		-46.084 		51.733
v -24.917 		-36.222 		32.427
v -32.645 		-38.002 		58.749
v -31.574 		-38.002 		40.488
v -32.588 		-38.729 		58.749
v -29.931 		-41.348 		23.488
v -29.923 		-41.332 		23.384
v -25.763 		-46.238 		51.791
v -32.637 		-37.725 		59.107
v -32.588 		-37.273 		59.203
v -26.333 		-46.758 		52.179
v -31.439 		-38.924 		41.427
v -29.912 		-41.314 		23.295
v -32.637 		-38.284 		59.107
v -31.56 		-38.002 		40.605
v -29.9 		-41.294 		23.222
v -29.888 		-41.272 		23.168
v -32.586 		-38.741 		59.202
v -26.795 		-46.922 		52.56
v -27.371 		-46.912 		52.225
v -29.874 		-41.248 		23.134
v -27.504 		-46.967 		52.363
v -27.647 		-46.989 		52.448
v -27.517 		-46.99 		52.56
v -29.8593 		-41.2228 		23.122
v -24.932 		-36.231 		31.871
v -27.285 		-46.808 		52.05
v -32.489 		-39.197 		59.107
v -27.249 		-46.667 		51.901
v -27.221 		-46.544 		51.813
v -27.475 		-46.25 		51.701
v -31.549 		-38.002 		40.733
v -32.139 		-40.111 		58.749
v -31.758 		-40.733 		58.749
v -24.934 		-36.232 		32.016
v -31.542 		-38.002 		40.871
v -32.3 		-39.761 		59.104
v -24.932 		-36.231 		32.161
v -27.921 		-46.953 		52.27
v -27.794 		-46.798 		52.763
v -32.418 		-39.437 		58.749
v -28.241 		-47 		52.56
v -26.155 		-34.807 		24.898
v -31.719 		-38.002 		40.122
v -24.905 		-36.215 		31.488
v -28.206 		-46.798 		52.763
v -24.917 		-36.222 		31.605
v -26.141 		-34.782 		24.91
v -26.22 		-34.919 		24.427
v -28.296 		-46.832 		52.05
v -32.989 		-33.137 		58.749
v -28.239 		-46.697 		51.902
v -24.926 		-36.228 		31.733
v -26.213 		-34.907 		24.544
v -27.745 		-46.696 		51.902
v -31.69 		-38.002 		40.134
v -28.084 		-46.405 		51.733
v -31.662 		-38.002 		40.168
v -24.871 		-36.196 		31.295
v -28 		-41.414 		61.91
v -27.326 		-41.348 		61.91
v -27.866 		-46.236 		51.696
v -26.069 		-41.348 		24.544
v -26.061 		-41.36 		24.427
v -26.22 		-34.919 		23.605
v -24.715 		-41.287 		59.91
v -25.269 		-41.761 		59.91
v -25.891 		-42.141 		59.91
v -26.565 		-42.421 		59.91
v -26.056 		-41.37 		24.299
v -27.274 		-42.59 		59.91
v -26.052 		-41.375 		24.161
v -28.345 		-46.211 		51.693
v -26.226 		-34.929 		23.733
v -28 		-42.648 		59.91
v -24.889 		-36.206 		31.384
v -28.363 		-46.908 		52.179
v -29.435 		-42.421 		59.91
v -28.726 		-42.59 		59.91
v -30.109 		-42.141 		59.91
v -30.731 		-41.761 		59.91
v -24.805 		-36.157 		31.134
v -30.222 		-44.606 		56.33
v -29.567 		-44.79 		56.366
v -31.636 		-38.002 		40.222
v -29.052 		-44.487 		57.218
v -26.051 		-41.377 		24.016
v -28.683 		-44.937 		56.878
v -26.564 		-42.421 		59.455
v -26.138 		-42.258 		59.551
v -26.052 		-41.375 		23.871
v -25.636 		-42.001 		59.549
v -26.056 		-41.37 		23.733
v -26.061 		-41.36 		23.605
v -30.023 		-44.671 		56.805
v -28.897 		-44.91 		56.402
v -26.229 		-34.935 		23.871
v -24.715 		-41.287 		58.749
v -25.269 		-41.761 		58.749
v -26.565 		-42.421 		58.749
v -25.312 		-35.315 		24.81
v -24.828 		-36.171 		31.168
v -30.666 		-44.44 		56.769
v -25.891 		-42.141 		58.749
v -29.359 		-44.837 		56.842
v -26.23 		-34.937 		24.016
v -24.851 		-36.184 		31.222
v -25 		-41.549 		59.104
v -30.311 		-43.582 		55.453
v -25.882 		-42.137 		59.202
v -26.301 		-42.326 		59.107
v -29.753 		-43.781 		55.49
v -25.478 		-41.904 		59.107
v -29.293 		-44.274 		55.859
v -26.069 		-41.348 		23.488
v -26.077 		-41.332 		23.384
v -25.296 		-35.298 		24.737
v -25.281 		-35.283 		24.648
v -29.178 		-43.923 		55.526
v -26.088 		-41.314 		23.295
v -27.274 		-42.59 		58.749
v -28 		-42.648 		58.749
v -30.311 		-43.582 		55.298
v -26.1 		-41.294 		23.222
v -26.112 		-41.272 		23.168
v -29.178 		-43.923 		55.371
v -29.753 		-43.781 		55.334
v -26.833 		-42.499 		59.107
v -27.732 		-42.64 		59.108
v -27.278 		-42.592 		59.204
v -27.556 		-42.627 		59.551
v -31.613 		-38.002 		40.295
v -27.003 		-42.54 		59.551
v -31.871 		-43.797 		56.696
v -31.285 		-44.148 		56.733
v -32.052 		-43.293 		56.952
v -32.421 		-43.389 		56.66
v -26.126 		-41.248 		23.134
v -28.015 		-42.648 		59.456
v -28.481 		-42.623 		59.551
v -32.064 		-45.043 		56.664
v -28.298 		-42.639 		59.11
v -32.484 		-44.783 		55.397
v -30.846 		-43.328 		55.417
v -31.354 		-43.022 		55.381
v -25.331 		-35.333 		24.864
v -30.854 		-44.358 		56.294
v -31.46 		-44.049 		56.257
v -32.568 		-43.261 		56.186
v -32.033 		-43.682 		56.221
v -31.745 		-39.006 		41.427
v -31.756 		-39.009 		41.299
v -30.109 		-42.141 		58.749
v -29.435 		-42.421 		58.749
v -28.726 		-42.59 		58.749
v -31.762 		-39.01 		41.161
v -31.765 		-39.011 		41.016
v -29.8 		-42.285 		59.104
v -25.35 		-35.352 		24.898
v -29.069 		-42.523 		59.555
v -30.338 		-44.242 		54.739
v -31.592 		-38.002 		40.384
v -30.023 		-44.671 		54.483
v -28.683 		-44.937 		54.556
v -30.334 		-42.019 		59.108
v -29.359 		-44.837 		54.519
v -29.356 		-44.838 		54.006
v -30.448 		-44.523 		53.717
v -28.849 		-44.919 		54.325
v -26.169 		-34.831 		23.168
v -30.203 		-44.614 		54.164
v -25.41 		-35.413 		24.864
v -30.666 		-44.44 		54.447
v -25.391 		-35.393 		24.898
v -26.182 		-34.853 		23.222
v -27.083 		-41.424 		24.161
v -26.193 		-34.873 		23.295
v -31.354 		-43.022 		55.225
v -27.081 		-41.43 		24.299
v -31.826 		-43.243 		54.796
v -25.371 		-35.373 		24.91
v -31.871 		-43.797 		54.374
v -32.421 		-43.389 		54.338
v -31.285 		-44.148 		54.41
v -26.204 		-34.891 		23.384
v -30.846 		-43.328 		55.262
v -30.491 		-41.923 		59.549
v -27.005 		-34.288 		32.648
v -27 		-34.271 		32.544
v -26.996 		-34.257 		32.427
v -32.484 		-44.783 		53.431
v -26.994 		-34.246 		32.299
v -26.213 		-34.907 		23.488
v -32.688 		-43.157 		53.717
v -30.731 		-41.761 		58.749
v -30.555 		-40.557 		41.737
v -31.476 		-44.042 		53.276
v -32.095 		-43.64 		53.352
v -30.725 		-41.764 		59.202
v -27.079 		-41.441 		24.427
v -27.075 		-41.455 		24.544
v -31.075 		-44.255 		53.472
v -27.01 		-34.308 		32.737
v -31.832 		-42.671 		57.667
v -28.695 		-44.042 		53.121
v -27.075 		-34.55 		32.544
v -30.571 		-40.574 		41.81
v -32.271 		-42.273 		57.63
v -28.681 		-44.933 		52.303
v -32.677 		-42.286 		57.893
v -28.729 		-44.933 		51.689
v -27 		-41.734 		24.544
v -26.996 		-41.748 		24.427
v -27.07 		-34.532 		32.648
v -31.832 		-42.671 		57.511
v -32.271 		-42.273 		57.475
v -27.065 		-34.512 		32.737
v -26.994 		-41.758 		24.299
v -26.992 		-41.765 		24.161
v -25.495 		-35.497 		24.161
v -32.943 		-42.914 		58.749
v -30.59 		-40.592 		41.864
v -26.677 		-41.151 		61.91
v -27.081 		-34.574 		32.299
v -24.456 		-41.005 		59.555
v -25.49 		-35.493 		24.299
v -27.079 		-34.564 		32.427
v -28.674 		-41.348 		61.91
v -31.895 		-38.002 		40.871
v -31.285 		-41.287 		59.91
v -30.65 		-40.652 		41.898
v -30.669 		-40.672 		41.864
v -30.688 		-40.69 		41.81
v -30.95 		-41.591 		59.55
v -29.356 		-44.838 		52.392
v -31.888 		-38.002 		40.733
v -31.877 		-38.002 		40.605
v -30.235 		-44.603 		52.607
v -31.293 		-41.279 		59.456
v -25.483 		-35.485 		24.427
v -31.285 		-41.287 		58.749
v -31.086 		-41.475 		59.108
v -30.609 		-40.611 		41.898
v -25.473 		-35.475 		24.544
v -32.667 		-41.832 		57.595
v -30.629 		-40.632 		41.91
v -32.096 		-43.64 		51.689
v -32.663 		-43.181 		51.689
v -32.541 		-43.287 		52.842
v -32.667 		-41.832 		57.439
v -31.863 		-38.002 		40.488
v -33.019 		-41.356 		57.558
v -33.019 		-41.356 		57.402
v -25.483 		-35.485 		23.605
v -26.992 		-34.24 		32.161
v -26.991 		-34.238 		32.016
v -30.527 		-40.53 		41.544
v -31.484 		-44.037 		51.689
v -29.323 		-41.151 		61.91
v -26.992 		-34.24 		31.871
v -31.476 		-44.042 		53.121
v -27.083 		-34.581 		31.871
v -31.845 		-38.002 		40.384
v -31.824 		-38.002 		40.295
v -30.54 		-40.542 		41.648
v -25.49 		-35.493 		23.733
v -31.801 		-38.002 		40.222
v -30.868 		-44.349 		52.839
v -27.084 		-34.583 		32.016
v -31.486 		-41.072 		59.11
v -31.775 		-38.002 		40.168
v -31.748 		-38.002 		40.134
v -31.138 		-44.224 		52.259
v -27.083 		-34.581 		32.161
v -23.732 		-33.733 		56.469
v -25.495 		-35.497 		23.871
v -24.17 		-33.334 		56.506
v -24.17 		-33.334 		56.35
v -26.204 		-34.891 		24.648
v -27.079 		-41.441 		23.605
v -25.497 		-35.499 		24.016
v -27.081 		-41.43 		23.733
v -23.274 		-33.547 		56.879
v -26.193 		-34.873 		24.737
v -23.334 		-34.173 		56.433
v -22.98 		-34.648 		56.397
v -31.631 		-45.277 		56.38
v -31.631 		-45.277 		53.431
v -23.732 		-33.733 		56.314
v -26.994 		-34.246 		31.733
v -26.182 		-34.853 		24.81
v -26.996 		-34.257 		31.605
v -27 		-34.271 		31.488
v -27.083 		-41.424 		23.871
v -27.005 		-34.288 		31.384
v -27.084 		-41.421 		24.016
v -23.63 		-33.188 		55.906
v -23.073 		-33.075 		55.463
v -30.704 		-40.706 		41.737
v -26.169 		-34.831 		24.864
v -30.719 		-40.721 		41.648
v -28.924 		-46.08 		54.086
v -23.334 		-34.173 		56.278
v -22.98 		-34.648 		56.241
v -23.054 		-33.931 		55.939
v -26.991 		-41.767 		24.016
v -26.992 		-41.765 		23.871
v -26.994 		-41.758 		23.733
v -26.996 		-41.748 		23.605
v -25.46 		-35.462 		23.384
v -23.454 		-33.295 		54.617
v -23.015 		-33.133 		54.994
v -25.473 		-35.475 		23.488
v -27.079 		-34.564 		31.605
v -27.075 		-34.55 		31.488
v -24.169 		-33.335 		54.028
v -23.677 		-33.161 		53.598
v -23.326 		-33.743 		53.713
v -29.895 		-45.909 		53.431
v -25.429 		-35.431 		23.222
v -27.081 		-34.574 		31.733
v -23.73 		-33.732 		53.992
v -30.517 		-40.519 		41.427
v -25.46 		-35.462 		24.648
v -23.73 		-33.732 		54.147
v -25.445 		-35.447 		23.295
v -24.169 		-33.335 		54.183
v -22.98 		-34.648 		53.919
v -23.333 		-34.171 		53.955
v -25.445 		-35.447 		24.737
v -23.333 		-34.171 		54.111
v -22.98 		-34.648 		54.074
v -27.01 		-34.308 		31.295
v -25.429 		-35.431 		24.81
v -27.07 		-41.472 		23.384
v -27.065 		-34.512 		31.295
v -27.075 		-41.455 		23.488
v -29.249 		-46.036 		53.431
v -28.924 		-46.08 		53.431
v -22.955 		-33.196 		52.129
v -27.07 		-34.532 		31.384
v -29.682 		-46.845 		52.56
v -22.988 		-33.161 		52.679
v -30.732 		-40.734 		41.544
v -23.073 		-33.075 		53.14
v -27.016 		-34.331 		31.222
v -27.023 		-34.356 		31.168
v -29.571 		-46.842 		52.363
v -24.645 		-32.981 		56.542
v -24.645 		-32.981 		56.387
v -27.03 		-34.382 		31.134
v -29.163 		-46.914 		52.419
v -24.688 		-36.09 		24.737
v -24.67 		-36.08 		24.648
v -27 		-41.734 		23.488
v -27.005 		-41.716 		23.384
v -24.655 		-36.071 		24.544
v -24.646 		-32.982 		54.22
v -24.642 		-36.063 		24.427
v -30.742 		-40.744 		41.427
v -30.749 		-40.752 		41.299
v -24.646 		-32.982 		54.064
v -30.754 		-40.756 		41.161
v -30.756 		-40.758 		41.016
v -24.633 		-36.058 		24.299
v -24.627 		-36.055 		24.161
v -27.038 		-41.594 		23.122
v -24.625 		-36.053 		24.016
v -24.627 		-36.055 		23.871
v -27.045 		-41.566 		23.134
v -24.754 		-36.128 		24.898
v -24.731 		-36.115 		24.864
v -24.633 		-36.058 		23.733
v -24.642 		-36.063 		23.605
v -28.91 		-46.889 		52.227
v -24.78 		-36.143 		24.91
v -28.683 		-46.972 		52.469
v -27.038 		-34.41 		31.122
v -28.965 		-46.952 		52.56
v -24.655 		-36.071 		23.488
v -24.67 		-36.08 		23.384
v -24.708 		-36.102 		24.81
v -24.688 		-36.09 		23.295
v -29.383 		-46.433 		51.799
v -27.045 		-34.438 		31.134
v -30.503 		-40.505 		41.016
v -32.666 		-34.173 		56.931
v -32.268 		-33.733 		56.895
v -31.355 		-32.981 		56.822
v -31.83 		-33.334 		56.858
v -27.052 		-34.465 		31.168
v -27.052 		-41.54 		23.168
v -30.505 		-40.507 		41.161
v -32.666 		-34.173 		57.086
v -32.268 		-33.733 		57.05
v -27.059 		-41.515 		23.222
v -29.228 		-46.614 		51.903
v -30.51 		-40.512 		41.299
v -29.296 		-46.742 		52.051
v -31.83 		-33.334 		57.014
v -24.828 		-36.171 		24.864
v -28.733 		-46.67 		51.903
v -31.355 		-32.981 		56.977
v -31.129 		-39.809 		41.737
v -31.428 		-38.921 		40.733
v -30.571 		-45.805 		51.693
v -24.805 		-36.157 		24.898
v -31.353 		-32.982 		54.655
v -32.668 		-34.172 		54.764
v -31.83 		-33.336 		54.691
v -32.269 		-33.733 		54.728
v -31.149 		-39.82 		41.81
v -31.422 		-38.919 		40.871
v -29.734 		-46.035 		51.693
v -30.136 		-45.955 		51.696
v -27.059 		-34.49 		31.222
v -31.353 		-32.982 		54.499
v -30.286 		-46.536 		52.051
v -30.198 		-46.42 		51.903
v -24.708 		-36.102 		23.222
v -30.561 		-46.146 		51.791
v -24.731 		-36.115 		23.168
v -31.83 		-33.336 		54.536
v -24.754 		-36.128 		23.134
v -30.087 		-46.281 		51.792
v -29.753 		-46.597 		51.973
v -29.96 		-46.737 		52.271
v -24.78 		-36.143 		23.122
v -31.731 		-39.002 		40.488
v -32.269 		-33.733 		54.573
v -31.172 		-39.833 		41.864
v -27.065 		-41.492 		23.295
v -32.668 		-34.172 		54.608
v -30.192 		-46.727 		52.467
v -31.453 		-38.927 		40.488
v -27.01 		-41.696 		23.295
v -31.195 		-39.847 		41.898
v -27.016 		-41.674 		23.222
v -31.439 		-38.924 		40.605
v -32.159 		-33.208 		54.262
v -29.883 		-46.379 		52.975
v -31.22 		-39.862 		41.91
v -31.095 		-39.789 		41.544
v -31.546 		-45.86 		51.842
v -27.023 		-41.649 		23.168
v -31.716 		-45.489 		51.721
v -31.385 		-45.743 		51.751
v -27.03 		-41.622 		23.134
v -31.111 		-39.798 		41.648
v -31.066 		-39.772 		41.016
v -31.47 		-38.932 		40.384
v -30.827 		-45.865 		51.72
v -31.068 		-39.773 		41.161
v -24.889 		-36.206 		24.648
v -24.871 		-36.196 		24.737
v -31.714 		-38.997 		40.384
v -31.694 		-38.992 		40.295
v -31.074 		-39.777 		41.299
v -31.504 		-45.396 		51.693
v -31.671 		-38.986 		40.222
v -31.083 		-39.782 		41.427
v -24.851 		-36.184 		24.81
v -31.513 		-38.943 		40.222
v -28 		-34.178 		32.737
v -28 		-34.157 		32.648
v -24.917 		-36.222 		24.427
v -30.892 		-46.454 		52.225
v -28 		-34.139 		32.544
v -31.594 		-46.249 		52.467
v -31.042 		-46.449 		52.363
v -24.905 		-36.215 		24.544
v -28 		-34.125 		32.427
v -28 		-34.114 		32.299
v -31.246 		-39.876 		41.898
v -31.269 		-39.89 		41.864
v -31.292 		-39.903 		41.81
v -24.932 		-36.231 		24.161
v -31.49 		-38.937 		40.295
v -31.201 		-46.198 		52.763
v -30.733 		-46.571 		52.56
v -31.312 		-39.914 		41.737
v -30.815 		-46.338 		52.763
v -24.926 		-36.228 		24.299
v -28 		-34.453 		32.299
v -31.238 		-46.222 		52.051
v -31.146 		-46.113 		51.903
v -30.767 		-46.393 		52.051
v -24.932 		-36.231 		23.871
v -32.277 		-45.844 		52.225
v -32.527 		-45.773 		52.449
v -32.761 		-45.582 		52.271
v -31.33 		-39.925 		41.648
v -31.647 		-38.979 		40.168
v -31.345 		-39.934 		41.544
v -27.005 		-34.288 		24.648
v -31.62 		-38.972 		40.134
v -31.592 		-38.965 		40.122
v -24.934 		-36.232 		24.016
v -24.917 		-36.222 		23.605
v -31.564 		-38.957 		40.134
v -33.02 		-34.648 		56.967
v -32.84 		-33.68 		56.501
v -24.926 		-36.228 		23.733
v -28 		-41.562 		24.427
v -31.537 		-38.95 		40.168
v -33.02 		-34.648 		57.123
v -32.395 		-45.857 		52.56
v -27.03 		-34.382 		24.898
v -31.873 		-46.072 		52.271
v -31.964 		-46.059 		52.369
v -27.023 		-34.356 		24.864
v -32.828 		-32.981 		55.572
v -32.927 		-33.075 		56.043
v -27.052 		-34.465 		24.864
v -32.222 		-45.435 		53.012
v -33.021 		-34.647 		54.8
v -32.595 		-45.548 		52.05
v -33.021 		-34.647 		54.645
v -32.528 		-45.208 		51.78
v -32.387 		-45.374 		51.813
v -32.484 		-45.456 		51.902
v -32.051 		-45.699 		51.902
v -31.929 		-45.911 		52.051
v -27.045 		-34.438 		24.898
v -28 		-41.577 		24.544
v -27.038 		-34.41 		24.91
v -24.805 		-36.157 		23.134
v -32.927 		-33.075 		53.721
v -31.793 		-46.068 		52.179
v -32.808 		-32.958 		53.201
v -32.135 		-45.263 		51.72
v -32.269 		-42.271 		55.309
v -28 		-41.544 		24.161
v -24.828 		-36.171 		23.168
v -31.83 		-42.669 		55.344
v -27.016 		-34.331 		24.81
v -27.01 		-34.308 		24.737
v -27.07 		-34.532 		24.648
v -32.668 		-41.832 		55.272
v -32.269 		-42.271 		55.153
v -32.668 		-41.832 		55.117
v -28 		-34.442 		32.427
v -31.83 		-42.669 		55.189
v -31.749 		-46.185 		52.56
v -27.065 		-34.512 		24.737
v -28 		-34.428 		32.544
v -27.059 		-34.49 		24.81
v -32.927 		-42.93 		56.624
v -32.838 		-44.215 		59.581
v -28 		-41.551 		24.299
v -24.851 		-36.184 		23.222
v -28 		-34.41 		32.648
v -33.021 		-41.357 		55.235
v -33.021 		-41.357 		55.08
v -32.82 		-42.365 		54.709
v -32.927 		-42.93 		54.302
v -24.871 		-36.196 		23.295
v -28 		-41.544 		23.871
v -32.818 		-44.759 		51.709
v -23.221 		-42.645 		56.467
v -28 		-34.389 		32.737
v -24.889 		-36.206 		23.384
v -22.981 		-41.357 		55.961
v -28 		-41.542 		24.016
v -23.333 		-41.833 		55.925
v -22.981 		-41.357 		55.806
v -23.333 		-41.833 		55.769
v -33.013 		-45.478 		52.56
v -24.905 		-36.215 		23.488
v -23.73 		-42.272 		55.889
v -27.482 		-37.611 		0
v -27.56 		-37.517 		0
v -24.169 		-42.67 		55.853
v -27.389 		-37.836 		0
v -27.425 		-37.719 		0
v -23.73 		-42.272 		55.734
v -24.169 		-42.67 		55.697
v -27.588 		-36.963 		0
v -27.402 		-37.063 		0
v -27.239 		-37.196 		0
v -27.105 		-37.359 		0
v -27.006 		-37.545 		0
v -26.944 		-37.747 		0
v -31.358 		-39.941 		41.427
v -28 		-34.255 		24.898
v -28 		-34.227 		24.864
v -27.762 		-37.382 		0
v -27.878 		-37.347 		0
v -27.654 		-37.439 		0
v -23.389 		-42.366 		55.46
v -28.122 		-37.347 		0
v -28.575 		-37.719 		0
v -28.611 		-37.836 		0
v -28.518 		-37.611 		0
v -28 		-34.201 		24.81
v -28.44 		-37.517 		0
v -31.367 		-39.946 		41.299
v -28.238 		-37.382 		0
v -28.346 		-37.439 		0
v -31.373 		-39.95 		41.161
v -28.598 		-37.063 		0
v -28 		-34.178 		24.737
v -28.412 		-36.963 		0
v -27.79 		-36.901 		0
v -28 		-34.157 		24.648
v -23.073 		-42.93 		54.882
v -28.21 		-36.901 		0
v -23.094 		-42.947 		54.416
v -27.56 		-38.397 		0
v -27.482 		-38.304 		0
v -31.375 		-39.951 		41.016
v -27.377 		-37.957 		0
v -27.425 		-38.196 		0
v -27.389 		-38.079 		0
v -23.194 		-42.379 		54.009
v -22.98 		-41.356 		53.639
v -23.334 		-41.832 		53.603
v -27.006 		-38.37 		0
v -27.105 		-38.555 		0
v -27.239 		-38.718 		0
v -27.402 		-38.852 		0
v -28 		-34.284 		24.91
v -26.924 		-37.957 		0
v -26.944 		-38.167 		0
v -28.575 		-38.196 		0
v -28.518 		-38.304 		0
v -28.122 		-38.568 		0
v -27.878 		-38.568 		0
v -28.346 		-38.475 		0
v -28.238 		-38.533 		0
v -28.44 		-38.397 		0
v -22.98 		-41.356 		53.484
v -23.334 		-41.832 		53.448
v -28.611 		-38.079 		0
v -28.623 		-37.957 		0
v -23.732 		-42.271 		53.567
v -27.654 		-38.475 		0
v -27.762 		-38.533 		0
v -24.17 		-42.67 		53.53
v -28.598 		-38.852 		0
v -27.588 		-38.952 		0
v -27.79 		-39.013 		0
v -28.21 		-39.013 		0
v -28.412 		-38.952 		0
v -23.732 		-42.271 		53.411
v -29.056 		-37.747 		0
v -28.994 		-37.545 		0
v -28.895 		-37.359 		0
v -28.761 		-37.196 		0
v -28 		-34.107 		32.161
v -28 		-41.865 		41.544
v -24.17 		-42.67 		53.375
v -28 		-34.105 		32.016
v -28.761 		-38.718 		0
v -28 		-34.107 		31.871
v -28 		-34.41 		24.648
v -28.895 		-38.555 		0
v -28.994 		-38.37 		0
v -29.056 		-38.167 		0
v -29.076 		-37.957 		0
v -22.299 		-32.757 		51.689
v -22.254 		-33.302 		51.689
v -21.756 		-33.391 		51.689
v -28 		-41.88 		41.427
v -28 		-41.891 		41.299
v -21.966 		-34.518 		51.689
v -22.363 		-33.906 		51.689
v -23.928 		-42.95 		53.036
v -23.073 		-42.93 		52.56
v -22.822 		-33.339 		51.689
v -28 		-41.897 		41.161
v -28 		-41.9 		41.016
v -21.634 		-40.837 		51.689
v -22.381 		-34.764 		61.91
v -21.69 		-36.038 		61.91
v -21.252 		-37.446 		61.91
v -21.139 		-38.191 		61.91
v -21.1 		-38.957 		61.91
v -21.139 		-39.724 		61.91
v -21.252 		-40.469 		61.91
v -21.69 		-41.876 		61.91
v -24.408 		-38.965 		41.91
v -24.4081 		-38.9652 		41.91
v -24.4081 		-38.9652 		41.91
v -21.252 		-40.469 		76.91
v -21.139 		-39.724 		76.91
v -21.1 		-38.957 		76.91
v -21.139 		-38.191 		76.91
v -21.252 		-37.446 		76.91
v -21.69 		-36.038 		76.91
v -22.381 		-34.764 		76.91
v -28 		-34.389 		24.737
v -21.69 		-41.876 		76.91
v -22.473 		-32.861 		59.91
v -21.233 		-34.656 		59.91
v -21.587 		-34.019 		59.91
v -22.002 		-33.418 		59.91
v -20.941 		-35.326 		59.91
v -20.559 		-36.732 		59.91
v -20.716 		-36.019 		59.91
v -20.471 		-37.455 		59.91
v -20.454 		-38.184 		59.91
v -28 		-34.366 		24.81
v -27 		-34.271 		24.544
v -20.506 		-38.912 		59.91
v -26.996 		-34.257 		24.427
v -20.821 		-40.335 		59.91
v -20.629 		-39.631 		59.91
v -21.787 		-42.29 		59.91
v -21.402 		-41.671 		59.91
v -21.079 		-41.017 		59.91
v -26.994 		-34.246 		24.299
v -22.504 		-31.132 		58.661
v -22.189 		-31.396 		58.661
v -22.101 		-32.408 		59.329
v -28.925 		-41.455 		41.544
v -31.762 		-39.01 		40.871
v -31.756 		-39.009 		40.733
v -26.992 		-34.24 		24.161
v -28 		-34.34 		24.864
v -31.745 		-39.006 		40.605
v -24.306 		-37.012 		41.737
v -24.286 		-37.007 		41.648
v -22.745 		-31.977 		59.46
v -24.269 		-37.002 		41.544
v -28 		-34.313 		24.898
v -27.083 		-34.581 		24.161
v -22.101 		-32.408 		57.2
v -28.93 		-41.472 		41.648
v -22.101 		-32.408 		53.431
v -28 		-34.46 		31.871
v -22.015 		-31.345 		52.272
v -27.081 		-34.574 		24.299
v -22.402 		-30.954 		52.56
v -21.676 		-31.694 		52.224
v -22.504 		-31.132 		52.763
v -22.189 		-31.396 		52.763
v -21.853 		-31.427 		52.56
v -27.079 		-34.564 		24.427
v -28 		-34.462 		32.016
v -21.915 		-31.4 		52.363
v -28 		-34.46 		32.161
v -24.38 		-37.032 		41.898
v -24.353 		-37.025 		41.864
v -22.465 		-31.506 		51.791
v -22.184 		-31.353 		52.05
v -27.075 		-34.55 		24.544
v -22.309 		-31.425 		51.902
v -24.329 		-37.018 		41.81
v -24.436 		-37.047 		41.898
v -24.408 		-37.04 		41.91
v -28.935 		-41.492 		41.737
v -21.462 		-32.061 		52.05
v -21.003 		-32.451 		52.224
v -20.878 		-32.499 		52.56
v -21.344 		-31.944 		52.56
v -20.794 		-32.62 		52.448
v -21.102 		-32.228 		52.467
v -28.941 		-41.515 		41.81
v -24.51 		-37.067 		41.737
v -28 		-41.562 		23.605
v -24.487 		-37.061 		41.81
v -24.463 		-37.054 		41.864
v -28 		-41.551 		23.733
v -26.991 		-34.238 		24.016
v -26.992 		-34.24 		23.871
v -26.994 		-34.246 		23.733
v -26.996 		-34.257 		23.605
v -24.547 		-37.077 		41.544
v -21.505 		-31.792 		52.415
v -24.53 		-37.072 		41.648
v -28 		-34.114 		31.733
v -27.079 		-34.564 		23.605
v -28 		-34.125 		31.605
v -22.203 		-32.244 		51.691
v -28 		-34.139 		31.488
v -21.765 		-32.173 		51.791
v -21.937 		-32.185 		51.733
v -27.081 		-34.574 		23.733
v -28 		-34.157 		31.384
v -21.77 		-31.938 		51.902
v -28 		-34.178 		31.295
v -27.083 		-34.581 		23.871
v -22.808 		-30.71 		52.272
v -27.084 		-34.583 		24.016
v -22.933 		-31.533 		51.693
v -22.851 		-31.194 		51.791
v -28 		-34.201 		31.222
v -22.57 		-31.034 		52.05
v -28 		-34.227 		31.168
v -28 		-34.255 		31.134
v -22.895 		-30.964 		51.902
v -28 		-34.284 		31.122
v -24.255 		-36.999 		41.427
v -24.244 		-36.996 		41.299
v -28 		-41.847 		23.384
v -24.754 		-39.876 		24.898
v -24.572 		-37.084 		41.299
v -24.731 		-39.89 		24.864
v -28 		-41.594 		23.384
v -24.828 		-39.833 		24.864
v -22.628 		-31.83 		51.693
v -24.561 		-37.081 		41.427
v -20.418 		-35.067 		59.329
v -20.206 		-35.69 		59.329
v -24.805 		-39.847 		24.898
v -19.374 		-36.273 		58.661
v -30.527 		-40.53 		40.488
v -19.303 		-36.677 		58.661
v -28 		-41.577 		23.488
v -24.238 		-36.994 		41.161
v -24.235 		-36.993 		41.016
v -20.067 		-36.839 		59.437
v -27 		-34.271 		23.488
v -30.517 		-40.519 		40.605
v -27.005 		-34.288 		23.384
v -24.78 		-39.862 		24.91
v -28 		-41.721 		23.122
v -28 		-41.692 		23.134
v -20.28 		-33.782 		58.661
v -28 		-41.664 		23.168
v -21.894 		-34.645 		58.749
v -22.274 		-34.031 		58.749
v -24.708 		-39.903 		24.81
v -24.688 		-39.914 		24.737
v -24.67 		-39.925 		24.648
v -20.486 		-33.426 		58.661
v -21.467 		-33.164 		59.329
v -28 		-34.389 		31.295
v -30.688 		-40.69 		40.222
v -28 		-41.639 		23.222
v -30.571 		-40.574 		40.222
v -20.544 		-34.764 		59.329
v -20.918 		-34.023 		59.334
v -28 		-41.615 		23.295
v -28 		-41.826 		23.295
v -24.889 		-39.798 		24.648
v -28 		-41.803 		23.222
v -30.555 		-40.557 		40.295
v -22.097 		-34.3 		58.292
v -28 		-41.777 		23.168
v -21.888 		-34.659 		57.691
v -28 		-41.75 		23.134
v -27.07 		-34.532 		23.384
v -27.075 		-34.55 		23.488
v -20.544 		-34.764 		57.691
v -28.948 		-41.54 		41.864
v -30.54 		-40.542 		40.384
v -21.467 		-33.164 		58.347
v -21.774 		-32.775 		58.336
v -22.715 		-33.46 		58.749
v -27.01 		-34.308 		23.295
v -30.669 		-40.672 		40.168
v -30.65 		-40.652 		40.134
v -24.225 		-38.002 		41.864
v -27.016 		-34.331 		23.222
v -24.252 		-38.002 		41.898
v -27.023 		-34.356 		23.168
v -24.199 		-38.002 		41.81
v -21.509 		-35.467 		57.957
v -21.579 		-35.295 		58.749
v -24.176 		-38.002 		41.737
v -21.3 		-36.089 		57.521
v -28.955 		-41.566 		41.898
v -30.629 		-40.632 		40.122
v -27.03 		-34.382 		23.134
v -21.159 		-36.675 		58.749
v -24.871 		-39.809 		24.737
v -24.31 		-38.002 		41.898
v -21.334 		-35.974 		58.749
v -27.038 		-34.41 		23.122
v -24.851 		-39.82 		24.81
v -30.609 		-40.611 		40.134
v -24.281 		-38.002 		41.91
v -28 		-34.41 		31.384
v -28.962 		-41.594 		41.91
v -30.59 		-40.592 		40.168
v -24.155 		-38.002 		41.648
v -24.137 		-38.002 		41.544
v -27.045 		-34.438 		23.134
v -27.052 		-34.465 		23.168
v -19.885 		-38.495 		59.329
v -28.97 		-41.622 		41.898
v -28.977 		-41.649 		41.864
v -19.6 		-37.102 		59.011
v -19.885 		-37.509 		59.329
v -30.719 		-40.721 		40.384
v -30.704 		-40.706 		40.295
v -24.426 		-38.002 		41.544
v -20.206 		-40.315 		59.329
v -19.799 		-40.029 		59.011
v -19.374 		-39.732 		58.661
v -19.303 		-39.328 		58.661
v -27.059 		-34.49 		23.222
v -24.408 		-38.002 		41.648
v -20.36 		-40.781 		58.336
v -27.065 		-34.512 		23.295
v -21.103 		-37.016 		58.118
v -24.387 		-38.002 		41.737
v -21.032 		-38.084 		57.437
v -21.059 		-37.394 		57.932
v -21.046 		-37.751 		58.749
v -24.364 		-38.002 		41.81
v -28.984 		-41.674 		41.81
v -28.99 		-41.696 		41.737
v -24.338 		-38.002 		41.864
v -28.995 		-41.716 		41.648
v -29 		-41.734 		41.544
v -28 		-34.428 		31.488
v -28 		-34.442 		31.605
v -28.916 		-41.421 		41.016
v -28 		-34.453 		31.733
v -30.754 		-40.756 		40.871
v -30.749 		-40.752 		40.733
v -30.742 		-40.744 		40.605
v -28.917 		-41.424 		41.161
v -25.331 		-40.672 		24.864
v -30.732 		-40.734 		40.488
v -28.919 		-41.43 		41.299
v -28 		-34.139 		24.544
v -28 		-34.125 		24.427
v -24.123 		-38.002 		41.427
v -21.061 		-38.645 		57.415
v -28 		-34.114 		24.299
v -21.081 		-38.832 		58.749
v -28 		-34.107 		24.161
v -24.112 		-38.002 		41.299
v -24.451 		-38.002 		41.299
v -25.312 		-40.69 		24.81
v -28.921 		-41.441 		41.427
v -24.44 		-38.002 		41.427
v -29.004 		-41.748 		41.427
v -29.006 		-41.758 		41.299
v -29.008 		-41.765 		41.161
v -28 		-34.46 		24.161
v -29.009 		-41.767 		41.016
v -24.105 		-38.002 		41.161
v -24.103 		-38.002 		41.016
v -24.46 		-38.002 		41.016
v -28 		-34.453 		24.299
v -28 		-34.313 		31.134
v -21.043 		-38.399 		57.851
v -21.059 		-38.61 		58.324
v -25.35 		-40.652 		24.898
v -24.458 		-38.002 		41.161
v -25.41 		-40.592 		24.864
v -28 		-34.34 		31.168
v -25.391 		-40.611 		24.898
v -28 		-34.442 		24.427
v -28 		-34.366 		31.222
v -28 		-34.428 		24.544
v -21.448 		-40.375 		57.807
v -21.667 		-40.907 		57.63
v -21.254 		-39.745 		58.328
v -21.178 		-39.423 		57.895
v -21.667 		-40.91 		58.749
v -21.205 		-39.544 		58.749
v -21.4 		-40.238 		58.749
v -30.51 		-40.512 		40.733
v -25.371 		-40.632 		24.91
v -28 		-34.105 		24.016
v -28 		-34.107 		23.871
v -30.505 		-40.507 		40.871
v -28 		-34.114 		23.733
v -28 		-34.125 		23.605
v -29.787 		-41.098 		41.544
v -24.306 		-38.992 		41.737
v -24.286 		-38.997 		41.648
v -31.095 		-39.789 		40.488
v -24.269 		-39.002 		41.544
v -29.796 		-41.113 		41.648
v -25.46 		-40.542 		24.648
v -24.38 		-38.972 		41.898
v -24.353 		-38.979 		41.864
v -28 		-34.442 		23.605
v -31.083 		-39.782 		40.605
v -20.206 		-35.69 		55.069
v -20.206 		-35.69 		53.431
v -24.329 		-38.986 		41.81
v -31.074 		-39.777 		40.733
v -24.436 		-38.957 		41.898
v -28 		-34.453 		23.733
v -24.4081 		-38.9652 		41.91
v -20.418 		-35.067 		53.431
v -29.807 		-41.131 		41.737
v -31.068 		-39.773 		40.871
v -29.818 		-41.151 		41.81
v -26.229 		-41.07 		24.161
v -31.22 		-39.862 		40.122
v -22.508 		-34.232 		56.974
v -31.195 		-39.847 		40.134
v -25.445 		-40.557 		24.737
v -31.172 		-39.833 		40.168
v -26.226 		-41.076 		24.299
v -29.831 		-41.174 		41.864
v -28 		-34.46 		23.871
v -24.255 		-39.006 		41.427
v -24.244 		-39.009 		41.299
v -31.149 		-39.82 		40.222
v -24.238 		-39.01 		41.161
v -29.845 		-41.198 		41.898
v -24.235 		-39.011 		41.016
v -26.22 		-41.085 		24.427
v -22.05 		-34.38 		57.232
v -22.432 		-33.817 		57.268
v -26.213 		-41.098 		24.544
v -31.129 		-39.809 		40.295
v -22.459 		-34.624 		55.811
v -22.206 		-34.131 		55.39
v -31.111 		-39.798 		40.384
v -21.854 		-34.717 		55.354
v -31.345 		-39.934 		40.488
v -25.429 		-40.574 		24.81
v -22.867 		-33.294 		57.305
v -25.296 		-40.706 		24.737
v -25.281 		-40.721 		24.648
v -28 		-34.462 		24.016
v -26.22 		-41.085 		23.605
v -24.51 		-38.937 		41.737
v -22.849 		-33.76 		55.689
v -22.614 		-33.582 		55.426
v -31.33 		-39.925 		40.384
v -29.874 		-41.248 		41.898
v -29.888 		-41.272 		41.864
v -31.312 		-39.914 		40.295
v -29.9 		-41.294 		41.81
v -24.487 		-38.943 		41.81
v -29.912 		-41.314 		41.737
v -31.292 		-39.903 		40.222
v -24.463 		-38.95 		41.864
v -31.269 		-39.89 		40.168
v -31.246 		-39.876 		40.134
v -29.859 		-41.223 		41.91
v -28 		-34.139 		23.488
v -28 		-34.157 		23.384
v -26.226 		-41.076 		23.733
v -28 		-34.178 		23.295
v -28 		-34.201 		23.222
v -21.459 		-35.604 		57.16
v -22.037 		-35.122 		56.88
v -22.421 		-35.691 		56.324
v -21.723 		-34.977 		57.197
v -28 		-34.227 		23.168
v -24.547 		-38.927 		41.544
v -28 		-34.255 		23.134
v -21.257 		-36.252 		57.124
v -28 		-34.284 		23.122
v -24.53 		-38.932 		41.648
v -26.229 		-41.07 		23.871
v -29.923 		-41.332 		41.648
v -29.931 		-41.348 		41.544
v -24.572 		-38.921 		41.299
v -28 		-34.313 		23.134
v -24.561 		-38.924 		41.427
v -22.222 		-36.249 		56.288
v -22.421 		-35.691 		56.169
v -29.939 		-41.36 		41.427
v -29.944 		-41.37 		41.299
v -22.222 		-36.249 		56.132
v -24.578 		-37.085 		31.871
v -31.373 		-39.95 		40.871
v -26.23 		-41.068 		24.016
v -31.367 		-39.946 		40.733
v -31.358 		-39.941 		40.605
v -24.581 		-37.086 		32.016
v -28 		-34.34 		23.168
v -28.995 		-34.288 		24.648
v -29.774 		-41.076 		41.299
v -28 		-34.366 		23.222
v -24.578 		-37.085 		32.161
v -29.78 		-41.085 		41.427
v -22.079 		-36.824 		56.251
v -22.079 		-36.824 		56.096
v -28 		-34.389 		23.295
v -28 		-34.41 		23.384
v -29.948 		-41.375 		41.161
v -29.949 		-41.377 		41.016
v -29.77 		-41.068 		41.016
v -28 		-34.428 		23.488
v -28.97 		-34.382 		24.898
v -28.977 		-34.356 		24.864
v -28.948 		-34.465 		24.864
v -26.126 		-34.757 		32.898
v -26.112 		-34.733 		32.864
v -29.771 		-41.07 		41.161
v -26.1 		-34.711 		32.81
v -28.955 		-34.438 		24.898
v -21.568 		-36.828 		55.63
v -24.688 		-39.914 		32.737
v -26.155 		-34.807 		32.898
v -24.67 		-39.925 		32.648
v -22.176 		-34.903 		55.692
v -21.563 		-35.336 		55.317
v -26.141 		-34.782 		32.91
v -24.655 		-39.934 		32.544
v -24.905 		-39.789 		32.544
v -28.962 		-34.41 		24.91
v -25.312 		-35.315 		32.81
v -28.984 		-34.331 		24.81
v -24.889 		-39.798 		32.648
v -28.99 		-34.308 		24.737
v -28.93 		-34.532 		24.648
v -26.112 		-34.733 		41.864
v -26.1 		-34.711 		41.81
v -26.088 		-34.69 		41.737
v -24.871 		-39.809 		32.737
v -28.935 		-34.512 		24.737
v -28 		-41.721 		41.91
v -28.0003 		-41.721 		41.91
v -28.0003 		-41.721 		41.91
v -26.077 		-34.672 		41.648
v -26.069 		-34.657 		41.544
v -28.941 		-34.49 		24.81
v -25.35 		-35.352 		32.898
v -22.674 		-35.156 		56.36
v -25.331 		-35.333 		32.864
v -26.155 		-41.198 		23.134
v -22.674 		-35.156 		56.205
v -26.169 		-41.174 		23.168
v -21.824 		-34.782 		54.886
v -22.167 		-34.195 		54.922
v -24.926 		-39.777 		32.299
v -26.061 		-34.644 		41.427
v -26.056 		-34.635 		41.299
v -26.052 		-34.629 		41.161
v -24.917 		-39.782 		32.427
v -26.182 		-41.151 		23.222
v -26.051 		-34.627 		41.016
v -25.41 		-35.413 		32.864
v -26.112 		-41.272 		41.864
v -24.932 		-39.773 		31.871
v -25.391 		-35.393 		32.898
v -24.578 		-38.919 		31.871
v -26.1 		-41.294 		41.81
v -26.088 		-41.314 		41.737
v -26.126 		-34.757 		41.898
v -25.371 		-35.373 		32.91
v -24.934 		-39.772 		32.016
v -26.077 		-41.332 		41.648
v -26.069 		-41.348 		41.544
v -24.932 		-39.773 		32.161
v -29.912 		-34.69 		24.737
v -26.155 		-34.807 		41.898
v -29.923 		-34.672 		24.648
v -24.581 		-38.918 		32.016
v -26.141 		-34.782 		41.91
v -26.193 		-41.131 		23.295
v -26.182 		-34.853 		32.81
v -20.544 		-34.764 		55.069
v -24.578 		-38.919 		32.161
v -26.061 		-41.36 		41.427
v -26.056 		-41.37 		41.299
v -26.052 		-41.375 		41.161
v -21.467 		-33.164 		53.431
v -26.169 		-34.831 		32.864
v -20.544 		-34.764 		53.431
v -26.051 		-41.377 		41.016
v -22.795 		-34.127 		54.508
v -22.565 		-33.643 		54.958
v -26.204 		-41.113 		23.384
v -26.213 		-41.098 		23.488
v -24.655 		-39.934 		31.488
v -26.126 		-41.248 		41.898
v -24.905 		-39.789 		31.488
v -24.917 		-39.782 		31.605
v -21.332 		-35.98 		55.281
v -21.166 		-36.643 		55.245
v -21.691 		-36.267 		54.42
v -21.154 		-36.703 		54.777
v -24.926 		-39.777 		31.733
v -26.141 		-41.223 		23.122
v -25.429 		-35.431 		32.81
v -22.108 		-35.257 		54.444
v -24.67 		-39.925 		31.384
v -24.688 		-39.914 		31.295
v -29.874 		-34.757 		24.898
v -29.888 		-34.733 		24.864
v -24.578 		-37.085 		23.871
v -21.538 		-35.4 		54.85
v -21.315 		-36.042 		54.813
v -29.845 		-34.807 		24.898
v -24.581 		-37.086 		24.016
v -22.422 		-35.692 		53.847
v -24.871 		-39.809 		31.295
v -22.422 		-35.692 		54.002
v -24.578 		-37.085 		24.161
v -24.889 		-39.798 		31.384
v -22.222 		-36.249 		53.81
v -22.078 		-36.824 		53.774
v -25.312 		-35.315 		41.81
v -21.684 		-36.098 		53.298
v -24.754 		-36.128 		32.898
v -25.296 		-35.298 		41.737
v -25.281 		-35.283 		41.648
v -22.222 		-36.249 		53.965
v -24.731 		-36.115 		32.864
v -22.078 		-36.824 		53.93
v -24.708 		-36.102 		32.81
v -24.708 		-39.903 		31.222
v -25.268 		-35.271 		41.544
v -24.731 		-39.89 		31.168
v -24.754 		-39.876 		31.134
v -22.676 		-35.157 		54.039
v -22.676 		-35.157 		53.883
v -24.78 		-39.862 		31.122
v -20.286 		-33.698 		52.05
v -24.78 		-36.143 		32.91
v -20.28 		-33.782 		52.763
v -24.805 		-39.847 		31.134
v -20.087 		-33.713 		52.56
v -20.458 		-33.09 		52.56
v -20.376 		-33.311 		52.272
v -24.828 		-39.833 		31.168
v -24.578 		-38.919 		24.161
v -29.859 		-34.782 		24.91
v -19.719 		-34.656 		52.224
v -24.851 		-39.82 		31.222
v -19.768 		-34.364 		52.56
v -19.894 		-34.204 		52.272
v -19.822 		-34.297 		52.363
v -24.851 		-36.184 		32.81
v -19.991 		-34.609 		51.902
v -20.388 		-34.555 		51.72
v -24.655 		-39.934 		24.544
v -24.642 		-39.941 		32.427
v -24.633 		-39.946 		32.299
v -20.198 		-34.159 		51.902
v -24.828 		-36.171 		32.864
v -19.846 		-34.602 		52.05
v -24.917 		-39.782 		24.427
v -29.9 		-34.711 		24.81
v -24.805 		-36.157 		32.898
v -19.393 		-35.614 		52.225
v -19.29 		-35.731 		52.56
v -19.314 		-35.732 		52.363
v -24.905 		-39.789 		24.544
v -19.453 		-35.252 		52.368
v -24.627 		-39.95 		32.161
v -24.625 		-39.951 		32.016
v -24.627 		-39.95 		31.871
v -19.595 		-34.822 		52.415
v -29.796 		-34.891 		24.648
v -24.932 		-39.773 		24.161
v -20.243 		-35.402 		51.693
v -20.264 		-34.952 		51.709
v -20.145 		-35.011 		51.734
v -19.988 		-35.058 		51.791
v -29.807 		-34.873 		24.737
v -19.832 		-35.528 		51.791
v -24.633 		-39.946 		31.733
v -24.642 		-39.941 		31.605
v -27.075 		-41.455 		41.544
v -19.734 		-35.307 		51.902
v -24.926 		-39.777 		24.299
v -27.07 		-41.472 		41.648
v -19.632 		-35.08 		52.091
v -29.818 		-34.853 		24.81
v -24.543 		-37.957 		16.164
v -24.806 		-36.634 		16.164
v -25.126 		-36.037 		16.164
v -24.578 		-38.919 		23.871
v -25.258 		-35.26 		41.427
v -25.251 		-35.253 		41.299
v -24.581 		-38.918 		24.016
v -25.246 		-35.248 		41.161
v -25.556 		-35.513 		16.164
v -19.303 		-36.677 		52.763
v -25.244 		-35.246 		41.016
v -26.08 		-35.083 		16.164
v -19.136 		-36.439 		52.56
v -19.244 		-36.146 		52.27
v -29.831 		-34.831 		24.864
v -19.264 		-35.865 		52.448
v -19.374 		-36.273 		52.763
v -27.326 		-34.567 		16.164
v -26.677 		-34.764 		16.164
v -24.917 		-39.782 		23.605
v -19.395 		-36.753 		51.903
v -19.288 		-36.538 		52.05
v -19.2 		-36.589 		52.179
v -19.386 		-36.042 		52.05
v -27.065 		-41.492 		41.737
v -24.926 		-39.777 		23.733
v -27.9997 		-34.284 		32.91
v -28 		-34.284 		32.91
v -27.9997 		-34.284 		32.91
v -27.03 		-34.382 		32.898
v -27.023 		-34.356 		32.864
v -27.016 		-34.331 		32.81
v -19.907 		-36.587 		51.693
v -28 		-34.5 		16.164
v -24.932 		-39.773 		23.871
v -20.026 		-36.165 		51.693
v -19.731 		-36.802 		51.72
v -27.059 		-34.49 		32.81
v -26.153 		-36.723 		12.579
v -25.331 		-35.333 		41.864
v -19.604 		-36.467 		51.791
v -19.914 		-35.878 		51.722
v -24.934 		-39.772 		24.016
v -27.052 		-34.465 		32.864
v -19.53 		-36.023 		51.902
v -27.059 		-41.515 		41.81
v -20.66 		-32.88 		52.27
v -26.43 		-36.387 		12.579
v -20.486 		-33.426 		52.763
v -27.052 		-41.54 		41.864
v -20.999 		-33.127 		51.791
v -21.42 		-32.904 		51.717
v -20.983 		-33.492 		51.719
v -20.559 		-33.506 		51.902
v -20.967 		-32.885 		51.901
v -20.828 		-32.845 		52.05
v -27.045 		-34.438 		32.898
v -27.038 		-34.41 		32.91
v -28.433 		-35.779 		12.579
v -24.655 		-39.934 		23.488
v -24.67 		-39.925 		23.384
v -27.567 		-35.779 		12.579
v -28 		-35.736 		12.579
v -30.688 		-35.315 		24.81
v -30.704 		-35.298 		24.737
v -30.719 		-35.283 		24.648
v -21.854 		-34.717 		53.032
v -22.061 		-34.358 		52.104
v -22.105 		-34.287 		52.625
v -22.206 		-34.131 		53.068
v -25.35 		-35.352 		41.898
v -22.3 		-33.993 		52.224
v -27.045 		-41.566 		41.898
v -28 		-34.255 		32.898
v -28 		-34.227 		32.864
v -28 		-34.201 		32.81
v -27.038 		-41.594 		41.91
v -20.595 		-34.127 		51.721
v -24.688 		-39.914 		23.295
v -28 		-34.366 		32.81
v -27.03 		-41.622 		41.898
v -27.023 		-41.649 		41.864
v -24.708 		-39.903 		23.222
v -22.646 		-33.544 		52.334
v -27.016 		-41.674 		41.81
v -24.731 		-39.89 		23.168
v -30.65 		-35.352 		24.898
v -30.669 		-35.333 		24.864
v -22.614 		-33.582 		53.104
v -24.754 		-39.876 		23.134
v -21.538 		-35.395 		52.116
v -27.01 		-41.696 		41.737
v -30.59 		-35.413 		24.864
v -24.78 		-39.862 		23.122
v -21.563 		-35.336 		52.995
v -21.634 		-35.168 		51.689
v -25.41 		-35.413 		41.864
v -24.805 		-39.847 		23.134
v -27.15 		-35.906 		12.579
v -25.296 		-40.706 		32.737
v -25.281 		-40.721 		32.648
v -25.391 		-35.393 		41.898
v -24.828 		-39.833 		23.168
v -26.766 		-36.111 		12.579
v -27.005 		-41.716 		41.648
v -27 		-41.734 		41.544
v -25.268 		-40.734 		32.544
v -25.371 		-35.373 		41.91
v -21.28 		-36.159 		52.554
v -21.373 		-35.849 		51.689
v -21.332 		-35.98 		52.959
v -25.473 		-40.53 		32.544
v -21.184 		-36.553 		51.689
v -21.13 		-36.835 		52.063
v -21.166 		-36.643 		52.923
v -28 		-34.34 		32.864
v -30.609 		-35.393 		24.898
v -30.629 		-35.373 		24.91
v -24.851 		-39.82 		23.222
v -27.084 		-41.421 		41.016
v -25.46 		-40.542 		32.648
v -24.61 		-37.283 		16.164
v -24.61 		-38.632 		16.164
v -27.083 		-41.424 		41.161
v -24.871 		-39.809 		23.295
v -28 		-34.313 		32.898
v -30.571 		-35.431 		24.81
v -27.081 		-41.43 		41.299
v -25.445 		-40.557 		32.737
v -24.889 		-39.798 		23.384
v -26.08 		-40.831 		16.164
v -20.361 		-40.783 		57.116
v -20.206 		-40.315 		56.38
v -27.079 		-41.441 		41.427
v -24.806 		-39.28 		16.164
v -24.905 		-39.789 		23.488
v -25.258 		-40.744 		32.427
v -25.251 		-40.752 		32.299
v -26.996 		-41.748 		41.427
v -19.885 		-37.509 		57.2
v -26.994 		-41.758 		41.299
v -26.992 		-41.765 		41.161
v -25.49 		-40.512 		32.299
v -19.885 		-37.509 		54.086
v -26.991 		-41.767 		41.016
v -25.126 		-39.878 		16.164
v -25.556 		-40.402 		16.164
v -19.885 		-38.495 		53.431
v -27.9997 		-34.284 		32.91
v -19.885 		-37.509 		53.431
v -25.483 		-40.519 		32.427
v -20.206 		-40.315 		53.431
v -21.04 		-38.277 		57.016
v -24.642 		-39.941 		24.427
v -24.633 		-39.946 		24.299
v -24.627 		-39.95 		24.161
v -21.119 		-36.919 		57.088
v -21.047 		-37.595 		57.052
v -21.963 		-38.002 		56.179
v -21.993 		-37.41 		56.216
v -21.991 		-38.595 		56.142
v -25.246 		-40.756 		32.161
v -25.244 		-40.758 		32.016
v -25.246 		-40.756 		31.871
v -31.111 		-36.206 		24.648
v -21.993 		-37.41 		56.06
v -21.963 		-38.002 		56.024
v -21.991 		-38.595 		55.987
v -25.495 		-40.507 		31.871
v -31.129 		-36.196 		24.737
v -25.497 		-40.505 		32.016
v -21.507 		-38.336 		55.579
v -21.579 		-37.281 		55.674
v -31.149 		-36.184 		24.81
v -25.495 		-40.507 		32.161
v -26.213 		-34.907 		41.544
v -21.65 		-39.394 		56.524
v -21.098 		-38.954 		56.979
v -21.939 		-40.46 		56.499
v -26.204 		-34.891 		41.648
v -31.172 		-36.171 		24.864
v -21.415 		-40.275 		56.908
v -21.223 		-39.622 		56.944
v -31.195 		-36.157 		24.898
v -25.822 		-37.524 		12.579
v -31.22 		-36.143 		24.91
v -28 		-41.615 		41.737
v -22.078 		-39.181 		55.951
v -22.078 		-39.181 		56.107
v -22.222 		-39.755 		56.07
v -26.193 		-34.873 		41.737
v -22.222 		-39.755 		55.915
v -25.948 		-37.108 		12.579
v -22.422 		-40.312 		56.034
v -22.422 		-40.312 		55.878
v -31.246 		-36.128 		24.898
v -25.779 		-37.957 		12.579
v -25.822 		-38.391 		12.579
v -31.269 		-36.115 		24.864
v -31.292 		-36.102 		24.81
v -26.182 		-34.853 		41.81
v -31.312 		-36.09 		24.737
v -31.33 		-36.08 		24.648
v -26.169 		-34.831 		41.864
v -28 		-41.639 		41.81
v -28 		-41.664 		41.864
v -22.676 		-40.848 		55.843
v -22.676 		-40.848 		55.998
v -21.065 		-37.319 		55.209
v -26.23 		-34.937 		41.016
v -21.032 		-38.002 		55.172
v -25.251 		-40.752 		31.733
v -25.258 		-40.744 		31.605
v -25.268 		-40.734 		31.488
v -21.061 		-37.377 		54.742
v -25.473 		-40.53 		31.488
v -21.034 		-38.056 		54.705
v -25.483 		-40.519 		31.605
v -21.065 		-38.685 		55.136
v -26.229 		-34.935 		41.161
v -21.073 		-38.736 		54.669
v -28 		-41.692 		41.898
v -25.49 		-40.512 		31.733
v -21.993 		-38.594 		53.666
v -24.625 		-39.951 		24.016
v -26.226 		-34.929 		41.299
v -24.627 		-39.95 		23.871
v -21.963 		-38.002 		53.701
v -28.0003 		-41.721 		41.91
v -21.993 		-38.594 		53.821
v -24.633 		-39.946 		23.733
v -25.281 		-40.721 		31.384
v -24.754 		-39.876 		32.898
v -21.991 		-37.41 		53.738
v -25.296 		-40.706 		31.295
v -24.731 		-39.89 		32.864
v -24.708 		-39.903 		32.81
v -26.22 		-34.919 		41.427
v -25.445 		-40.557 		31.295
v -21.963 		-38.002 		53.857
v -21.991 		-37.41 		53.893
v -28 		-41.75 		41.898
v -28 		-41.777 		41.864
v -28 		-41.803 		41.81
v -25.948 		-38.807 		12.579
v -28 		-41.826 		41.737
v -25.46 		-40.542 		31.384
v -21.332 		-40.025 		55.063
v -21.563 		-40.669 		55.028
v -24.851 		-39.82 		32.81
v -21.178 		-39.409 		54.633
v -24.642 		-39.941 		23.605
v -21.289 		-39.878 		54.798
v -21.166 		-39.361 		55.1
v -25.312 		-40.69 		31.222
v -25.331 		-40.672 		31.168
v -28 		-41.847 		41.648
v -21.579 		-40.707 		54.561
v -28 		-41.577 		41.544
v -24.828 		-39.833 		32.864
v -25.35 		-40.652 		31.134
v -25.371 		-40.632 		31.122
v -22.421 		-40.313 		53.557
v -28 		-41.594 		41.648
v -26.153 		-39.191 		12.579
v -22.079 		-39.181 		53.629
v -26.43 		-39.528 		12.579
v -22.079 		-39.181 		53.784
v -24.805 		-39.847 		32.898
v -22.421 		-40.313 		53.712
v -22.222 		-39.756 		53.748
v -22.305 		-40.012 		53.654
v -25.391 		-40.611 		31.134
v -21.97 		-39.999 		53.296
v -24.78 		-39.862 		32.91
v -25.445 		-35.447 		41.737
v -25.429 		-35.431 		41.81
v -25.41 		-40.592 		31.168
v -22.675 		-40.849 		53.676
v -25.473 		-35.475 		41.544
v -22.675 		-40.849 		53.52
v -19.075 		-37.631 		52.227
v -19 		-37.881 		52.56
v -28 		-41.551 		41.299
v -25.429 		-40.574 		31.222
v -19.11 		-37.129 		52.227
v -19.035 		-37.367 		52.419
v -25.46 		-35.462 		41.648
v -19.04 		-37.157 		52.56
v -19.075 		-36.882 		52.469
v -19.6 		-37.101 		53.112
v -30.54 		-35.462 		24.648
v -28 		-41.562 		41.427
v -30.555 		-35.447 		24.737
v -19.484 		-37.435 		51.791
v -19.317 		-37.495 		51.903
v -19.198 		-37.288 		52.051
v -25.497 		-35.499 		41.016
v -27.15 		-40.009 		12.579
v -27.567 		-40.136 		12.579
v -28 		-40.178 		12.579
v -26.766 		-39.804 		12.579
v -19.08 		-38.394 		52.225
v -19.056 		-38.798 		52.369
v -28 		-41.542 		41.016
v -19.027 		-38.295 		52.363
v -19.02 		-38.606 		52.56
v -25.495 		-35.497 		41.161
v -28 		-41.544 		41.161
v -19.013 		-38.404 		52.467
v -31.47 		-37.072 		24.648
v -25.49 		-35.493 		41.299
v -19.871 		-38.574 		51.691
v -28.433 		-40.136 		12.579
v -19.674 		-38.74 		51.721
v -25.483 		-35.485 		41.427
v -19.165 		-38.038 		52.051
v -19.087 		-38.097 		52.18
v -25.35 		-40.652 		32.898
v -25.331 		-40.672 		32.864
v -19.315 		-38.488 		51.903
v -31.62 		-37.032 		24.898
v -31.647 		-37.025 		24.864
v -19.649 		-38.254 		51.72
v -25.312 		-40.69 		32.81
v -31.537 		-37.054 		24.864
v -25.429 		-40.574 		32.81
v -31.564 		-37.047 		24.898
v -19.142 		-39.149 		52.225
v -19.211 		-39.697 		52.27
v -19.374 		-39.732 		52.763
v -28.674 		-34.567 		16.164
v -19.097 		-39.327 		52.56
v -19.303 		-39.328 		52.763
v -31.592 		-37.04 		24.91
v -19.116 		-39.293 		52.363
v -19.056 		-38.958 		52.467
v -25.41 		-40.592 		32.864
v -24.688 		-36.09 		41.737
v -19.816 		-39.686 		51.72
v -24.67 		-36.08 		41.648
v -29.323 		-34.764 		16.164
v -24.655 		-36.071 		41.544
v -19.579 		-39.387 		51.791
v -31.671 		-37.018 		24.81
v -19.302 		-39.547 		52.05
v -31.694 		-37.012 		24.737
v -19.428 		-39.477 		51.902
v -31.714 		-37.007 		24.648
v -31.49 		-37.067 		24.737
v -25.391 		-40.611 		32.898
v -19.228 		-39.045 		52.05
v -19.47 		-40.65 		52.224
v -31.513 		-37.061 		24.81
v -19.323 		-40.198 		52.271
v -19.316 		-40.285 		52.369
v -19.462 		-40.778 		52.363
v -25.371 		-40.632 		32.91
v -19.963 		-40.746 		53.067
v -19.425 		-40.737 		52.56
v -29.92 		-35.083 		16.164
v -19.233 		-40.039 		52.56
v -24.754 		-36.128 		41.898
v -24.731 		-36.115 		41.864
v -30.444 		-35.513 		16.164
v -24.708 		-36.102 		41.81
v -20.123 		-40.402 		51.696
v -30.874 		-36.037 		16.164
v -31.194 		-36.634 		16.164
v -19.937 		-40.802 		51.791
v -24.78 		-36.143 		41.91
v -19.787 		-40.329 		51.791
v -19.651 		-40.443 		51.903
v -19.471 		-40.288 		52.05
v -19.343 		-40.122 		52.178
v -28.85 		-35.906 		12.579
v -21.042 		-38.368 		52.257
v -21.07 		-38.731 		51.689
v -21.065 		-38.685 		52.814
v -24.642 		-36.063 		41.427
v -24.633 		-36.058 		41.299
v -29.847 		-36.723 		12.579
v -21.032 		-38.002 		51.689
v -28.995 		-34.288 		32.648
v -21.327 		-37.678 		53.13
v -29 		-34.271 		32.544
v -29.57 		-36.387 		12.579
v -21.032 		-38.002 		52.851
v -21.065 		-37.319 		52.886
v -21.07 		-37.274 		51.689
v -29.004 		-34.257 		32.427
v -24.627 		-36.055 		41.161
v -24.625 		-36.053 		41.016
v -29.006 		-34.246 		32.299
v -29.234 		-36.111 		12.579
v -31.592 		-38.002 		24.648
v -21.184 		-39.451 		51.689
v -21.166 		-39.361 		52.777
v -21.206 		-39.549 		52.41
v -28.99 		-34.308 		32.737
v -31.613 		-38.002 		24.737
v -21.373 		-40.156 		51.689
v -28.925 		-34.55 		32.544
v -31.636 		-38.002 		24.81
v -31.457 		-37.957 		16.164
v -31.39 		-37.283 		16.164
v -22.323 		-40.844 		53.246
v -28.93 		-34.532 		32.648
v -24.828 		-36.171 		41.864
v -21.454 		-40.39 		52.189
v -26.213 		-41.098 		41.544
v -28.935 		-34.512 		32.737
v -24.805 		-36.157 		41.898
v -31.662 		-38.002 		24.864
v -21.944 		-40.825 		52.951
v -21.563 		-40.669 		52.705
v -21.332 		-40.025 		52.742
v -31.39 		-38.632 		16.164
v -20.28 		-42.222 		58.661
v -31.69 		-38.002 		24.898
v -26.204 		-41.113 		41.648
v -28.919 		-34.574 		32.299
v -31.719 		-38.002 		24.91
v -28.97 		-34.382 		32.898
v -21.467 		-42.841 		59.329
v -20.486 		-42.578 		58.661
v -31.194 		-39.28 		16.164
v -28.921 		-34.564 		32.427
v -30.874 		-39.878 		16.164
v -20.544 		-41.241 		59.329
v -28.977 		-34.356 		32.864
v -29.92 		-40.831 		16.164
v -22.002 		-41.549 		58.749
v -22.402 		-42.151 		58.749
v -22.241 		-41.926 		58.279
v -30.444 		-40.402 		16.164
v -21.769 		-41.121 		58.307
v -22.388 		-42.132 		57.783
v -24.905 		-36.215 		41.544
v -26.193 		-41.131 		41.737
v -30.178 		-37.524 		12.579
v -30.052 		-37.108 		12.579
v -29.008 		-34.24 		32.161
v -29.009 		-34.238 		32.016
v -30.221 		-37.957 		12.579
v -29.008 		-34.24 		31.871
v -24.889 		-36.206 		41.648
v -28.917 		-34.581 		31.871
v -30.178 		-38.391 		12.579
v -24.871 		-36.196 		41.737
v -30.052 		-38.807 		12.579
v -26.182 		-41.151 		41.81
v -28.984 		-34.331 		32.81
v -24.851 		-36.184 		41.81
v -28.916 		-34.583 		32.016
v -24.926 		-36.228 		41.299
v -28.917 		-34.581 		32.161
v -24.917 		-36.222 		41.427
v -24.934 		-36.232 		41.016
v -29.234 		-39.804 		12.579
v -25.268 		-40.734 		24.544
v -28.85 		-40.009 		12.579
v -24.932 		-36.231 		41.161
v -25.258 		-40.744 		24.427
v -29.847 		-39.191 		12.579
v -31.748 		-38.002 		24.898
v -31.775 		-38.002 		24.864
v -25.483 		-40.519 		24.427
v -31.801 		-38.002 		24.81
v -31.824 		-38.002 		24.737
v -31.845 		-38.002 		24.648
v -28.941 		-34.49 		32.81
v -25.473 		-40.53 		24.544
v -29.006 		-34.246 		31.733
v -29.004 		-34.257 		31.605
v -29 		-34.271 		31.488
v -28.995 		-34.288 		31.384
v -26.169 		-41.174 		41.864
v -29.57 		-39.528 		12.579
v -25.251 		-40.752 		24.299
v -25.246 		-40.756 		24.161
v -25.495 		-40.507 		24.161
v -28.948 		-34.465 		32.864
v -25.49 		-40.512 		24.299
v -28.921 		-34.564 		31.605
v -28.925 		-34.55 		31.488
v -26.155 		-41.198 		41.898
v -26.141 		-41.223 		41.91
v -28.919 		-34.574 		31.733
v -27.005 		-34.288 		41.648
v -27 		-34.271 		41.544
v -25.925 		-35.882 		11.137
v -26.37 		-35.517 		11.137
v -28.99 		-34.308 		31.295
v -28.955 		-34.438 		32.898
v -30.65 		-40.652 		24.898
v -26.23 		-41.068 		41.016
v -30.669 		-40.672 		24.864
v -28.962 		-34.41 		32.91
v -30.59 		-40.592 		24.864
v -28.935 		-34.512 		31.295
v -25.288 		-36.834 		11.137
v -26.229 		-41.07 		41.161
v -30.609 		-40.611 		24.898
v -25.244 		-40.758 		24.016
v -25.246 		-40.756 		23.871
v -25.56 		-36.327 		11.137
v -27.03 		-34.382 		41.898
v -25.495 		-40.507 		23.871
v -27.023 		-34.356 		41.864
v -28.93 		-34.532 		31.384
v -27.016 		-34.331 		41.81
v -27.01 		-34.308 		41.737
v -26.226 		-41.076 		41.299
v -25.497 		-40.505 		24.016
v -30.629 		-40.632 		24.91
v -27.038 		-34.41 		41.91
v -28.984 		-34.331 		31.222
v -28.977 		-34.356 		31.168
v -28.97 		-34.382 		31.134
v -26.22 		-41.085 		41.427
v -25.251 		-40.752 		23.733
v -30.688 		-40.69 		24.81
v -25.258 		-40.744 		23.605
v -28.962 		-34.41 		31.122
v -30.54 		-40.542 		24.648
v -25.483 		-40.519 		23.605
v -28.955 		-34.438 		31.134
v -27.065 		-34.512 		41.737
v -25.49 		-40.512 		23.733
v -30.555 		-40.557 		24.737
v -28 		-35.022 		11.137
v -27.059 		-34.49 		41.81
v -27.427 		-35.079 		11.137
v -28.948 		-34.465 		31.168
v -26.877 		-35.246 		11.137
v -30.571 		-40.574 		24.81
v -28.941 		-34.49 		31.222
v -27.052 		-34.465 		41.864
v -27.045 		-34.438 		41.898
v -29.874 		-34.757 		32.898
v -29.888 		-34.733 		32.864
v -29.9 		-34.711 		32.81
v -30.704 		-40.706 		24.737
v -30.719 		-40.721 		24.648
v -27.075 		-34.55 		41.544
v -29.845 		-34.807 		32.898
v -27.07 		-34.532 		41.648
v -28.573 		-35.079 		11.137
v -25.312 		-40.69 		23.222
v -24.238 		-36.994 		40.871
v -24.244 		-36.996 		40.733
v -25.331 		-40.672 		23.168
v -29.859 		-34.782 		32.91
v -24.572 		-37.084 		40.733
v -29.912 		-34.69 		32.737
v -24.255 		-36.999 		40.605
v -29.923 		-34.672 		32.648
v -24.269 		-37.002 		40.488
v -26.996 		-34.257 		41.427
v -26.994 		-34.246 		41.299
v -29.931 		-34.657 		32.544
v -29.939 		-34.644 		32.427
v -24.547 		-37.077 		40.488
v -26.992 		-34.24 		41.161
v -25.46 		-40.542 		23.384
v -26.991 		-34.238 		41.016
v -29.944 		-34.635 		32.299
v -24.561 		-37.081 		40.605
v -25.473 		-40.53 		23.488
v -27.084 		-34.583 		41.016
v -31.62 		-38.972 		24.898
v -31.647 		-38.979 		24.864
v -25.35 		-40.652 		23.134
v -25.371 		-40.632 		23.122
v -27.083 		-34.581 		41.161
v -24.286 		-37.007 		40.384
v -29.948 		-34.629 		32.161
v -27.081 		-34.574 		41.299
v -24.306 		-37.012 		40.295
v -29.949 		-34.627 		32.016
v -29.948 		-34.629 		31.871
v -27.079 		-34.564 		41.427
v -25.391 		-40.611 		23.134
v -31.671 		-38.986 		24.81
v -31.694 		-38.992 		24.737
v -29.944 		-34.635 		31.733
v -31.714 		-38.997 		24.648
v -29.939 		-34.644 		31.605
v -29.931 		-34.657 		31.488
v -29.923 		-34.672 		31.384
v -25.41 		-40.592 		23.168
v -29.818 		-34.853 		32.81
v -29.831 		-34.831 		32.864
v -24.329 		-37.018 		40.222
v -25.429 		-40.574 		23.222
v -25.121 		-37.385 		11.137
v -25.445 		-40.557 		23.295
v -28 		-34.227 		41.864
v -28 		-34.201 		41.81
v -24.487 		-37.061 		40.222
v -29.912 		-34.69 		31.295
v -25.268 		-40.734 		23.488
v -24.51 		-37.067 		40.295
v -25.281 		-40.721 		23.384
v -25.296 		-40.706 		23.295
v -31.111 		-39.798 		24.648
v -30.688 		-35.315 		32.81
v -25.065 		-37.957 		11.137
v -25.121 		-38.53 		11.137
v -31.129 		-39.809 		24.737
v -30.65 		-35.352 		32.898
v -30.669 		-35.333 		32.864
v -24.53 		-37.072 		40.384
v -26.37 		-40.398 		11.137
v -25.288 		-39.081 		11.137
v -30.571 		-35.431 		32.81
v -24.353 		-37.025 		40.168
v -31.149 		-39.82 		24.81
v -24.38 		-37.032 		40.134
v -25.56 		-39.588 		11.137
v -24.408 		-37.04 		40.122
v -30.59 		-35.413 		32.864
v -24.436 		-37.047 		40.134
v -25.925 		-40.032 		11.137
v -24.463 		-37.054 		40.168
v -30.609 		-35.393 		32.898
v -31.172 		-39.833 		24.864
v -30.629 		-35.373 		32.91
v -31.195 		-39.847 		24.898
v -31.22 		-39.862 		24.91
v -27.427 		-40.836 		11.137
v -26.877 		-40.669 		11.137
v -31.246 		-36.128 		32.898
v -31.269 		-36.115 		32.864
v -31.292 		-36.102 		32.81
v -28.573 		-40.836 		11.137
v -28 		-40.892 		11.137
v -31.149 		-36.184 		32.81
v -31.246 		-39.876 		24.898
v -31.269 		-39.89 		24.864
v -31.292 		-39.903 		24.81
v -31.312 		-39.914 		24.737
v -31.33 		-39.925 		24.648
v -31.172 		-36.171 		32.864
v -31.195 		-36.157 		32.898
v -29.9 		-34.711 		31.222
v -29.888 		-34.733 		31.168
v -29.874 		-34.757 		31.134
v -29.859 		-34.782 		31.122
v -29.845 		-34.807 		31.134
v -31.22 		-36.143 		32.91
v -24.105 		-38.002 		40.871
v -24.112 		-38.002 		40.733
v -24.451 		-38.002 		40.733
v -24.458 		-38.002 		40.871
v -24.123 		-38.002 		40.605
v -24.137 		-38.002 		40.488
v -31.592 		-38.965 		24.91
v -31.592 		-38.9646 		24.91
v -24.426 		-38.002 		40.488
v -31.592 		-38.9646 		24.91
v -31.47 		-38.932 		24.648
v -24.44 		-38.002 		40.605
v -31.537 		-38.95 		24.864
v -29.123 		-35.246 		11.137
v -29.63 		-35.517 		11.137
v -29 		-34.271 		24.544
v -31.564 		-38.957 		24.898
v -29.004 		-34.257 		24.427
v -29.006 		-34.246 		24.299
v -24.155 		-38.002 		40.384
v -24.176 		-38.002 		40.295
v -31.592 		-38.9646 		24.91
v -24.199 		-38.002 		40.222
v -29.008 		-34.24 		24.161
v -24.225 		-38.002 		40.168
v -30.712 		-36.834 		11.137
v -30.44 		-36.327 		11.137
v -24.252 		-38.002 		40.134
v -29.796 		-34.891 		32.648
v -24.281 		-38.002 		40.122
v -30.075 		-35.882 		11.137
v -31.49 		-38.937 		24.737
v -24.31 		-38.002 		40.134
v -29.807 		-34.873 		32.737
v -31.513 		-38.943 		24.81
v -28.917 		-34.581 		24.161
v -31.62 		-37.032 		32.898
v -31.647 		-37.025 		32.864
v -31.671 		-37.018 		32.81
v -28.919 		-34.574 		24.299
v -24.338 		-38.002 		40.168
v -31.513 		-37.061 		32.81
v -28.921 		-34.564 		24.427
v -24.364 		-38.002 		40.222
v -31.537 		-37.054 		32.864
v -30.935 		-37.957 		11.137
v -30.879 		-37.385 		11.137
v -30.879 		-38.53 		11.137
v -24.387 		-38.002 		40.295
v -28.925 		-34.55 		24.544
v -29.807 		-34.873 		31.295
v -24.408 		-38.002 		40.384
v -28.93 		-41.472 		24.648
v -31.564 		-37.047 		32.898
v -29.009 		-34.238 		24.016
v -29.008 		-34.24 		23.871
v -29.006 		-34.246 		23.733
v -29.004 		-34.257 		23.605
v -29.796 		-34.891 		31.384
v -31.592 		-37.04 		32.91
v -30.712 		-39.081 		11.137
v -30.44 		-39.588 		11.137
v -29.831 		-34.831 		31.168
v -28.921 		-34.564 		23.605
v -29.123 		-40.669 		11.137
v -29.63 		-40.398 		11.137
v -28.97 		-41.622 		24.898
v -28.977 		-41.649 		24.864
v -30.075 		-40.032 		11.137
v -29.818 		-34.853 		31.222
v -28.919 		-34.574 		23.733
v -28.948 		-41.54 		24.864
v -28.917 		-34.581 		23.871
v -28.955 		-41.566 		24.898
v -28.916 		-34.583 		24.016
v -31.636 		-38.002 		32.81
v -28.962 		-41.594 		24.91
v -24.238 		-39.01 		40.871
v -24.244 		-39.009 		40.733
v -29 		-34.271 		23.488
v -28.995 		-34.288 		23.384
v -24.255 		-39.006 		40.605
v -28.984 		-41.674 		24.81
v -24.269 		-39.002 		40.488
v -28.99 		-41.696 		24.737
v -30.704 		-35.298 		32.737
v -28.995 		-41.716 		24.648
v -31.662 		-38.002 		32.864
v -30.719 		-35.283 		32.648
v -24.286 		-38.997 		40.384
v -24.306 		-38.992 		40.295
v -28.935 		-41.492 		24.737
v -27.326 		-41.348 		16.164
v -31.69 		-38.002 		32.898
v -26.677 		-41.151 		16.164
v -28.674 		-41.348 		16.164
v -28 		-41.414 		16.164
v -29.323 		-41.151 		16.164
v -28.925 		-34.55 		23.488
v -24.329 		-38.986 		40.222
v -31.719 		-38.002 		32.91
v -28.941 		-41.515 		24.81
v -26.404 		-36.362 		7.858
v -24.353 		-38.979 		40.168
v -24.38 		-38.972 		40.134
v -24.408 		-38.965 		40.122
v -26.124 		-36.704 		7.858
v -31.748 		-38.002 		32.898
v -31.775 		-38.002 		32.864
v -31.801 		-38.002 		32.81
v -28 		-35.701 		7.858
v -27.56 		-35.745 		7.858
v -24.436 		-38.957 		40.134
v -30.719 		-35.283 		31.384
v -30.704 		-35.298 		31.295
v -28.44 		-35.745 		7.858
v -26.746 		-36.081 		7.858
v -28.93 		-34.532 		23.384
v -30.688 		-35.315 		31.222
v -24.4081 		-38.9652 		32.91
v -24.408 		-38.965 		32.91
v -24.4081 		-38.9652 		32.91
v -29.796 		-41.113 		24.648
v -28.99 		-34.308 		23.295
v -28.984 		-34.331 		23.222
v -27.137 		-35.873 		7.858
v -28.977 		-34.356 		23.168
v -28.97 		-34.382 		23.134
v -29.807 		-41.131 		24.737
v -24.38 		-37.032 		32.898
v -24.353 		-37.025 		32.864
v -30.65 		-40.652 		32.898
v -30.669 		-40.672 		32.864
v -27.429 		-36.579 		7.073
v -30.688 		-40.69 		32.81
v -27.171 		-36.717 		7.073
v -28.962 		-34.41 		23.122
v -24.329 		-37.018 		32.81
v -29.818 		-41.151 		24.81
v -24.487 		-37.061 		32.81
v -30.571 		-40.574 		32.81
v -30.669 		-35.333 		31.168
v -30.65 		-35.352 		31.134
v -30.59 		-40.592 		32.864
v -30.629 		-35.373 		31.122
v -28.571 		-36.579 		7.073
v -28.291 		-36.494 		7.073
v -28 		-36.466 		7.073
v -24.463 		-37.054 		32.864
v -28.955 		-34.438 		23.134
v -29.831 		-41.174 		24.864
v -27.709 		-36.494 		7.073
v -30.609 		-40.611 		32.898
v -28.948 		-34.465 		23.168
v -30.609 		-35.393 		31.134
v -30.59 		-35.413 		31.168
v -29.845 		-41.198 		24.898
v -28.941 		-34.49 		23.222
v -30.629 		-40.632 		32.91
v -24.436 		-37.047 		32.898
v -30.571 		-35.431 		31.222
v -28.935 		-34.512 		23.295
v -24.408 		-37.04 		32.91
v -30.732 		-35.271 		32.544
v -30.742 		-35.26 		32.427
v -25.915 		-37.094 		7.858
v -25.787 		-37.517 		7.858
v -30.749 		-35.253 		32.299
v -29.874 		-41.248 		24.898
v -29.888 		-41.272 		24.864
v -29.9 		-41.294 		24.81
v -29.912 		-41.314 		24.737
v -25.915 		-38.82 		7.858
v -24.225 		-38.002 		32.864
v -29.923 		-41.332 		24.648
v -25.787 		-38.397 		7.858
v -24.252 		-38.002 		32.898
v -24.199 		-38.002 		32.81
v -25.744 		-37.957 		7.858
v -24.364 		-38.002 		32.81
v -31.62 		-38.972 		32.898
v -31.647 		-38.979 		32.864
v -29.859 		-41.223 		24.91
v -29.931 		-34.657 		24.544
v -29.939 		-34.644 		24.427
v -31.671 		-38.986 		32.81
v -29.944 		-34.635 		24.299
v -24.338 		-38.002 		32.864
v -30.754 		-35.248 		32.161
v -26.622 		-37.387 		7.073
v -29.948 		-34.629 		24.161
v -30.756 		-35.246 		32.016
v -26.537 		-37.666 		7.073
v -30.754 		-35.248 		31.871
v -24.31 		-38.002 		32.898
v -24.281 		-38.002 		32.91
v -26.622 		-38.528 		7.073
v -26.537 		-38.248 		7.073
v -29.949 		-34.627 		24.016
v -29.948 		-34.629 		23.871
v -30.749 		-35.253 		31.733
v -29.8593 		-41.2228 		31.122
v -29.859 		-41.223 		31.122
v -29.8593 		-41.2228 		31.122
v -28 		-41.865 		32.544
v -30.742 		-35.26 		31.605
v -29.944 		-34.635 		23.733
v -29.939 		-34.644 		23.605
v -26.508 		-37.957 		7.073
v -30.732 		-35.271 		31.488
v -28 		-41.88 		32.427
v -28 		-41.891 		32.299
v -31.149 		-39.82 		32.81
v -29.931 		-34.657 		23.488
v -29.923 		-34.672 		23.384
v -26.76 		-37.128 		7.073
v -26.76 		-38.786 		7.073
v -24.38 		-38.972 		32.898
v -24.353 		-38.979 		32.864
v -31.172 		-39.833 		32.864
v -29.912 		-34.69 		23.295
v -24.329 		-38.986 		32.81
v -24.436 		-38.957 		32.898
v -31.195 		-39.847 		32.898
v -28 		-41.897 		32.161
v -28 		-41.9 		32.016
v -24.4081 		-38.9652 		32.91
v -26.945 		-36.903 		7.073
v -31.22 		-39.862 		32.91
v -28 		-41.897 		31.871
v -26.124 		-39.211 		7.858
v -31.246 		-39.876 		32.898
v -26.404 		-39.553 		7.858
v -31.269 		-39.89 		32.864
v -31.292 		-39.903 		32.81
v -26.746 		-39.833 		7.858
v -28 		-41.891 		31.733
v -28 		-41.88 		31.605
v -28 		-41.865 		31.488
v -31.095 		-36.215 		32.544
v -28.44 		-40.17 		7.858
v -28 		-40.214 		7.858
v -31.111 		-36.206 		32.648
v -27.137 		-40.042 		7.858
v -31.129 		-36.196 		32.737
v -27.56 		-40.17 		7.858
v -26.945 		-39.012 		7.073
v -24.572 		-38.921 		40.733
v -31.592 		-38.965 		32.91
v -31.592 		-38.9646 		32.91
v -31.592 		-38.9646 		32.91
v -31.513 		-38.943 		32.81
v -27.429 		-39.335 		7.073
v -31.074 		-36.228 		32.299
v -27.171 		-39.198 		7.073
v -28.919 		-41.43 		32.299
v -31.537 		-38.95 		32.864
v -24.547 		-38.927 		40.488
v -31.083 		-36.222 		32.427
v -24.561 		-38.924 		40.605
v -31.564 		-38.957 		32.898
v -28 		-39.449 		7.073
v -27.709 		-39.42 		7.073
v -28.921 		-41.441 		32.427
v -28.291 		-39.42 		7.073
v -31.592 		-38.9646 		32.91
v -24.487 		-38.943 		40.222
v -31.312 		-36.09 		32.737
v -28.571 		-39.335 		7.073
v -31.33 		-36.08 		32.648
v -28.925 		-41.455 		32.544
v -24.51 		-38.937 		40.295
v -31.345 		-36.071 		32.544
v -31.358 		-36.063 		32.427
v -29.9 		-34.711 		23.222
v -29.888 		-34.733 		23.168
v -31.367 		-36.058 		32.299
v -24.53 		-38.932 		40.384
v -29.874 		-34.757 		23.134
v -29.859 		-34.782 		23.122
v -28.93 		-41.472 		32.648
v -29.8593 		-41.2228 		40.122
v -29.859 		-41.223 		40.122
v -29.8593 		-41.2228 		40.122
v -28 		-41.897 		40.871
v -28 		-41.891 		40.733
v -28.99 		-41.696 		32.737
v -28.995 		-41.716 		32.648
v -29 		-41.734 		32.544
v -29.845 		-34.807 		23.134
v -28 		-41.88 		40.605
v -28 		-41.865 		40.488
v -24.463 		-38.95 		40.168
v -28.935 		-41.492 		32.737
v -29.004 		-41.748 		32.427
v -29.006 		-41.758 		32.299
v -31.068 		-36.231 		31.871
v -31.066 		-36.232 		32.016
v -31.068 		-36.231 		32.161
v -24.487 		-38.943 		32.81
v -28.93 		-41.472 		40.384
v -28.917 		-41.424 		31.871
v -28.925 		-41.455 		40.488
v -31.373 		-36.055 		32.161
v -24.463 		-38.95 		32.864
v -28.916 		-41.421 		32.016
v -31.375 		-36.053 		32.016
v -31.373 		-36.055 		31.871
v -28.917 		-41.424 		32.161
v -29.008 		-41.765 		32.161
v -28.921 		-41.441 		40.605
v -29.009 		-41.767 		32.016
v -29.008 		-41.765 		31.871
v -28.919 		-41.43 		40.733
v -29.831 		-34.831 		23.168
v -28.917 		-41.424 		40.871
v -31.095 		-36.215 		31.488
v -29.008 		-41.765 		40.871
v -31.083 		-36.222 		31.605
v -29.006 		-41.758 		40.733
v -29.004 		-41.748 		40.605
v -29 		-41.734 		40.488
v -28.93 		-41.472 		31.384
v -31.074 		-36.228 		31.733
v -29.818 		-34.853 		23.222
v -28.925 		-41.455 		31.488
v -28.829 		-36.717 		7.073
v -26.052 		-34.629 		40.871
v -26.056 		-34.635 		40.733
v -26.061 		-34.644 		40.605
v -29.876 		-36.704 		7.858
v -29.807 		-34.873 		23.295
v -29.254 		-36.081 		7.858
v -26.069 		-34.657 		40.488
v -28.863 		-35.873 		7.858
v -28.921 		-41.441 		31.605
v -29.596 		-36.362 		7.858
v -28.919 		-41.43 		31.733
v -31.129 		-36.196 		31.295
v -26.077 		-34.672 		40.384
v -26.088 		-34.69 		40.295
v -31.111 		-36.206 		31.384
v -29.006 		-41.758 		31.733
v -26.1 		-34.711 		40.222
v -29.004 		-41.748 		31.605
v -26.112 		-34.733 		40.168
v -29.796 		-34.891 		23.384
v -30.085 		-37.094 		7.858
v -29 		-41.734 		31.488
v -30.213 		-37.517 		7.858
v -28.995 		-41.716 		31.384
v -28.99 		-41.696 		31.295
v -28.995 		-41.716 		40.384
v -28.99 		-41.696 		40.295
v -28.935 		-41.492 		31.295
v -28.984 		-41.674 		40.222
v -28.941 		-41.515 		40.222
v -30.085 		-38.82 		7.858
v -28.984 		-41.674 		31.222
v -30.213 		-38.397 		7.858
v -28.977 		-41.649 		31.168
v -30.256 		-37.957 		7.858
v -28.935 		-41.492 		40.295
v -28.97 		-41.622 		31.134
v -28.962 		-41.594 		31.122
v -26.126 		-34.757 		40.134
v -29.463 		-37.666 		7.073
v -26.141 		-34.782 		40.122
v -28.955 		-41.566 		31.134
v -29.055 		-36.903 		7.073
v -28.977 		-41.649 		40.168
v -29.24 		-37.128 		7.073
v -29.378 		-37.387 		7.073
v -26.155 		-34.807 		40.134
v -28.97 		-41.622 		40.134
v -28.962 		-41.594 		40.122
v -28.948 		-41.54 		31.168
v -28.955 		-41.566 		40.134
v -28.941 		-41.515 		31.222
v -29.463 		-38.248 		7.073
v -29.492 		-37.957 		7.073
v -29.24 		-38.786 		7.073
v -28.948 		-41.54 		40.168
v -29.378 		-38.528 		7.073
v -25.246 		-35.248 		40.871
v -25.251 		-35.253 		40.733
v -25.258 		-35.26 		40.605
v -25.268 		-35.271 		40.488
v -29.876 		-39.211 		7.858
v -25.281 		-35.283 		40.384
v -25.296 		-35.298 		40.295
v -25.312 		-35.315 		40.222
v -29.055 		-39.012 		7.073
v -28.829 		-39.198 		7.073
v -28.863 		-40.042 		7.858
v -30.719 		-35.283 		23.384
v -30.704 		-35.298 		23.295
v -29.254 		-39.833 		7.858
v -30.688 		-35.315 		23.222
v -29.596 		-39.553 		7.858
v -25.331 		-35.333 		40.168
v -29.912 		-41.314 		32.737
v -29.923 		-41.332 		32.648
v -25.35 		-35.352 		40.134
v -25.371 		-35.373 		40.122
v -29.931 		-41.348 		32.544
v -25.391 		-35.393 		40.134
v -29.787 		-41.098 		32.544
v -30.59 		-35.413 		23.168
v -25.41 		-35.413 		40.168
v -29.796 		-41.113 		32.648
v -29.948 		-41.375 		40.871
v -29.944 		-41.37 		40.733
v -30.571 		-35.431 		23.222
v -29.774 		-41.076 		40.733
v -29.807 		-41.131 		32.737
v -29.771 		-41.07 		40.871
v -30.669 		-35.333 		23.168
v -30.65 		-35.352 		23.134
v -30.629 		-35.373 		23.122
v -29.939 		-41.36 		32.427
v -29.944 		-41.37 		32.299
v -29.939 		-41.36 		40.605
v -29.931 		-41.348 		40.488
v -29.774 		-41.076 		32.299
v -26.213 		-34.907 		40.488
v -29.787 		-41.098 		40.488
v -29.78 		-41.085 		32.427
v -30.609 		-35.393 		23.134
v -29.78 		-41.085 		40.605
v -26.22 		-34.919 		40.605
v -26.226 		-34.929 		40.733
v -29.845 		-41.198 		40.134
v -29.948 		-41.375 		32.161
v -29.831 		-41.174 		40.168
v -26.229 		-34.935 		40.871
v -29.949 		-41.377 		32.016
v -29.948 		-41.375 		31.871
v -29.771 		-41.07 		31.871
v -26.169 		-34.831 		40.168
v -29.818 		-41.151 		40.222
v -30.732 		-35.271 		24.544
v -30.742 		-35.26 		24.427
v -30.749 		-35.253 		24.299
v -30.754 		-35.248 		24.161
v -26.182 		-34.853 		40.222
v -29.77 		-41.068 		32.016
v -26.193 		-34.873 		40.295
v -29.771 		-41.07 		32.161
v -29.807 		-41.131 		40.295
v -29.796 		-41.113 		40.384
v -29.944 		-41.37 		31.733
v -29.939 		-41.36 		31.605
v -26.204 		-34.891 		40.384
v -29.931 		-41.348 		31.488
v -29.78 		-41.085 		31.605
v -30.756 		-35.246 		24.016
v -29.787 		-41.098 		31.488
v -30.754 		-35.248 		23.871
v -30.749 		-35.253 		23.733
v -30.742 		-35.26 		23.605
v -29.774 		-41.076 		31.733
v -29.923 		-41.332 		40.384
v -29.923 		-41.332 		31.384
v -29.912 		-41.314 		40.295
v -29.9 		-41.294 		40.222
v -29.888 		-41.272 		40.168
v -30.732 		-35.271 		23.488
v -29.874 		-41.248 		40.134
v -29.912 		-41.314 		31.295
v -29.8593 		-41.2228 		40.122
v -29.807 		-41.131 		31.295
v -29.796 		-41.113 		31.384
v -29.9 		-41.294 		31.222
v -29.888 		-41.272 		31.168
v -29.874 		-41.248 		31.134
v -29.8593 		-41.2228 		31.122
v -28.97 		-41.622 		32.898
v -28.977 		-41.649 		32.864
v -28.984 		-41.674 		32.81
v -29.845 		-41.198 		31.134
v -28.941 		-41.515 		32.81
v -31.068 		-36.231 		24.161
v -29.831 		-41.174 		31.168
v -29.818 		-41.151 		31.222
v -28.948 		-41.54 		32.864
v -28.955 		-41.566 		32.898
v -31.074 		-36.228 		24.299
v -28.962 		-41.594 		32.91
v -31.083 		-36.222 		24.427
v -26.112 		-41.272 		24.864
v -26.1 		-41.294 		24.81
v -26.088 		-41.314 		24.737
v -26.077 		-41.332 		24.648
v -31.095 		-36.215 		24.544
v -29.874 		-41.248 		32.898
v -29.888 		-41.272 		32.864
v -29.9 		-41.294 		32.81
v -29.818 		-41.151 		32.81
v -26.126 		-41.248 		24.898
v -29.831 		-41.174 		32.864
v -31.345 		-36.071 		24.544
v -31.358 		-36.063 		24.427
v -29.845 		-41.198 		32.898
v -29.859 		-41.223 		32.91
v -31.367 		-36.058 		24.299
v -31.373 		-36.055 		24.161
v -27.07 		-41.472 		24.648
v -26.052 		-41.375 		40.871
v -26.056 		-41.37 		40.733
v -26.061 		-41.36 		40.605
v -26.069 		-41.348 		40.488
v -27.03 		-41.622 		24.898
v -27.023 		-41.649 		24.864
v -27.052 		-41.54 		24.864
v -27.045 		-41.566 		24.898
v -26.077 		-41.332 		40.384
v -26.088 		-41.314 		40.295
v -27.038 		-41.594 		24.91
v -26.1 		-41.294 		40.222
v -26.112 		-41.272 		40.168
v -27.016 		-41.674 		24.81
v -27.01 		-41.696 		24.737
v -27.005 		-41.716 		24.648
v -27.065 		-41.492 		24.737
v -26.126 		-41.248 		40.134
v -27.059 		-41.515 		24.81
v -31.083 		-36.222 		23.605
v -31.074 		-36.228 		23.733
v -31.068 		-36.231 		23.871
v -27.075 		-41.455 		40.488
v -27.079 		-41.441 		40.605
v -27.081 		-41.43 		40.733
v -31.066 		-36.232 		24.016
v -28 		-41.594 		24.648
v -27.083 		-41.424 		40.871
v -28 		-41.615 		24.737
v -31.375 		-36.053 		24.016
v -31.373 		-36.055 		23.871
v -31.367 		-36.058 		23.733
v -31.358 		-36.063 		23.605
v -31.111 		-36.206 		23.384
v -31.095 		-36.215 		23.488
v -31.22 		-36.143 		23.122
v -31.195 		-36.157 		23.134
v -31.172 		-36.171 		23.168
v -31.149 		-36.184 		23.222
v -31.129 		-36.196 		23.295
v -31.345 		-36.071 		23.488
v -31.33 		-36.08 		23.384
v -31.312 		-36.09 		23.295
v -31.292 		-36.102 		23.222
v -31.269 		-36.115 		23.168
v -31.246 		-36.128 		23.134
# 5254 vertices

g group_0_6383466

usemtl color_6383466
s 0

f 27 	2482 	26
f 2482 	2483 	26
f 28 	2473 	27
f 29 	2472 	28
f 34 	2451 	33
f 35 	2450 	34
f 40 	2285 	39
f 39 	2272 	38
f 41 	2285 	40
f 42 	2285 	41
f 43 	2285 	42
f 44 	2285 	43
f 39 	33 	40
f 1720 	1733 	47
f 35 	38 	37
f 38 	33 	39
f 41 	29 	42
f 42 	29 	43
f 44 	26 	45
f 26 	46 	45
f 33 	32 	40
f 41 	40 	31
f 32 	31 	40
f 24 	1720 	47
f 38 	35 	34
f 34 	33 	38
f 31 	29 	41
f 29 	28 	43
f 24 	47 	25
f 46 	25 	47
f 44 	43 	27
f 28 	27 	43
f 27 	26 	44
f 46 	26 	25
f 306 	2448 	305
f 307 	2446 	306
f 308 	2446 	307
f 309 	2397 	308
f 310 	2397 	309
f 311 	2396 	310
f 312 	2381 	311
f 316 	2241 	315
f 317 	2241 	316
f 318 	2241 	317
f 319 	2241 	318
f 320 	2263 	319
f 319 	306 	320
f 317 	309 	318
f 309 	317 	316
f 315 	311 	316
f 306 	321 	320
f 311 	315 	314
f 307 	319 	308
f 318 	308 	319
f 307 	306 	319
f 309 	308 	318
f 316 	310 	309
f 311 	310 	316
f 306 	305 	321
f 305 	304 	322
f 305 	322 	321
f 314 	312 	311
f 1714 	2852 	1713
f 1712 	1713 	3014
f 3014 	2443 	1712
f 1715 	2851 	1714
f 1716 	2851 	1715
f 1717 	3019 	1716
f 1718 	3019 	1717
f 1719 	3050 	1718
f 24 	2489 	1720
f 1723 	2254 	1722
f 1724 	2254 	1723
f 1725 	2254 	1724
f 1728 	2253 	1727
f 1711 	1727 	1726
f 1724 	1723 	1715
f 1723 	1722 	1716
f 1723 	1716 	1715
f 1721 	1731 	1718
f 1716 	1722 	1721
f 1711 	1710 	1727
f 1728 	1727 	1710
f 1731 	1730 	1719
f 1731 	1719 	1718
f 1720 	1719 	1733
f 1730 	1733 	1719
f 1726 	1712 	1711
f 1714 	1724 	1715
f 1717 	1721 	1718
f 1716 	1721 	1717
f 1713 	1712 	1725
f 1726 	1725 	1712
f 1725 	1724 	1714
f 1725 	1714 	1713
f 315 	2237 	314
f 2249 	3484 	2248
f 2253 	3484 	2249
f 2237 	2233 	314
f 2237 	315 	2236
f 2233 	2231 	314
f 2238 	3481 	2235
f 2232 	2235 	3482
f 2231 	2232 	3482
f 3482 	2229 	2231
f 2229 	314 	2231
f 2236 	315 	2239
f 2239 	315 	2241
f 2244 	2270 	2243
f 2246 	2270 	2244
f 2242 	319 	2263
f 2240 	319 	2242
f 2241 	319 	2240
f 2242 	2265 	2270
f 2246 	2242 	2270
f 3479 	3480 	2257
f 2238 	2243 	2270
f 2238 	2270 	2257
f 2290 	2280 	2272
f 2248 	3484 	2250
f 2251 	2250 	3476
f 2258 	3476 	2257
f 2251 	3476 	2258
f 2257 	3476 	3477
f 3477 	3478 	2257
f 2257 	2270 	2259
f 2270 	2273 	2259
f 2273 	2272 	2259
f 2264 	2242 	2263
f 2265 	2242 	2264
f 2263 	320 	2268
f 2267 	37 	2266
f 2266 	38 	2271
f 2271 	38 	2272
f 2256 	2259 	2272
f 37 	2268 	322
f 322 	2268 	321
f 46 	47 	2283
f 2254 	2255 	1731
f 46 	2283 	45
f 2287 	2272 	2285
f 2290 	2272 	2289
f 2289 	2287 	2286
f 2272 	39 	2285
f 2287 	2289 	2272
f 2255 	2256 	2280
f 2280 	2281 	2255
f 2256 	2272 	2280
f 2285 	44 	2284
f 2284 	44 	2283
f 1730 	2283 	1733
f 45 	2283 	44
f 37 	38 	2266
f 2267 	2268 	37
f 320 	321 	2268
f 3484 	2253 	1728
f 2253 	1726 	1727
f 2254 	1725 	2253
f 2281 	1731 	2255
f 2282 	1730 	2281
f 1726 	2253 	1725
f 2283 	1730 	2282
f 1731 	2281 	1730
f 1721 	1722 	2254
f 1731 	1721 	2254
f 47 	1733 	2283
f 2229 	3482 	2299
f 2299 	314 	2229
f 304 	35 	37
f 322 	304 	37
f 3465 	3466 	2394
f 2418 	2394 	3466
f 3466 	3467 	2418
f 3467 	3468 	2297
f 2377 	2297 	3468
f 314 	2299 	312
f 2298 	2418 	3467
f 2399 	311 	2381
f 2380 	2381 	312
f 2396 	311 	2399
f 2380 	312 	2382
f 2384 	2382 	2299
f 2389 	2390 	2388
f 2387 	2388 	2390
f 2387 	2390 	2391
f 312 	2299 	2382
f 2397 	310 	2396
f 2405 	2391 	2404
f 2406 	2391 	2405
f 2407 	2391 	2406
f 2387 	2391 	2407
f 2403 	2404 	2391
f 2391 	2411 	2403
f 2413 	2403 	2412
f 2411 	2412 	2403
f 2414 	2403 	2413
f 2453 	2454 	2414
f 2299 	3465 	2384
f 2419 	3470 	2420
f 2297 	2298 	3467
f 2394 	2384 	3465
f 2424 	2425 	2423
f 2415 	2423 	2425
f 2415 	2425 	2426
f 2415 	2426 	2427
f 2415 	2427 	2428
f 2415 	2428 	2429
f 2430 	2431 	2415
f 2414 	2415 	2431
f 2429 	2430 	2415
f 2420 	3470 	2432
f 3472 	1710 	2435
f 3471 	3472 	2432
f 2435 	2432 	3472
f 2440 	2437 	1710
f 1710 	1711 	2440
f 2437 	2435 	1710
f 2447 	306 	2446
f 2446 	308 	2400
f 2400 	308 	2397
f 2448 	306 	2447
f 2459 	305 	2448
f 304 	305 	2459
f 2451 	34 	2450
f 2459 	2460 	304
f 2455 	2414 	2454
f 2456 	2414 	2455
f 2403 	2414 	2456
f 2450 	35 	2460
f 2414 	2462 	2463
f 2414 	2463 	2464
f 2414 	2464 	2465
f 2414 	2465 	2467
f 2414 	2467 	2452
f 2414 	2452 	2453
f 31 	32 	2471
f 2472 	31 	2471
f 2470 	2471 	32
f 2473 	28 	2472
f 2476 	2414 	2475
f 2477 	2414 	2476
f 2474 	2475 	2414
f 2478 	2414 	2477
f 2462 	2414 	2478
f 2431 	2474 	2414
f 25 	26 	2492
f 2482 	27 	2473
f 3050 	1719 	2490
f 2490 	1720 	2489
f 24 	25 	2493
f 32 	33 	2470
f 2492 	2493 	25
f 2489 	24 	2493
f 304 	2460 	35
f 2451 	2470 	33
f 2852 	1714 	2851
f 2444 	2439 	1711
f 3014 	1713 	2852
f 1720 	2490 	1719
f 2439 	2440 	1711
f 3019 	1718 	3050
f 2483 	2492 	26
f 2851 	1716 	3019
f 31 	2472 	29
f 3468 	3469 	2377
f 2419 	2377 	3469
f 3470 	2419 	3469
f 3471 	2432 	3470
f 2443 	2444 	1712
f 1711 	1712 	2444
f 3480 	3481 	2257
f 3478 	3479 	2257
f 2238 	2257 	3481
f 3482 	2235 	3481
f 3476 	2250 	3484
f 3482 	3465 	2299
f 3466 	3465 	3481
f 3482 	3481 	3465
f 3479 	3478 	3469
f 3469 	3478 	3477
f 3481 	3480 	3466
f 3477 	3476 	3471
f 3476 	3472 	3471
f 1710 	3472 	1728
f 3484 	1728 	3472
f 3476 	3484 	3472
f 3468 	3479 	3469
f 3477 	3470 	3469
f 3466 	3480 	3467
f 3480 	3479 	3468
f 3480 	3468 	3467
f 3477 	3471 	3470
# 292 faces

g group_0_11107152

usemtl color_11107152
s 0

f 4991 	49 	36
f 55 	57 	59
f 60 	59 	57
f 57 	55 	91
f 79 	66 	412
f 4901 	70 	69
f 4910 	86 	81
f 60 	57 	91
f 251 	82 	74
f 69 	70 	1024
f 253 	123 	121
f 1024 	1023 	69
f 87 	107 	939
f 109 	111 	948
f 129 	128 	239
f 241 	129 	239
f 241 	130 	129
f 135 	130 	243
f 20 	977 	9
f 121 	252 	253
f 324 	325 	147
f 204 	125 	124
f 147 	325 	149
f 204 	206 	125
f 325 	150 	149
f 110 	89 	225
f 383 	159 	158
f 389 	391 	164
f 163 	389 	164
f 212 	16 	51
f 4992 	249 	73
f 172 	1028 	156
f 4992 	73 	49
f 180 	487 	48
f 5154 	154 	180
f 167 	5233 	179
f 252 	82 	251
f 252 	121 	82
f 16 	212 	195
f 365 	190 	194
f 132 	125 	206
f 5110 	466 	118
f 236 	51 	58
f 4613 	197 	193
f 242 	178 	5231
f 159 	383 	385
f 385 	160 	159
f 385 	387 	160
f 387 	163 	160
f 163 	387 	389
f 4505 	219 	218
f 132 	206 	214
f 210 	218 	488
f 89 	132 	214
f 248 	58 	62
f 5131 	5126 	48
f 217 	526 	220
f 190 	359 	219
f 89 	214 	225
f 51 	236 	212
f 110 	225 	232
f 232 	5063 	242
f 110 	232 	15
f 243 	130 	241
f 15 	232 	242
f 243 	245 	135
f 137 	135 	245
f 58 	248 	236
f 245 	250 	137
f 249 	74 	73
f 249 	251 	74
f 123 	253 	256
f 501 	257 	234
f 119 	83 	261
f 256 	124 	123
f 256 	204 	124
f 484 	243 	241
f 245 	243 	4905
f 252 	5056 	253
f 255 	4627 	272
f 127 	973 	272
f 5 	6 	958
f 256 	5071 	5075
f 958 	1014 	5
f 206 	204 	5076
f 5076 	5078 	206
f 5078 	214 	206
f 5083 	225 	214
f 156 	1027 	139
f 83 	301 	261
f 83 	88 	301
f 1018 	1037 	186
f 105 	114 	332
f 332 	114 	195
f 21 	191 	1057
f 349 	372 	5101
f 193 	1060 	192
f 192 	1060 	1058
f 193 	197 	1061
f 295 	313 	1021
f 250 	324 	147
f 105 	327 	88
f 147 	137 	250
f 150 	325 	326
f 326 	158 	150
f 326 	383 	158
f 88 	327 	301
f 105 	332 	327
f 326 	325 	4926
f 190 	365 	359
f 573 	295 	288
f 345 	346 	347
f 562 	566 	313
f 261 	360 	119
f 313 	295 	562
f 420 	187 	171
f 420 	422 	187
f 1080 	187 	422
f 1080 	422 	425
f 5032 	5047 	356
f 414 	128 	351
f 356 	5047 	360
f 119 	360 	5047
f 156 	1028 	1027
f 203 	240 	1079
f 1079 	1074 	203
f 369 	5032 	356
f 194 	384 	365
f 1065 	366 	374
f 177 	384 	194
f 384 	177 	405
f 442 	408 	358
f 408 	348 	358
f 391 	170 	164
f 391 	413 	170
f 118 	466 	472
f 154 	118 	472
f 363 	1078 	392
f 428 	54 	48
f 633 	434 	442
f 4939 	603 	389
f 348 	408 	409
f 348 	409 	351
f 351 	409 	414
f 413 	171 	170
f 413 	420 	171
f 414 	239 	128
f 429 	469 	434
f 425 	427 	1084
f 428 	433 	54
f 66 	433 	412
f 436 	427 	640
f 441 	392 	1072
f 413 	391 	607
f 442 	346 	408
f 346 	458 	408
f 630 	632 	422
f 630 	422 	420
f 422 	632 	425
f 593 	374 	366
f 409 	408 	458
f 459 	409 	458
f 459 	414 	409
f 4937 	385 	383
f 460 	239 	414
f 510 	423 	257
f 390 	373 	4668
f 419 	4665 	4687
f 460 	414 	459
f 4939 	389 	387
f 239 	460 	483
f 655 	609 	392
f 663 	439 	444
f 210 	470 	237
f 4643 	372 	349
f 470 	210 	488
f 373 	4666 	4668
f 465 	469 	429
f 609 	363 	392
f 465 	429 	423
f 346 	5187 	347
f 413 	607 	626
f 626 	420 	413
f 478 	154 	472
f 476 	434 	469
f 479 	347 	458
f 347 	479 	345
f 476 	442 	434
f 487 	478 	4652
f 346 	345 	479
f 478 	180 	154
f 476 	346 	442
f 392 	441 	655
f 483 	484 	241
f 485 	474 	5229
f 478 	487 	180
f 474 	485 	688
f 346 	479 	458
f 488 	218 	490
f 219 	490 	218
f 48 	487 	428
f 3839 	3835 	556
f 3839 	556 	569
f 448 	642 	489
f 469 	5186 	476
f 219 	359 	490
f 433 	66 	54
f 79 	412 	417
f 483 	241 	239
f 4672 	466 	453
f 472 	466 	4674
f 498 	501 	234
f 498 	234 	226
f 4981 	510 	501
f 508 	511 	711
f 501 	510 	257
f 423 	510 	465
f 5238 	511 	508
f 5240 	513 	512
f 4911 	250 	245
f 4759 	545 	530
f 487 	4652 	4662
f 428 	487 	4662
f 5243 	468 	531
f 575 	231 	235
f 641 	235 	237
f 468 	669 	531
f 517 	801 	518
f 220 	526 	540
f 539 	5232 	543
f 575 	235 	641
f 540 	226 	220
f 540 	498 	226
f 540 	4964 	498
f 551 	5131 	557
f 4925 	325 	324
f 217 	313 	566
f 526 	217 	566
f 326 	4926 	4930
f 383 	326 	4930
f 570 	523 	728
f 231 	575 	545
f 15 	529 	581
f 562 	295 	573
f 3818 	579 	587
f 585 	580 	5253
f 4937 	383 	4930
f 110 	581 	574
f 574 	564 	89
f 587 	815 	525
f 581 	110 	15
f 374 	593 	595
f 5231 	539 	529
f 595 	379 	374
f 585 	554 	743
f 554 	746 	743
f 5233 	548 	543
f 749 	558 	563
f 15 	5231 	529
f 4368 	358 	348
f 601 	379 	595
f 601 	573 	288
f 601 	288 	379
f 391 	389 	603
f 603 	607 	391
f 616 	609 	5055
f 257 	423 	613
f 423 	429 	624
f 613 	423 	624
f 746 	558 	749
f 609 	616 	363
f 616 	366 	363
f 605 	611 	451
f 429 	434 	629
f 570 	728 	767
f 593 	616 	5023
f 616 	593 	366
f 429 	629 	624
f 605 	451 	416
f 861 	634 	890
f 434 	633 	629
f 626 	630 	420
f 425 	632 	636
f 577 	578 	804
f 427 	425 	636
f 633 	442 	358
f 3843 	611 	634
f 639 	3845 	634
f 556 	3835 	639
f 454 	660 	656
f 656 	642 	448
f 641 	237 	470
f 5140 	594 	627
f 427 	636 	640
f 169 	167 	5014
f 167 	179 	5011
f 436 	640 	646
f 538 	541 	676
f 642 	656 	1547
f 448 	454 	656
f 646 	441 	436
f 660 	454 	439
f 579 	569 	837
f 441 	646 	655
f 657 	658 	659
f 551 	703 	698
f 551 	557 	703
f 439 	663 	660
f 571 	591 	714
f 663 	444 	4444
f 721 	612 	615
f 522 	519 	788
f 722 	615 	620
f 740 	620 	625
f 468 	684 	669
f 537 	827 	517
f 474 	684 	468
f 474 	688 	684
f 676 	541 	679
f 636 	632 	5064
f 538 	676 	673
f 669 	684 	1566
f 542 	679 	541
f 5065 	640 	636
f 542 	682 	679
f 542 	544 	682
f 606 	549 	689
f 489 	692 	485
f 485 	692 	688
f 666 	3145 	665
f 551 	698 	549
f 611 	890 	634
f 549 	698 	689
f 688 	692 	1574
f 692 	489 	642
f 707 	557 	561
f 4956 	540 	526
f 703 	557 	707
f 562 	573 	5002
f 430 	497 	700
f 695 	430 	700
f 497 	499 	701
f 701 	700 	497
f 704 	701 	499
f 499 	500 	704
f 707 	561 	203
f 5036 	601 	595
f 639 	634 	861
f 203 	1074 	707
f 865 	639 	861
f 745 	690 	671
f 690 	748 	665
f 748 	751 	665
f 569 	556 	836
f 579 	837 	806
f 806 	587 	579
f 815 	587 	806
f 500 	508 	710
f 508 	711 	710
f 704 	500 	710
f 787 	683 	675
f 511 	512 	716
f 759 	686 	683
f 511 	716 	711
f 717 	716 	512
f 512 	513 	717
f 721 	615 	722
f 670 	747 	671
f 544 	571 	713
f 682 	544 	713
f 591 	715 	714
f 713 	571 	714
f 728 	523 	738
f 738 	523 	531
f 591 	592 	715
f 592 	612 	719
f 721 	719 	612
f 751 	666 	665
f 592 	719 	715
f 620 	740 	722
f 669 	738 	531
f 777 	706 	697
f 753 	625 	627
f 788 	519 	785
f 554 	558 	746
f 743 	746 	1611
f 753 	740 	625
f 749 	563 	758
f 760 	753 	627
f 758 	563 	568
f 760 	627 	594
f 765 	594 	600
f 600 	606 	769
f 570 	767 	568
f 767 	758 	568
f 689 	769 	606
f 519 	518 	785
f 763 	670 	686
f 594 	765 	760
f 670 	763 	747
f 686 	759 	763
f 747 	745 	671
f 690 	745 	748
f 600 	769 	765
f 751 	754 	666
f 772 	697 	693
f 769 	689 	1401
f 827 	801 	517
f 1366 	676 	679
f 777 	697 	772
f 675 	782 	787
f 698 	703 	1426
f 782 	706 	777
f 782 	675 	706
f 1523 	713 	714
f 785 	518 	801
f 759 	683 	787
f 721 	1578 	719
f 721 	722 	1582
f 1582 	1578 	721
f 522 	788 	843
f 825 	826 	745
f 758 	1624 	749
f 550 	546 	844
f 845 	672 	550
f 751 	820 	754
f 1282 	800 	804
f 763 	759 	830
f 763 	830 	658
f 825 	745 	747
f 748 	745 	826
f 839 	820 	751
f 748 	839 	751
f 717 	513 	798
f 534 	798 	513
f 754 	820 	823
f 534 	535 	799
f 534 	799 	798
f 535 	577 	800
f 577 	804 	800
f 799 	535 	800
f 578 	580 	807
f 804 	578 	807
f 777 	1497 	782
f 809 	807 	580
f 809 	580 	585
f 585 	743 	809
f 525 	815 	818
f 5227 	805 	786
f 747 	763 	658
f 5200 	816 	5219
f 1407 	689 	698
f 818 	821 	527
f 5188 	5190 	439
f 439 	454 	5188
f 5183 	454 	448
f 818 	527 	525
f 748 	826 	839
f 821 	827 	537
f 821 	537 	527
f 659 	835 	657
f 660 	1526 	656
f 549 	5126 	551
f 658 	657 	835
f 5126 	5131 	551
f 747 	658 	825
f 556 	865 	836
f 806 	837 	4469
f 569 	836 	837
f 835 	659 	825
f 658 	835 	825
f 749 	1617 	746
f 3615 	820 	839
f 843 	844 	546
f 843 	546 	522
f 550 	844 	845
f 128 	129 	4149
f 815 	4500 	818
f 4662 	4612 	428
f 433 	428 	4612
f 4536 	801 	827
f 672 	845 	854
f 854 	855 	674
f 412 	4603 	417
f 854 	674 	672
f 855 	678 	674
f 4603 	856 	417
f 556 	639 	865
f 855 	877 	678
f 877 	878 	680
f 877 	680 	678
f 5007 	870 	868
f 882 	611 	605
f 882 	4545 	890
f 130 	135 	4185
f 882 	890 	611
f 4948 	901 	892
f 135 	137 	4186
f 135 	4186 	4185
f 904 	416 	892
f 4569 	4459 	836
f 896 	986 	220
f 836 	4459 	837
f 234 	257 	907
f 818 	4500 	4526
f 4526 	821 	818
f 907 	257 	613
f 899 	234 	907
f 929 	2684 	903
f 901 	904 	892
f 890 	4551 	861
f 836 	865 	4569
f 904 	605 	416
f 909 	838 	1147
f 1023 	5008 	69
f 1081 	903 	902
f 70 	81 	883
f 919 	901 	4948
f 895 	886 	1066
f 929 	930 	2685
f 929 	2685 	2684
f 918 	81 	86
f 86 	921 	918
f 918 	883 	81
f 86 	87 	921
f 87 	939 	921
f 938 	1376 	924
f 4535 	821 	4526
f 939 	107 	940
f 220 	226 	896
f 111 	68 	951
f 68 	960 	951
f 12 	968 	960
f 957 	1149 	966
f 968 	12 	9
f 5 	1014 	4648
f 6 	21 	959
f 959 	958 	6
f 968 	1272 	960
f 21 	1057 	959
f 9 	977 	968
f 1150 	952 	936
f 954 	952 	1153
f 925 	1228 	977
f 107 	109 	940
f 127 	1045 	973
f 986 	896 	4160
f 983 	4967 	972
f 109 	948 	940
f 172 	1031 	1028
f 951 	948 	111
f 1031 	172 	181
f 1311 	921 	939
f 987 	1170 	955
f 968 	1277 	1272
f 61 	1018 	186
f 991 	915 	4958
f 1161 	993 	978
f 4782 	996 	998
f 186 	1037 	181
f 878 	995 	680
f 933 	938 	2757
f 944 	1021 	313
f 288 	1015 	1008
f 928 	893 	2702
f 1199 	961 	954
f 2893 	1006 	1020
f 99 	1009 	1007
f 1869 	965 	969
f 1014 	1011 	4648
f 969 	980 	2734
f 983 	1169 	988
f 1018 	61 	1007
f 1869 	969 	2734
f 61 	99 	1007
f 1204 	1026 	1020
f 967 	961 	1200
f 1200 	1213 	967
f 1213 	972 	967
f 939 	940 	1312
f 1311 	939 	1312
f 994 	1184 	999
f 70 	883 	1024
f 1104 	904 	901
f 4223 	1015 	1021
f 1037 	1031 	181
f 159 	160 	4262
f 987 	982 	1163
f 955 	1170 	1148
f 1442 	1036 	1035
f 1148 	957 	955
f 164 	4283 	163
f 1161 	1180 	993
f 1180 	994 	993
f 959 	1057 	1126
f 127 	139 	1045
f 850 	764 	1091
f 1045 	1238 	973
f 1194 	1204 	1020
f 1045 	139 	1027
f 1020 	1006 	1194
f 988 	1169 	1178
f 991 	988 	1178
f 1189 	991 	1178
f 1457 	1458 	1046
f 1457 	1046 	1044
f 1047 	1046 	1458
f 1458 	1460 	1047
f 1059 	880 	1089
f 1059 	886 	880
f 1059 	1066 	886
f 1058 	1057 	191
f 191 	192 	1058
f 878 	1100 	995
f 1101 	998 	996
f 1100 	996 	995
f 193 	1061 	1060
f 1136 	1132 	1061
f 1668 	1066 	1059
f 895 	1066 	1071
f 1072 	392 	1078
f 1052 	1054 	873
f 1052 	873 	872
f 1054 	1056 	874
f 1056 	902 	874
f 1135 	901 	919
f 874 	873 	1054
f 1131 	919 	915
f 1056 	1081 	902
f 962 	1414 	964
f 427 	1086 	1084
f 1110 	882 	605
f 1080 	425 	1084
f 255 	1085 	240
f 436 	1086 	427
f 255 	1087 	1085
f 240 	1085 	1079
f 1087 	255 	272
f 1083 	1089 	910
f 1083 	910 	906
f 880 	910 	1089
f 1334 	980 	969
f 954 	1153 	1199
f 1099 	1086 	436
f 961 	1199 	1200
f 1087 	272 	973
f 1129 	736 	739
f 1087 	973 	1931
f 1765 	1059 	1089
f 1095 	1091 	764
f 1081 	1082 	903
f 1082 	929 	903
f 915 	991 	1189
f 794 	1095 	764
f 1189 	1131 	915
f 958 	1116 	1014
f 739 	1137 	1129
f 1081 	1056 	1329
f 1028 	1265 	1259
f 1755 	1765 	1089
f 441 	1099 	436
f 996 	1100 	1101
f 1031 	1037 	1192
f 739 	744 	1137
f 1103 	863 	2623
f 1057 	1058 	1128
f 1095 	794 	1109
f 736 	1109 	794
f 1057 	1128 	1126
f 1058 	1060 	1132
f 1060 	1061 	1132
f 1110 	904 	1104
f 1110 	605 	904
f 878 	3948 	1100
f 1014 	1116 	1112
f 1083 	906 	1113
f 1099 	441 	1072
f 986 	944 	217
f 217 	220 	986
f 893 	1208 	1115
f 896 	226 	899
f 226 	234 	899
f 1106 	929 	1082
f 1106 	930 	929
f 1011 	1014 	1112
f 288 	1008 	379
f 1108 	930 	1106
f 1015 	288 	295
f 295 	1021 	1015
f 932 	930 	1108
f 1214 	1122 	1115
f 959 	1119 	958
f 1116 	958 	1119
f 1123 	998 	1101
f 1123 	1124 	912
f 934 	912 	1124
f 1108 	1117 	932
f 1123 	912 	998
f 1117 	946 	932
f 1109 	736 	1129
f 1124 	1236 	934
f 1106 	1338 	1108
f 1108 	1340 	1117
f 4776 	1137 	744
f 1135 	919 	1131
f 1117 	1341 	1138
f 1135 	539 	1104
f 1119 	959 	1126
f 1135 	1104 	901
f 1137 	4776 	4952
f 1132 	1128 	1058
f 1350 	1145 	1141
f 5211 	1124 	1123
f 1149 	957 	1148
f 1177 	1171 	842
f 842 	850 	1177
f 973 	1238 	1931
f 1237 	1150 	936
f 1171 	838 	842
f 944 	313 	217
f 363 	366 	1062
f 366 	1065 	1062
f 1078 	363 	1062
f 1237 	936 	935
f 1148 	1802 	1149
f 1152 	966 	1149
f 952 	1150 	1153
f 374 	379 	1069
f 379 	1008 	1069
f 374 	1069 	1065
f 1117 	1138 	946
f 1138 	1141 	950
f 1138 	950 	946
f 1145 	953 	1141
f 1141 	953 	950
f 1351 	1159 	1145
f 1265 	1028 	1031
f 1008 	1015 	4219
f 1163 	1170 	987
f 1171 	1147 	838
f 2541 	1147 	1171
f 1145 	975 	953
f 1145 	1159 	975
f 983 	1227 	1169
f 1159 	978 	975
f 1159 	1161 	978
f 1091 	1177 	850
f 1177 	1091 	2524
f 574 	1189 	1178
f 1027 	1028 	1259
f 1188 	1194 	1006
f 1001 	1188 	1006
f 1018 	1007 	1173
f 1037 	1202 	1192
f 1018 	1202 	1037
f 1209 	982 	1026
f 727 	1187 	1185
f 982 	1209 	1163
f 730 	1187 	727
f 1173 	1007 	1174
f 730 	1195 	1187
f 730 	733 	1195
f 1007 	1009 	1174
f 733 	860 	1198
f 1009 	1011 	1179
f 1198 	1195 	733
f 1209 	1026 	1204
f 1174 	1009 	1179
f 860 	864 	1201
f 1011 	1112 	1179
f 1201 	1198 	860
f 1201 	864 	1210
f 1202 	1018 	1173
f 994 	1180 	1184
f 870 	1291 	1218
f 999 	1184 	1186
f 1001 	999 	1186
f 1001 	1186 	1188
f 1210 	864 	867
f 867 	868 	1217
f 1210 	867 	1217
f 1141 	1138 	1349
f 1218 	1217 	868
f 1349 	1350 	1141
f 868 	870 	1218
f 977 	1228 	1277
f 1233 	925 	931
f 972 	1213 	1227
f 925 	1233 	1228
f 1227 	983 	972
f 1236 	935 	934
f 1236 	1237 	935
f 1045 	1027 	1249
f 1045 	1249 	1238
f 1159 	1351 	1356
f 1161 	1159 	1356
f 931 	1242 	1233
f 1259 	1249 	1027
f 885 	1242 	931
f 5212 	1236 	1124
f 1150 	1237 	5218
f 1442 	1245 	1246
f 586 	1213 	1200
f 552 	1227 	1213
f 884 	1255 	885
f 1242 	885 	1255
f 1250 	1459 	1256
f 1257 	1458 	1254
f 1257 	1258 	1460
f 543 	1110 	1104
f 1356 	1359 	1161
f 909 	1260 	884
f 1359 	1180 	1161
f 1257 	1460 	1458
f 909 	1147 	1260
f 666 	754 	1247
f 884 	1260 	1255
f 1245 	1151 	695
f 1265 	1031 	1192
f 695 	700 	1245
f 1246 	1245 	700
f 701 	1246 	700
f 701 	704 	1253
f 1253 	1246 	701
f 704 	1254 	1253
f 704 	710 	1254
f 710 	711 	1257
f 948 	951 	1268
f 1269 	1481 	1250
f 1257 	1254 	710
f 1258 	1257 	711
f 711 	716 	1258
f 951 	1270 	1268
f 716 	717 	1262
f 960 	1270 	951
f 1268 	1270 	2587
f 1262 	1258 	716
f 1270 	960 	1272
f 968 	977 	1277
f 564 	1178 	1169
f 1455 	1248 	1247
f 1119 	1412 	1116
f 1472 	1289 	1267
f 717 	1274 	1262
f 1275 	1274 	798
f 798 	799 	1275
f 1280 	1275 	799
f 1126 	1128 	1417
f 5210 	1123 	1101
f 5210 	5211 	1123
f 5211 	5212 	1124
f 1277 	1228 	2569
f 1280 	799 	800
f 1228 	1233 	2574
f 1179 	1112 	1308
f 2574 	2569 	1228
f 1280 	800 	1282
f 804 	1283 	1282
f 1242 	1255 	2562
f 1481 	1459 	1250
f 1131 	581 	529
f 1131 	529 	1135
f 1135 	529 	539
f 1256 	1459 	1464
f 543 	1104 	539
f 1272 	2589 	1270
f 2587 	1270 	2589
f 548 	1110 	543
f 548 	882 	1110
f 1289 	1290 	3160
f 1291 	1023 	1293
f 1023 	1024 	1293
f 1380 	1381 	1184
f 1381 	1186 	1184
f 1380 	1184 	1180
f 1024 	883 	1296
f 1289 	1499 	1290
f 5220 	5221 	1153
f 1179 	1305 	1174
f 1179 	1308 	1305
f 1291 	870 	1023
f 1153 	5221 	1199
f 1150 	5220 	1153
f 1296 	1293 	1024
f 883 	918 	1300
f 1200 	5226 	586
f 1296 	883 	1300
f 918 	921 	1302
f 586 	552 	1213
f 552 	553 	1227
f 1302 	1300 	918
f 921 	1311 	1302
f 553 	564 	1169
f 1169 	1227 	553
f 564 	574 	1178
f 1112 	1309 	1308
f 574 	581 	1189
f 1131 	1189 	581
f 1116 	1309 	1112
f 1312 	940 	1313
f 940 	948 	1313
f 1268 	1313 	948
f 1293 	2315 	1291
f 1307 	1303 	1519
f 1300 	1932 	1296
f 1325 	1054 	1052
f 1325 	1328 	1054
f 1328 	1056 	1054
f 1328 	1329 	1056
f 1327 	1330 	928
f 1326 	1546 	1372
f 1208 	893 	1330
f 1081 	1329 	1332
f 1332 	1333 	1082
f 1333 	1106 	1082
f 1332 	1082 	1081
f 1333 	1338 	1106
f 4997 	842 	838
f 1340 	1108 	1338
f 1341 	1117 	1340
f 1349 	1138 	1341
f 1350 	1351 	1145
f 1129 	2500 	1109
f 1260 	1147 	2538
f 1147 	2541 	2538
f 1233 	2563 	2574
f 1624 	1376 	1354
f 1380 	1180 	1359
f 1272 	1277 	2602
f 1308 	1769 	1305
f 3966 	1380 	1359
f 1381 	1384 	1186
f 1262 	1274 	1404
f 1384 	1385 	1188
f 1280 	1282 	1414
f 197 	673 	1362
f 1282 	1283 	1416
f 1362 	1061 	197
f 1347 	1787 	1389
f 1416 	1414 	1282
f 1363 	1362 	673
f 673 	676 	1363
f 1371 	1174 	1305
f 1366 	1363 	676
f 679 	682 	1367
f 1367 	1366 	679
f 1136 	1061 	1639
f 1331 	1626 	1588
f 1363 	1648 	1362
f 1639 	1362 	1648
f 1644 	1382 	1389
f 1392 	1575 	1402
f 689 	1407 	1401
f 1407 	698 	1426
f 1323 	1322 	1541
f 1405 	1404 	1274
f 1412 	1776 	1309
f 1274 	1275 	1405
f 1326 	1323 	1542
f 1542 	1546 	1326
f 1188 	1385 	1194
f 1384 	1188 	1186
f 1835 	1422 	1413
f 1430 	707 	1074
f 1411 	1275 	1280
f 1280 	1414 	1411
f 1275 	1411 	1405
f 703 	1430 	1426
f 1575 	1392 	1560
f 1392 	1383 	1560
f 1419 	1416 	1283
f 1283 	1284 	1419
f 1430 	703 	707
f 1431 	1385 	3996
f 1584 	1406 	1580
f 1334 	1419 	1284
f 1337 	1606 	1611
f 1194 	1385 	1431
f 1194 	1431 	1204
f 1339 	1596 	1346
f 1343 	1617 	1354
f 1337 	1611 	1343
f 717 	798 	1274
f 1323 	1541 	1542
f 1439 	1034 	1181
f 1035 	1034 	1439
f 1431 	1886 	1204
f 1181 	1151 	1439
f 1034 	1033 	1181
f 1435 	1403 	5108
f 1442 	1035 	1439
f 1036 	1442 	1444
f 1044 	1036 	1444
f 1554 	1555 	1378
f 1378 	1377 	1554
f 1367 	682 	1436
f 682 	713 	1436
f 1436 	713 	1523
f 1457 	1044 	1444
f 1383 	1378 	1555
f 1158 	1096 	1232
f 1103 	1096 	1158
f 1166 	1103 	1158
f 1166 	863 	1103
f 1309 	1116 	1412
f 1166 	1172 	863
f 875 	1172 	1176
f 1119 	1126 	1415
f 875 	863 	1172
f 1439 	1151 	1245
f 1245 	1442 	1439
f 754 	823 	1455
f 1444 	1442 	1246
f 1246 	1253 	1444
f 1126 	1417 	1415
f 1456 	1455 	1661
f 1119 	1415 	1412
f 1492 	772 	1882
f 1128 	1132 	1418
f 772 	1464 	1882
f 1256 	1464 	693
f 1418 	1417 	1128
f 1448 	1418 	1132
f 1132 	1136 	1448
f 1136 	2027 	1448
f 1460 	1461 	1049
f 1586 	1583 	740
f 753 	1586 	740
f 777 	1492 	1497
f 1460 	1049 	1047
f 1863 	1464 	1459
f 1075 	1049 	1461
f 1492 	777 	772
f 772 	693 	1464
f 1455 	1247 	754
f 1208 	1214 	1115
f 1456 	1248 	1455
f 1456 	1266 	1248
f 1226 	1122 	1214
f 1226 	1130 	1122
f 1232 	1130 	1226
f 1232 	1096 	1130
f 1253 	1254 	1457
f 1308 	1309 	1772
f 1457 	1444 	1253
f 1458 	1457 	1254
f 1772 	1769 	1308
f 1553 	760 	765
f 1553 	1536 	760
f 1481 	1269 	1477
f 1461 	1460 	1258
f 1258 	1262 	1461
f 1468 	830 	759
f 1456 	1469 	1266
f 1469 	1472 	1267
f 1469 	1267 	1266
f 1468 	759 	787
f 962 	1019 	1411
f 1661 	1455 	823
f 1414 	962 	1411
f 1456 	1661 	1663
f 964 	1414 	1416
f 1419 	965 	1416
f 1673 	1472 	1469
f 1663 	1469 	1456
f 964 	1416 	965
f 969 	965 	1419
f 1472 	1673 	1677
f 1334 	969 	1419
f 980 	1334 	1337
f 1499 	1472 	1677
f 1337 	1343 	949
f 980 	1337 	949
f 1343 	1354 	933
f 1682 	1503 	1499
f 949 	1343 	933
f 1354 	938 	933
f 1354 	1376 	938
f 924 	1376 	1327
f 924 	1327 	928
f 1330 	893 	928
f 1461 	1404 	1075
f 1404 	1405 	1017
f 740 	1583 	722
f 1508 	4055 	1477
f 1017 	1075 	1404
f 1411 	1019 	1405
f 1515 	1497 	3659
f 1289 	1472 	1499
f 1019 	1017 	1405
f 1499 	1503 	1290
f 1503 	1299 	1290
f 1389 	1787 	1644
f 1503 	1516 	1299
f 4904 	1511 	1514
f 1515 	782 	1497
f 1461 	1262 	1404
f 1468 	787 	1515
f 1515 	787 	782
f 1816 	1412 	1415
f 1519 	1303 	1607
f 1307 	1519 	1521
f 1436 	1689 	1367
f 1521 	1505 	3969
f 1521 	3969 	1307
f 3615 	3616 	820
f 1519 	1919 	1521
f 1516 	1517 	1301
f 1322 	1301 	1517
f 1516 	1301 	1299
f 714 	715 	1527
f 1525 	5184 	1518
f 1523 	714 	1527
f 1685 	1517 	1516
f 753 	760 	1536
f 1517 	1685 	1688
f 1586 	753 	1536
f 1172 	1526 	1176
f 663 	1538 	660
f 1526 	660 	1538
f 1176 	1526 	1538
f 692 	642 	1544
f 642 	1547 	1544
f 3592 	830 	1468
f 1322 	1517 	1541
f 658 	3597 	659
f 3608 	3588 	825
f 1547 	656 	1526
f 1574 	1544 	1158
f 1544 	1547 	1166
f 1172 	1166 	1547
f 1166 	1158 	1544
f 1564 	1553 	765
f 1547 	1526 	1172
f 738 	669 	1561
f 769 	1564 	765
f 769 	1401 	1564
f 669 	1566 	1561
f 1572 	1566 	684
f 1853 	1557 	1556
f 1089 	1083 	1755
f 1372 	1546 	1550
f 684 	688 	1572
f 1550 	1373 	1372
f 688 	1574 	1572
f 1550 	1552 	1373
f 1305 	1792 	1371
f 1066 	1668 	1679
f 1552 	1554 	1377
f 1571 	1573 	5138
f 1552 	1377 	1373
f 1544 	1574 	692
f 1560 	1383 	1555
f 2345 	1571 	1570
f 1679 	1071 	1066
f 1597 	1561 	1208
f 1580 	1406 	1402
f 1561 	1566 	1214
f 1214 	1208 	1561
f 1226 	1214 	1566
f 1566 	1572 	1226
f 1572 	1574 	1232
f 1626 	1331 	1335
f 1572 	1232 	1226
f 1158 	1232 	1574
f 1576 	719 	1578
f 1580 	1402 	1575
f 1339 	1406 	1584
f 1584 	1596 	1339
f 1583 	1582 	722
f 1607 	1346 	1596
f 2026 	1331 	1588
f 1607 	1303 	1346
f 1588 	1585 	2026
f 728 	1587 	767
f 1597 	1587 	728
f 2198 	1535 	1525
f 728 	738 	1597
f 715 	1576 	1527
f 715 	719 	1576
f 1561 	1597 	738
f 2082 	1596 	1584
f 1334 	1284 	1606
f 3941 	1755 	1083
f 3941 	1083 	1113
f 1121 	1152 	1826
f 2433 	1594 	1590
f 1121 	1826 	3924
f 1517 	1688 	1541
f 809 	743 	1606
f 1541 	1688 	1706
f 743 	1611 	1606
f 1121 	3924 	1111
f 1486 	1483 	2209
f 1883 	1586 	1536
f 1617 	1611 	746
f 1362 	1639 	1061
f 1624 	1617 	749
f 2228 	1514 	1511
f 1555 	1554 	1766
f 1560 	1767 	1777
f 1366 	1367 	1652
f 2143 	1518 	1514
f 1767 	1560 	1555
f 1575 	1560 	1777
f 1575 	1777 	2069
f 1436 	1523 	1691
f 2082 	1584 	2077
f 1624 	1354 	1617
f 1627 	1624 	758
f 2077 	1584 	1580
f 758 	767 	1627
f 767 	1587 	1627
f 1376 	1624 	1627
f 1576 	1817 	1527
f 1582 	1583 	1831
f 807 	1283 	804
f 1542 	1541 	1706
f 807 	809 	1284
f 1546 	1708 	1735
f 1735 	1550 	1546
f 1708 	1546 	1542
f 1284 	1283 	807
f 1606 	1284 	809
f 1637 	1335 	1382
f 1435 	1801 	1403
f 1883 	1865 	1586
f 1606 	1337 	1334
f 1626 	1335 	1637
f 1343 	1611 	1617
f 1852 	1163 	1893
f 1852 	1170 	1163
f 1637 	1382 	1644
f 1627 	1327 	1376
f 1627 	1587 	1327
f 1580 	1575 	2069
f 1587 	1330 	1327
f 1587 	1597 	1330
f 1170 	1852 	1856
f 1597 	1208 	1330
f 1519 	1607 	1942
f 1886 	1209 	1204
f 3617 	1661 	823
f 1209 	1893 	1163
f 1663 	1673 	1469
f 4203 	1677 	1673
f 1499 	1677 	1682
f 1503 	1682 	1684
f 1684 	1685 	1516
f 1649 	1648 	1363
f 1363 	1366 	1649
f 1684 	1516 	1503
f 1366 	1652 	1649
f 1679 	3891 	1697
f 4273 	1684 	1682
f 1071 	1679 	1697
f 1478 	2075 	1729
f 1688 	1685 	4279
f 1542 	1706 	1708
f 1523 	1808 	1691
f 5162 	1478 	1729
f 1689 	1652 	1367
f 1645 	5139 	1729
f 1729 	5139 	5162
f 1436 	1691 	1689
f 1735 	1763 	1550
f 1738 	1657 	2106
f 1329 	1328 	3882
f 1747 	1753 	1850
f 1816 	1415 	1821
f 1763 	1764 	1552
f 1764 	1554 	1552
f 1764 	1766 	1554
f 1407 	1426 	2358
f 1763 	1552 	1550
f 1766 	1767 	1555
f 1668 	1059 	1765
f 1185 	1187 	1753
f 1185 	1753 	1747
f 1187 	1195 	1754
f 1754 	1753 	1187
f 1754 	1902 	2320
f 1772 	1309 	1776
f 1735 	4127 	1763
f 4134 	4138 	1766
f 1333 	4017 	1338
f 1772 	1776 	2207
f 1341 	4030 	4031
f 1648 	1649 	2031
f 4031 	1349 	1341
f 4030 	1341 	1340
f 2172 	2164 	1626
f 1644 	2177 	1637
f 1347 	1371 	1790
f 1523 	1527 	1808
f 1787 	1347 	1790
f 1808 	1527 	1817
f 1371 	1792 	1790
f 1305 	1769 	1792
f 1149 	1802 	1803
f 1152 	1149 	1803
f 1448 	1830 	1418
f 1803 	1826 	1152
f 1824 	1418 	1830
f 1822 	1820 	1578
f 1578 	1582 	1822
f 1811 	1835 	1413
f 1822 	1582 	1831
f 1776 	1412 	1816
f 1415 	1417 	1821
f 1417 	1418 	1824
f 1821 	1417 	1824
f 1583 	1586 	1865
f 2500 	1835 	2485
f 1481 	1477 	4005
f 1448 	2027 	1830
f 1835 	1811 	2485
f 1865 	1831 	1583
f 1459 	1481 	1888
f 1576 	1578 	1820
f 1459 	1888 	1863
f 1835 	2500 	1838
f 1817 	1576 	1820
f 1553 	1887 	1536
f 1401 	2346 	1564
f 1505 	1521 	1924
f 1845 	1747 	1850
f 1753 	1754 	1853
f 1754 	2320 	1853
f 1753 	1853 	1850
f 2077 	1580 	2069
f 1856 	1148 	1170
f 1856 	1802 	1148
f 1356 	1351 	3953
f 1867 	1868 	1869
f 1536 	1887 	1883
f 1787 	1790 	2191
f 1431 	4000 	1886
f 1863 	1882 	1464
f 4015 	4202 	1663
f 4202 	1673 	1663
f 1481 	4005 	1888
f 1564 	1894 	1553
f 1886 	1893 	1209
f 1626 	2164 	1588
f 1553 	1894 	1887
f 1894 	1564 	2346
f 2080 	1879 	1878
f 3992 	1384 	1381
f 1689 	1691 	1969
f 1965 	1689 	1969
f 4015 	1663 	1661
f 1350 	1349 	4041
f 1872 	1871 	2076
f 2076 	2078 	1872
f 1878 	1872 	2078
f 2078 	2080 	1878
f 1821 	1824 	2340
f 2343 	1824 	1830
f 3990 	3992 	1381
f 2148 	1903 	1901
f 1905 	1907 	2345
f 1907 	1909 	2347
f 1136 	1639 	2027
f 1907 	2347 	2345
f 1902 	1754 	1195
f 1195 	1198 	1902
f 1652 	1689 	1965
f 1905 	1902 	1198
f 1201 	1905 	1198
f 1201 	1210 	1907
f 2081 	2148 	1901
f 1201 	1907 	1905
f 1909 	1907 	1210
f 1909 	1210 	1217
f 1217 	1218 	1913
f 1919 	1924 	1521
f 1909 	1217 	1913
f 1808 	1817 	2001
f 2001 	1970 	1808
f 1074 	1079 	1961
f 1079 	1976 	1963
f 4275 	1685 	1684
f 1915 	2979 	1914
f 1915 	2980 	2979
f 2159 	1910 	1908
f 1920 	2980 	1915
f 1296 	1932 	1929
f 1933 	1932 	1300
f 1940 	1607 	1596
f 1300 	1302 	1933
f 1940 	1942 	1607
f 1519 	1942 	1919
f 3051 	3047 	1959
f 1963 	1961 	1079
f 1808 	1970 	1691
f 1976 	1079 	1085
f 1982 	1085 	1087
f 1976 	1085 	1982
f 1302 	1311 	1943
f 1087 	1931 	1982
f 1970 	1969 	1691
f 1311 	1945 	1943
f 1933 	1302 	1943
f 1312 	1951 	1945
f 2107 	1974 	1972
f 1371 	1173 	1174
f 1371 	1347 	1173
f 1335 	1259 	1265
f 1265 	1192 	1382
f 1389 	1382 	1192
f 1389 	1192 	1202
f 1347 	1389 	1202
f 1202 	1173 	1347
f 1265 	1382 	1335
f 3081 	1959 	1972
f 1974 	3084 	3083
f 1978 	3084 	1974
f 1331 	2026 	1249
f 1820 	2004 	2003
f 1249 	1259 	1331
f 1259 	1335 	1331
f 1985 	3124 	1979
f 2032 	2071 	1982
f 1982 	1931 	2032
f 2171 	2010 	1992
f 1249 	2026 	1238
f 2043 	2026 	1585
f 2038 	2031 	1649
f 1238 	2043 	1931
f 1238 	2026 	2043
f 2032 	1667 	1657
f 2215 	2038 	1965
f 1931 	2043 	2032
f 2216 	2215 	1965
f 1965 	1969 	2216
f 2043 	1667 	2032
f 2043 	1585 	1667
f 2029 	2027 	1639
f 1639 	1648 	2029
f 1648 	2031 	2029
f 2038 	1649 	1652
f 1652 	1965 	2038
f 2203 	1830 	2027
f 1963 	2055 	1961
f 1961 	2055 	2046
f 2205 	2029 	2031
f 1976 	1982 	2071
f 2062 	1963 	1976
f 2210 	2205 	2031
f 2660 	2059 	2033
f 2055 	1963 	2062
f 1976 	2071 	2062
f 2050 	2656 	2058
f 2071 	2032 	1657
f 1879 	2080 	2081
f 1901 	1879 	2081
f 1734 	2055 	2062
f 2008 	2010 	2165
f 1596 	2082 	1940
f 2071 	1738 	2062
f 2071 	1657 	1738
f 1738 	1734 	2062
f 4142 	1777 	1767
f 2048 	2047 	2652
f 1478 	2014 	2075
f 2652 	2654 	2048
f 2055 	1734 	1687
f 2048 	2654 	2050
f 1676 	2046 	1687
f 2046 	2055 	1687
f 2077 	2069 	4151
f 4109 	1708 	4108
f 4108 	1708 	1706
f 2684 	2685 	2092
f 2081 	2648 	2148
f 2076 	2618 	2078
f 2080 	2078 	2620
f 4134 	1766 	1764
f 2093 	2685 	2096
f 2687 	2650 	2025
f 2033 	2025 	2650
f 2033 	2650 	2660
f 2623 	2635 	2065
f 1708 	4109 	1735
f 4109 	4127 	1735
f 4131 	1764 	1763
f 1978 	1974 	2108
f 1657 	2120 	2106
f 1667 	2120 	1657
f 1767 	1766 	4138
f 1979 	2115 	2121
f 2114 	2702 	2123
f 2027 	2204 	2203
f 2172 	1626 	1637
f 2695 	2108 	2107
f 2087 	1876 	1645
f 2106 	2421 	2416
f 1667 	2151 	2120
f 1585 	2151 	1667
f 1969 	1970 	2217
f 2122 	2135 	1990
f 1969 	2217 	2216
f 2001 	2221 	1970
f 2142 	2682 	2687
f 2004 	2157 	2003
f 1792 	1769 	2197
f 2142 	2687 	2025
f 2682 	2142 	2140
f 1585 	1588 	2162
f 1903 	2148 	2149
f 2151 	1585 	2162
f 1908 	1903 	2149
f 2149 	2159 	1908
f 2162 	1588 	2164
f 1910 	2159 	2160
f 2157 	2004 	2161
f 2004 	2008 	2161
f 2160 	1941 	1910
f 2678 	2679 	2148
f 1518 	2143 	2150
f 2701 	2704 	2121
f 2704 	2122 	2121
f 2701 	2121 	2115
f 2161 	2008 	2165
f 2135 	2122 	2708
f 2294 	2154 	2152
f 1991 	2135 	2169
f 2010 	2171 	2165
f 2019 	2170 	2176
f 2172 	1637 	2177
f 2171 	1992 	2193
f 2726 	2188 	2176
f 2707 	2140 	2123
f 1644 	1787 	2190
f 1525 	2150 	2198
f 1787 	2191 	2190
f 2708 	2718 	2135
f 1790 	1792 	2196
f 1792 	2197 	2196
f 2196 	2191 	1790
f 2176 	2170 	2722
f 1644 	2190 	2177
f 2047 	2048 	1915
f 1915 	1914 	2047
f 2048 	2050 	1920
f 2050 	1921 	1920
f 1769 	1772 	2206
f 1772 	2207 	2206
f 1920 	1915 	2048
f 1769 	2206 	2197
f 2050 	2058 	1921
f 1927 	1921 	2058
f 2027 	2029 	2204
f 2058 	2060 	1927
f 2518 	2190 	2191
f 2205 	2204 	2029
f 2031 	2038 	2210
f 2196 	2197 	2525
f 2209 	2208 	1929
f 1929 	1932 	2209
f 1932 	1933 	2213
f 2421 	2106 	2120
f 2213 	2209 	1932
f 2569 	2009 	1996
f 2354 	2120 	2151
f 2151 	2162 	2359
f 2375 	2162 	2164
f 2164 	2386 	2375
f 2038 	2215 	2210
f 1941 	2160 	2261
f 1970 	2221 	2217
f 2223 	2221 	2001
f 2001 	2003 	2223
f 2157 	2223 	2003
f 2234 	2458 	2601
f 2659 	2653 	2171
f 2193 	2659 	2171
f 2088 	2102 	2615
f 2219 	3671 	3662
f 3671 	2219 	2226
f 2205 	2766 	2204
f 1734 	2277 	2260
f 2269 	2502 	3939
f 2277 	1738 	2106
f 2106 	2416 	2277
f 1933 	2225 	2213
f 2225 	1933 	1943
f 1776 	2332 	2207
f 1943 	1945 	2227
f 2117 	1676 	2234
f 2215 	2641 	2210
f 2641 	2215 	2643
f 2215 	2216 	2643
f 2276 	1868 	2291
f 2520 	2293 	2292
f 2221 	2675 	2217
f 2227 	2225 	1943
f 2221 	2223 	2677
f 2228 	2227 	1945
f 1945 	1951 	2228
f 2675 	2221 	2677
f 2143 	2228 	1951
f 2294 	2295 	2154
f 1956 	1927 	2060
f 2092 	1956 	2060
f 2092 	2093 	1958
f 2093 	1959 	1958
f 1958 	1956 	2092
f 2096 	1959 	2093
f 1972 	1959 	2096
f 2107 	1972 	2096
f 1974 	2107 	2108
f 2193 	2199 	2632
f 2156 	2155 	2296
f 2632 	2659 	2193
f 2115 	1978 	2108
f 2199 	2088 	2611
f 2115 	1979 	1978
f 2178 	2156 	2301
f 2386 	2164 	2172
f 2198 	2150 	2587
f 1979 	2121 	1985
f 2122 	1985 	2121
f 2436 	2314 	2315
f 2122 	1990 	1985
f 2315 	1929 	2208
f 2517 	2177 	2190
f 1218 	2314 	1913
f 2314 	1218 	1291
f 2314 	1291 	2315
f 1293 	1296 	1929
f 1293 	1929 	2315
f 1845 	1397 	1395
f 1845 	1850 	1397
f 1397 	1850 	1556
f 1556 	1850 	1853
f 2320 	1557 	1853
f 2320 	1559 	1557
f 2325 	2179 	2322
f 1991 	1990 	2135
f 2170 	2018 	2169
f 2320 	2329 	1559
f 2019 	2018 	2170
f 2169 	2018 	1991
f 2197 	2527 	2525
f 2527 	2197 	2206
f 2188 	2195 	2378
f 2329 	1570 	1559
f 1776 	1816 	2332
f 2385 	2378 	2195
f 1435 	1638 	1785
f 1801 	1435 	1785
f 2335 	2332 	1816
f 1403 	1801 	1811
f 1403 	1811 	1413
f 1422 	1835 	1838
f 2327 	2182 	2325
f 1902 	1905 	2329
f 1905 	2345 	2329
f 2320 	1902 	2329
f 1570 	2329 	2345
f 2345 	2347 	1571
f 2347 	2349 	1573
f 1816 	1821 	2335
f 1590 	1573 	2349
f 1894 	2346 	2522
f 1407 	2353 	1401
f 2353 	1407 	2358
f 1821 	2340 	2335
f 2347 	1573 	1571
f 1401 	2353 	2346
f 2343 	2340 	1824
f 2433 	1590 	2349
f 2366 	2358 	1426
f 2346 	2533 	2522
f 1662 	1645 	1876
f 1876 	1892 	1662
f 2151 	2359 	2354
f 1892 	1895 	1674
f 1895 	1638 	1674
f 1674 	1662 	1892
f 1895 	1785 	1638
f 1074 	1961 	1430
f 2349 	2347 	1909
f 1909 	1913 	2349
f 1430 	2366 	1426
f 3171 	3172 	2325
f 3171 	2325 	2322
f 2327 	2325 	3172
f 1486 	2209 	2213
f 2213 	1507 	1486
f 2225 	1507 	2213
f 2366 	1430 	1961
f 2201 	1996 	1489
f 2359 	2162 	2375
f 1495 	1489 	1996
f 1996 	2009 	1495
f 2014 	1479 	2009
f 2037 	2019 	2176
f 2395 	2386 	2172
f 2176 	2188 	2037
f 1479 	1495 	2009
f 1479 	2014 	1478
f 2188 	2378 	2037
f 1729 	2075 	2087
f 2087 	1645 	1729
f 2192 	2383 	2757
f 1887 	1894 	2570
f 2385 	2195 	2603
f 2172 	2177 	2395
f 2385 	2603 	2334
f 2177 	2517 	2395
f 2334 	2603 	2577
f 2334 	2577 	2339
f 2225 	1509 	1507
f 2227 	1509 	2225
f 2228 	1511 	2227
f 1509 	2227 	1511
f 2143 	1514 	2228
f 2421 	2120 	2354
f 2150 	1525 	1518
f 2198 	2201 	1535
f 2354 	2616 	2421
f 1489 	1535 	2201
f 1594 	2433 	2436
f 2436 	1601 	1594
f 2436 	2208 	1601
f 2001 	1817 	2003
f 2208 	2209 	1483
f 2625 	2354 	2359
f 2003 	1817 	1820
f 1483 	1601 	2208
f 1820 	1822 	2004
f 2008 	1822 	1831
f 2593 	2386 	2395
f 2004 	1822 	2008
f 2050 	2654 	2656
f 1913 	2314 	2433
f 2010 	2008 	1831
f 2349 	1913 	2433
f 2468 	2458 	2234
f 2234 	2247 	2468
f 2314 	2436 	2433
f 2668 	2673 	2060
f 2315 	2208 	2436
f 2060 	2058 	2668
f 2496 	2277 	2416
f 2458 	2468 	2771
f 2010 	1831 	1865
f 2247 	2486 	2468
f 2496 	2260 	2277
f 2260 	2486 	2247
f 1095 	1109 	2485
f 1865 	1883 	1992
f 2260 	2496 	2486
f 1109 	2500 	2485
f 2010 	1865 	1992
f 2779 	2502 	2770
f 1811 	2532 	2485
f 2488 	2502 	2269
f 2500 	1129 	2505
f 1137 	2505 	1129
f 2410 	2807 	2499
f 2604 	2599 	2416
f 2421 	2604 	2416
f 2353 	2533 	2346
f 2804 	2410 	2409
f 1961 	2046 	2366
f 2808 	2510 	2499
f 2639 	2375 	2386
f 2261 	2696 	2797
f 2261 	2160 	2696
f 2262 	2261 	2797
f 2395 	2657 	2645
f 1838 	2500 	2505
f 4913 	1838 	2505
f 2517 	2518 	2658
f 2505 	1137 	4952
f 2522 	2570 	1894
f 1091 	1095 	2532
f 2826 	2534 	2520
f 2558 	2358 	2366
f 1091 	2532 	2524
f 2532 	1095 	2485
f 1801 	1785 	2524
f 2534 	2293 	2520
f 2532 	1801 	2524
f 2517 	2190 	2518
f 2534 	2506 	2222
f 2532 	1811 	1801
f 2519 	2518 	2191
f 2522 	2533 	2102
f 2191 	2196 	2519
f 2196 	2525 	2519
f 2093 	2092 	2685
f 2567 	1260 	2538
f 2527 	2206 	2531
f 2206 	2207 	2531
f 2522 	2102 	2088
f 2695 	2697 	2108
f 2531 	2542 	2942
f 2353 	2358 	2550
f 2115 	2108 	2697
f 2353 	2550 	2533
f 2697 	2701 	2115
f 2552 	1171 	1177
f 2704 	2708 	2122
f 2541 	1171 	2552
f 2207 	2332 	2542
f 2542 	2531 	2207
f 1895 	2541 	2552
f 2332 	2335 	2545
f 1177 	2524 	2552
f 2533 	2550 	2111
f 2542 	2332 	2545
f 2546 	2545 	2335
f 2558 	2366 	2046
f 2340 	2546 	2335
f 2087 	2567 	1876
f 2358 	2558 	2550
f 2340 	2343 	2549
f 2538 	1876 	2567
f 1892 	2538 	2541
f 2340 	2549 	2546
f 2343 	3020 	2549
f 2538 	1892 	1876
f 1895 	1892 	2541
f 2552 	2524 	1785
f 2525 	2667 	2519
f 2552 	1785 	1895
f 2527 	2691 	2525
f 2667 	2525 	2691
f 1242 	2562 	2563
f 1887 	2570 	2568
f 2562 	2075 	2563
f 2565 	2836 	2566
f 2562 	1255 	2567
f 1883 	1887 	2568
f 2563 	2075 	2014
f 1255 	1260 	2567
f 1992 	1883 	2568
f 2602 	1277 	2569
f 2569 	1996 	2602
f 1992 	2568 	2193
f 2574 	2009 	2569
f 2568 	2570 	2199
f 1676 	1687 	2247
f 2260 	2247 	1687
f 1676 	2247 	2234
f 2568 	2199 	2193
f 1687 	1734 	2260
f 2277 	1734 	1738
f 2571 	2515 	2288
f 2522 	2088 	2570
f 1233 	1242 	2563
f 2199 	2570 	2088
f 2574 	2014 	2009
f 2574 	2563 	2014
f 2143 	1951 	2576
f 2774 	2468 	2486
f 2496 	2416 	2599
f 2804 	2807 	2410
f 2577 	2584 	2339
f 2117 	2111 	2550
f 2565 	2867 	2836
f 2533 	2111 	2102
f 2584 	2867 	2565
f 2734 	2291 	1868
f 2558 	2117 	2550
f 2774 	2771 	2468
f 2558 	2046 	1676
f 1676 	2117 	2558
f 2576 	1951 	1313
f 1313 	1268 	2576
f 1268 	2587 	2576
f 2150 	2576 	2587
f 2576 	2150 	2143
f 2590 	2592 	2593
f 2198 	2587 	2589
f 2736 	2308 	2304
f 2873 	2195 	2188
f 2304 	2291 	2734
f 2742 	2308 	2736
f 2198 	2589 	2201
f 1272 	2602 	2589
f 2602 	2201 	2589
f 2117 	2601 	2111
f 2596 	2111 	2601
f 1996 	2201 	2602
f 2383 	2308 	2742
f 2742 	2757 	2383
f 2169 	2135 	2718
f 1945 	1311 	1312
f 1312 	1313 	1951
f 2088 	2615 	2611
f 2506 	2509 	2230
f 2506 	2230 	2222
f 2469 	2245 	2509
f 2087 	2075 	2562
f 2252 	2245 	2469
f 2758 	2194 	2192
f 2469 	2488 	2252
f 2488 	2269 	2252
f 2421 	2616 	2604
f 2245 	2230 	2509
f 2354 	2625 	2616
f 2618 	2620 	2078
f 2823 	2615 	2596
f 2629 	2359 	2375
f 2608 	2766 	2205
f 2205 	2210 	2608
f 2210 	2641 	2608
f 2059 	2660 	2623
f 2623 	863 	2635
f 2515 	2520 	2292
f 863 	875 	2635
f 2292 	2288 	2515
f 2653 	2165 	2171
f 2065 	2059 	2623
f 2359 	2629 	2625
f 2562 	2567 	2087
f 2534 	2222 	2293
f 2339 	2584 	2357
f 2584 	2565 	2357
f 2639 	2629 	2375
f 2367 	2357 	2565
f 2199 	2611 	2632
f 2566 	2367 	2565
f 2370 	2367 	2566
f 2566 	2571 	2370
f 2571 	2288 	2370
f 2593 	2395 	2645
f 2386 	2592 	2639
f 2080 	2620 	2647
f 2593 	2645 	2590
f 2593 	2592 	2386
f 2590 	2645 	2592
f 2687 	1130 	2650
f 1130 	1096 	2650
f 2660 	2650 	1096
f 2639 	2592 	3233
f 2660 	1096 	1103
f 2623 	2660 	1103
f 873 	874 	2656
f 2654 	873 	2656
f 1035 	2648 	2647
f 2058 	2656 	2668
f 2647 	2081 	2080
f 2647 	2648 	2081
f 2678 	2148 	2648
f 2618 	1033 	2620
f 2216 	2217 	2649
f 1033 	1034 	2620
f 2092 	2060 	2673
f 2647 	2620 	1034
f 2657 	2517 	2658
f 2647 	1034 	1035
f 2643 	2216 	2649
f 2518 	2519 	2666
f 1035 	1036 	2648
f 2666 	2658 	2518
f 2666 	2519 	2667
f 2668 	2656 	874
f 902 	2668 	874
f 902 	903 	2673
f 2395 	2517 	2657
f 1115 	1122 	2682
f 2223 	2157 	2681
f 2592 	2645 	2657
f 902 	2673 	2668
f 2681 	2157 	2683
f 2658 	3267 	3266
f 2157 	2161 	2683
f 2688 	2683 	2161
f 2658 	2666 	3267
f 2707 	2682 	2140
f 2684 	2092 	2673
f 2096 	2685 	2686
f 1130 	2687 	1122
f 2686 	2695 	2107
f 2682 	1122 	2687
f 2686 	2107 	2096
f 2673 	903 	2684
f 2165 	2688 	2161
f 2688 	2165 	2653
f 2657 	3265 	2592
f 2686 	2685 	930
f 1036 	2678 	2648
f 930 	932 	2686
f 2159 	2693 	2160
f 2649 	2217 	2675
f 2693 	2696 	2160
f 2695 	932 	946
f 2686 	932 	2695
f 2681 	2677 	2223
f 2695 	946 	2697
f 946 	950 	2697
f 950 	953 	2701
f 2643 	3055 	2641
f 950 	2701 	2697
f 2707 	1115 	2682
f 2527 	2531 	2692
f 2691 	2527 	2692
f 2701 	953 	2704
f 2702 	893 	2707
f 2692 	2531 	2942
f 1115 	2707 	893
f 2707 	2123 	2702
f 2683 	2847 	2681
f 953 	975 	2704
f 2704 	975 	2708
f 2169 	2718 	2720
f 2720 	2722 	2170
f 1047 	1049 	2696
f 2720 	2170 	2169
f 1047 	2696 	2693
f 2176 	2722 	2726
f 2149 	2148 	2679
f 2693 	2159 	2679
f 2159 	2149 	2679
f 1036 	1044 	2678
f 1044 	2679 	2678
f 1044 	1046 	2679
f 1046 	1047 	2693
f 2679 	1046 	2693
f 2720 	2718 	993
f 2893 	2898 	2603
f 2603 	2195 	2893
f 2683 	2688 	2849
f 2577 	2603 	2898
f 933 	2757 	2742
f 2274 	2126 	2125
f 2274 	2275 	2126
f 938 	2758 	2757
f 2132 	2126 	2275
f 2785 	2509 	2506
f 2923 	2653 	2659
f 2515 	2817 	2520
f 2632 	2611 	2795
f 2757 	2758 	2192
f 2850 	2867 	2584
f 2343 	2762 	3020
f 2767 	928 	2702
f 2767 	2194 	2758
f 2765 	2458 	2771
f 2767 	2702 	2114
f 2767 	2114 	2194
f 2770 	2488 	2764
f 2275 	2278 	2132
f 2133 	2132 	2278
f 2278 	2279 	2133
f 2279 	2294 	2152
f 2279 	2152 	2133
f 1830 	2203 	2762
f 2762 	2343 	1830
f 2763 	2762 	2203
f 2203 	2204 	2763
f 2763 	2204 	2766
f 2736 	2734 	980
f 872 	873 	2654
f 980 	949 	2736
f 2742 	2736 	949
f 2742 	949 	933
f 2758 	938 	924
f 924 	928 	2767
f 2785 	2793 	2509
f 2758 	924 	2767
f 2764 	2469 	2793
f 2793 	2469 	2509
f 2797 	2798 	2262
f 2764 	2488 	2469
f 2615 	2806 	2611
f 2798 	2409 	2262
f 2409 	2798 	2804
f 2599 	2803 	2496
f 2496 	2803 	2486
f 1049 	2797 	2696
f 2823 	2806 	2615
f 2774 	2486 	2803
f 2770 	2502 	2488
f 2611 	2806 	2795
f 2654 	2652 	872
f 2807 	2808 	2499
f 2827 	2823 	2596
f 2812 	2510 	2808
f 964 	2812 	2808
f 2276 	2812 	1868
f 1869 	1868 	965
f 1867 	2816 	1868
f 1867 	1869 	2816
f 2812 	2276 	2510
f 1869 	2734 	2816
f 2734 	1868 	2816
f 2736 	2304 	2734
f 2827 	2596 	2601
f 2804 	1019 	2807
f 2458 	2827 	2601
f 1868 	2812 	965
f 2826 	2520 	2817
f 2827 	2458 	2765
f 2797 	1075 	2798
f 2829 	2534 	2826
f 1017 	2804 	2798
f 2829 	2506 	2534
f 2807 	1019 	962
f 962 	2808 	2807
f 2829 	2785 	2506
f 2774 	3249 	2771
f 1049 	1075 	2797
f 1017 	2798 	1075
f 2804 	1017 	1019
f 955 	2838 	2836
f 2808 	962 	964
f 2812 	964 	965
f 2836 	2838 	2566
f 2677 	2681 	2835
f 2835 	2681 	2847
f 2849 	2847 	2683
f 2844 	2817 	2515
f 2849 	2688 	2876
f 2577 	2898 	2850
f 2836 	987 	955
f 3070 	3075 	3336
f 3009 	2863 	2861
f 2688 	2653 	2876
f 2855 	3003 	3004
f 3003 	2855 	2854
f 3004 	2861 	2855
f 3009 	3010 	2863
f 2188 	2726 	2873
f 2863 	3010 	3097
f 2657 	2658 	3266
f 3266 	3265 	2657
f 3097 	2882 	2878
f 3099 	2885 	2884
f 2878 	2863 	3097
f 2898 	1020 	1026
f 2893 	2195 	2873
f 3576 	3574 	2897
f 2783 	3518 	2897
f 2876 	2653 	2923
f 2295 	2296 	2155
f 2155 	2154 	2295
f 2296 	2301 	2156
f 2908 	2909 	2750
f 2722 	2720 	994
f 2322 	2178 	2301
f 2322 	2179 	2178
f 2584 	2577 	2850
f 2274 	2125 	2909
f 2325 	2182 	2179
f 2571 	2838 	2844
f 2844 	2515 	2571
f 2838 	2571 	2566
f 2708 	975 	978
f 2718 	2708 	978
f 978 	993 	2718
f 2720 	993 	994
f 2659 	2953 	2923
f 2803 	2599 	3234
f 3240 	2599 	2604
f 2632 	2953 	2659
f 2953 	2632 	2795
f 2722 	994 	999
f 3240 	3234 	2599
f 999 	1001 	2726
f 2616 	3195 	2604
f 999 	2726 	2722
f 1001 	1006 	2873
f 2616 	3203 	3195
f 2616 	2625 	3203
f 2726 	1001 	2873
f 2898 	2893 	1020
f 982 	2850 	1026
f 2850 	2898 	1026
f 2327 	2328 	2183
f 957 	2838 	955
f 2182 	2327 	2183
f 2185 	2183 	2328
f 2907 	3147 	2911
f 2328 	2362 	2185
f 2362 	2729 	2218
f 2218 	2729 	2219
f 2185 	2362 	2218
f 2729 	2730 	2219
f 2937 	3163 	2892
f 3144 	2909 	2908
f 2730 	2226 	2219
f 2730 	2733 	2226
f 2542 	2943 	2942
f 2943 	2542 	2545
f 2545 	2546 	2947
f 2947 	2943 	2545
f 2947 	2546 	2948
f 2549 	2948 	2546
f 2549 	3508 	2948
f 2829 	2826 	3856
f 2733 	2961 	2226
f 2735 	2961 	2733
f 2873 	1006 	2893
f 2961 	2735 	2966
f 987 	2836 	2867
f 2791 	2972 	2950
f 3635 	2968 	2976
f 1920 	2981 	2980
f 3242 	2923 	2953
f 2856 	3564 	2984
f 2744 	2791 	2950
f 2950 	2937 	2744
f 2245 	3005 	2997
f 2992 	5208 	778
f 2937 	2892 	2745
f 2937 	2745 	2744
f 2746 	2745 	2892
f 1871 	3004 	3003
f 2746 	2892 	2908
f 2909 	2125 	2750
f 2861 	3004 	3009
f 1914 	2979 	2994
f 1920 	1921 	2981
f 2983 	2981 	1921
f 2908 	2750 	2746
f 1872 	3009 	3004
f 1921 	1927 	2983
f 1927 	3046 	2983
f 2981 	3263 	2980
f 2839 	2965 	2972
f 2972 	2791 	2839
f 3148 	2275 	2274
f 2997 	3337 	3018
f 2279 	2278 	3156
f 2997 	3343 	3337
f 3156 	3157 	2279
f 2766 	2608 	3042
f 2762 	2763 	3027
f 3027 	3020 	2762
f 3028 	3027 	2763
f 2763 	2766 	3028
f 3042 	3028 	2766
f 3240 	2987 	3056
f 3062 	2675 	3063
f 2675 	2677 	3063
f 2888 	3057 	3067
f 1927 	1956 	3046
f 3046 	1956 	3047
f 1958 	3047 	1956
f 1958 	1959 	3047
f 3051 	1959 	3081
f 3047 	3444 	3046
f 3051 	3446 	3047
f 2608 	2641 	3054
f 2296 	2295 	3160
f 3042 	2608 	3054
f 3165 	2322 	2301
f 3275 	3065 	3015
f 2328 	2327 	3174
f 2643 	3058 	3055
f 2328 	3174 	3211
f 2641 	3055 	3054
f 2643 	2649 	3058
f 2649 	2675 	3062
f 3091 	2963 	2834
f 3062 	3058 	2649
f 3091 	2834 	3315
f 2963 	2965 	2834
f 3063 	2677 	2835
f 2965 	2839 	2834
f 2882 	3097 	3098
f 3098 	2884 	2882
f 3098 	3099 	2884
f 2885 	3099 	3100
f 3512 	3027 	3028
f 3042 	3220 	3028
f 3100 	2906 	2885
f 3247 	3220 	3042
f 3042 	3054 	3247
f 3054 	3248 	3247
f 3054 	3055 	3248
f 3055 	3058 	3251
f 1972 	3083 	3081
f 3101 	3104 	2984
f 1903 	3099 	3098
f 2950 	3162 	2937
f 3555 	3073 	3552
f 3555 	3349 	3085
f 3085 	3073 	3555
f 2966 	2735 	3111
f 3349 	3087 	3085
f 3355 	2967 	3087
f 3111 	2968 	2966
f 3111 	3117 	2968
f 3112 	3053 	3522
f 3048 	3757 	3114
f 1972 	1974 	3083
f 3117 	3101 	2976
f 3117 	2976 	2968
f 2328 	3211 	2362
f 3219 	3318 	2733
f 3219 	2733 	2730
f 2965 	2963 	3192
f 3125 	3082 	3121
f 3125 	3091 	3082
f 3125 	2963 	3091
f 3121 	3082 	3075
f 2937 	3162 	3163
f 3246 	3253 	3125
f 2840 	3031 	2845
f 1978 	1979 	3086
f 3011 	3017 	2790
f 1978 	3086 	3084
f 3162 	2950 	3167
f 2790 	2783 	3011
f 1979 	3124 	3086
f 2972 	3167 	2950
f 2840 	3017 	3031
f 3100 	3146 	2906
f 3137 	3124 	1985
f 3146 	2907 	2906
f 2790 	3017 	2840
f 2907 	3146 	3147
f 3035 	2845 	3031
f 3035 	3115 	3070
f 3075 	3070 	3115
f 2845 	3035 	3070
f 3115 	3121 	3075
f 2865 	2856 	3045
f 3045 	3057 	2865
f 2888 	2865 	3057
f 3137 	1990 	3138
f 2897 	3067 	3072
f 3067 	2897 	2888
f 2783 	2897 	3072
f 2596 	2102 	2111
f 3024 	3267 	3090
f 2915 	2911 	3227
f 3072 	3011 	2783
f 2234 	2601 	2117
f 3283 	3135 	3092
f 2102 	2596 	2615
f 2984 	2976 	3101
f 3104 	3045 	2856
f 3104 	2856 	2984
f 3148 	3150 	2275
f 3848 	3135 	3151
f 3148 	1247 	3150
f 1247 	1248 	3150
f 2806 	2823 	3196
f 3591 	3126 	3626
f 2275 	3150 	2278
f 666 	1247 	3148
f 3591 	3128 	3126
f 666 	3148 	3145
f 2847 	2849 	3296
f 3144 	3145 	2909
f 2274 	2909 	3145
f 3156 	2278 	3150
f 3145 	3148 	2274
f 2849 	2876 	3254
f 3157 	3159 	2279
f 1248 	1266 	3156
f 3391 	3155 	3154
f 1248 	3156 	3150
f 3156 	1266 	3157
f 1266 	1267 	3157
f 3402 	3704 	3155
f 2294 	2279 	3159
f 2294 	3159 	2295
f 3160 	2295 	3159
f 3226 	2953 	2795
f 1267 	1289 	3159
f 1289 	3160 	3159
f 1267 	3159 	3157
f 3160 	1290 	3164
f 3163 	3173 	2892
f 2296 	3160 	3164
f 3164 	2301 	2296
f 3165 	2301 	3164
f 2322 	3165 	3171
f 1290 	1299 	3164
f 3164 	1299 	3165
f 1299 	1301 	3165
f 3142 	3169 	3584
f 1991 	2018 	3142
f 2018 	2019 	3169
f 3169 	2019 	3176
f 2019 	2037 	3176
f 2378 	3182 	2037
f 3173 	3144 	2908
f 3173 	2908 	2892
f 3169 	3176 	3732
f 3176 	2037 	3182
f 1301 	1322 	3171
f 3127 	3207 	2385
f 3244 	3189 	3184
f 3177 	3184 	3876
f 2327 	3172 	3174
f 3213 	3215 	2729
f 3213 	2729 	2362
f 2730 	2729 	3215
f 2823 	2827 	3204
f 3219 	2730 	3215
f 2827 	2765 	3204
f 2625 	2629 	3222
f 3204 	3196 	2823
f 3203 	2625 	3222
f 2987 	3240 	3195
f 3228 	3222 	2629
f 3203 	2998 	3195
f 3171 	3165 	1301
f 3172 	3171 	1322
f 1322 	1323 	3172
f 1985 	1990 	3137
f 3174 	3172 	1323
f 1990 	1991 	3138
f 3213 	2362 	3211
f 1991 	3142 	3138
f 3195 	2998 	2987
f 2765 	3241 	3204
f 2018 	3169 	3142
f 3084 	3086 	3571
f 3573 	3571 	3086
f 3086 	3124 	3573
f 2639 	3233 	3228
f 2911 	3147 	3227
f 2915 	3227 	3229
f 2795 	3230 	3226
f 2795 	2806 	3230
f 3230 	2806 	3196
f 3138 	3581 	3137
f 3581 	3138 	3582
f 3229 	2916 	2915
f 3229 	3236 	2916
f 3236 	2929 	2916
f 3167 	686 	3162
f 3239 	2929 	3236
f 3198 	3167 	2972
f 3239 	3158 	3962
f 3211 	3174 	1326
f 3627 	3229 	3227
f 3240 	2604 	3195
f 3226 	3242 	2953
f 2765 	2771 	3244
f 2765 	3244 	3241
f 3241 	3244 	3184
f 1910 	3146 	3100
f 1910 	1941 	3146
f 3666 	3127 	3132
f 3147 	3146 	1941
f 3017 	3011 	3268
f 3245 	3246 	3121
f 3239 	3632 	3634
f 3244 	2771 	3249
f 3189 	3244 	3249
f 3245 	3121 	3115
f 3252 	2803 	3234
f 2774 	3252 	3249
f 2803 	3252 	2774
f 706 	3253 	697
f 3279 	3072 	3067
f 3632 	3239 	3236
f 3253 	2963 	3125
f 3158 	3239 	3634
f 2963 	3253 	3192
f 3198 	2965 	3192
f 3198 	2972 	2965
f 3125 	3121 	3246
f 671 	3163 	670
f 3162 	670 	3163
f 3031 	3274 	3257
f 3256 	2979 	3259
f 3163 	671 	3173
f 2979 	2980 	3259
f 690 	3173 	671
f 690 	665 	3144
f 3262 	3035 	3257
f 3145 	3144 	665
f 3263 	4439 	3259
f 3173 	690 	3144
f 3262 	3115 	3035
f 3245 	3115 	3262
f 3161 	3610 	3183
f 2876 	3269 	3254
f 3253 	3246 	697
f 3256 	3255 	2994
f 3192 	3253 	706
f 2994 	2979 	3256
f 3167 	683 	686
f 3017 	3268 	3274
f 3263 	3259 	2980
f 2981 	2983 	3264
f 3031 	3017 	3274
f 670 	3162 	686
f 2981 	3264 	3263
f 2876 	2923 	3269
f 2666 	2667 	3272
f 3242 	3269 	2923
f 3035 	3031 	3257
f 2667 	3283 	3272
f 3272 	3267 	2666
f 706 	675 	3192
f 1250 	3262 	3257
f 3198 	3192 	675
f 2639 	3228 	2629
f 675 	683 	3198
f 683 	3167 	3198
f 3233 	2592 	3265
f 3055 	3251 	3248
f 3622 	3223 	3187
f 2667 	2691 	3283
f 3126 	3223 	3626
f 2691 	2692 	3285
f 2791 	2744 	3302
f 2691 	3285 	3283
f 3289 	3072 	3279
f 3063 	3288 	3287
f 2744 	2745 	3327
f 2692 	2942 	3375
f 3063 	2835 	3288
f 2745 	2746 	3328
f 1871 	1872 	3004
f 2835 	3291 	3288
f 2835 	2847 	3291
f 1878 	3009 	1872
f 3294 	3279 	3067
f 3265 	3023 	3022
f 3291 	2847 	3296
f 3265 	3266 	3023
f 3294 	3057 	3290
f 3294 	3067 	3057
f 3290 	3057 	3045
f 3289 	3268 	3011
f 3289 	3011 	3072
f 3285 	3375 	3151
f 3135 	3285 	3151
f 2849 	3254 	3296
f 3252 	3234 	3048
f 2735 	2733 	3318
f 3251 	3058 	3284
f 3058 	3062 	3284
f 3234 	3056 	3048
f 3062 	3063 	3287
f 3234 	3240 	3056
f 3284 	3062 	3287
f 2839 	3299 	3317
f 2991 	3295 	2992
f 3295 	3316 	2992
f 3288 	3291 	3782
f 3780 	3288 	3782
f 3299 	3376 	3317
f 1878 	3010 	3009
f 2791 	3302 	3299
f 1878 	1879 	3010
f 2839 	2791 	3299
f 1879 	1901 	3097
f 3097 	3010 	1879
f 2744 	3327 	3302
f 3355 	3324 	2967
f 2746 	3286 	3328
f 3013 	2998 	3203
f 3222 	3013 	3203
f 3275 	4476 	4470
f 3013 	3222 	3034
f 3018 	3333 	3015
f 3082 	3305 	3338
f 3222 	3228 	3034
f 3015 	3333 	3275
f 3037 	3034 	3228
f 3233 	3037 	3228
f 3005 	3343 	2997
f 3233 	3265 	3022
f 3037 	3233 	3022
f 3336 	3483 	3329
f 3152 	3151 	3375
f 3275 	3333 	4476
f 3018 	3337 	3333
f 3388 	3152 	3375
f 3295 	3341 	2033
f 3352 	3343 	3005
f 3324 	2970 	2967
f 3318 	3325 	2735
f 3324 	3341 	2970
f 3341 	3295 	2991
f 3341 	2991 	2970
f 2745 	3328 	3327
f 2746 	2750 	3286
f 3342 	3111 	3325
f 3070 	3336 	3329
f 3098 	3097 	1901
f 3336 	3075 	3338
f 3111 	3342 	3117
f 3098 	1901 	1903
f 3082 	3338 	3075
f 3111 	2735 	3325
f 3008 	3352 	3005
f 3154 	3152 	3388
f 3777 	3241 	3177
f 2839 	3317 	2834
f 3241 	3184 	3177
f 3348 	3117 	3342
f 3315 	2834 	3317
f 3204 	3777 	3196
f 3249 	3114 	3189
f 3114 	3249 	3252
f 3117 	3348 	3101
f 3302 	3377 	3299
f 3327 	3328 	3393
f 3349 	3355 	3087
f 3101 	3348 	3353
f 3099 	1903 	1908
f 3353 	1339 	3360
f 3048 	3114 	3252
f 3338 	3494 	3336
f 3360 	3104 	3353
f 3483 	3336 	3494
f 3024 	3266 	3267
f 3290 	3045 	3360
f 3023 	3266 	3024
f 3090 	3267 	3272
f 3353 	3104 	3101
f 3092 	3090 	3272
f 3360 	3045 	3104
f 3092 	3272 	3283
f 3135 	3283 	3285
f 1323 	1326 	3174
f 3211 	1326 	1372
f 1372 	1373 	3213
f 1373 	3215 	3213
f 2692 	3375 	3285
f 1372 	3213 	3211
f 1373 	1377 	3215
f 1377 	1378 	3219
f 3386 	3377 	3302
f 3219 	1378 	3318
f 3388 	3391 	3154
f 3256 	4432 	3255
f 1377 	3219 	3215
f 1378 	1383 	3318
f 3255 	4432 	4448
f 3402 	3155 	3391
f 3342 	3325 	1392
f 3286 	3711 	3396
f 1402 	1406 	3348
f 2942 	2943 	3388
f 3348 	1406 	3353
f 3099 	1908 	3100
f 3375 	2942 	3388
f 3388 	2943 	3391
f 2943 	2947 	3391
f 2947 	2948 	3402
f 3402 	3391 	2947
f 3376 	3299 	3377
f 3327 	3386 	3302
f 3327 	3393 	3386
f 3396 	3393 	3328
f 3328 	3286 	3396
f 3268 	3977 	3274
f 3441 	3264 	2983
f 3262 	1256 	3245
f 2983 	3046 	3441
f 3046 	3444 	3441
f 3047 	3446 	3444
f 3279 	3969 	3289
f 3723 	3456 	3455
f 3051 	3563 	3446
f 3725 	3463 	3462
f 3473 	3474 	3475
f 1392 	3325 	1383
f 3813 	3803 	3220
f 3329 	3483 	3447
f 3325 	3318 	1383
f 3220 	3247 	3813
f 3342 	1392 	1402
f 3348 	3342 	1402
f 3251 	3284 	3822
f 1346 	3290 	3360
f 3495 	3711 	3286
f 3317 	3413 	3315
f 3456 	3723 	3724
f 3242 	3226 	3760
f 3413 	3317 	3376
f 3724 	3462 	3456
f 3338 	3511 	3494
f 4985 	3463 	3727
f 3509 	3854 	3508
f 3509 	3855 	3854
f 3855 	3509 	3512
f 3027 	3512 	3509
f 3305 	3511 	3338
f 3305 	3517 	3511
f 2750 	3495 	3286
f 3512 	3220 	3803
f 3512 	3028 	3220
f 3803 	3855 	3512
f 2549 	3020 	3508
f 3315 	3517 	3305
f 3508 	3020 	3509
f 3020 	3027 	3509
f 2133 	3556 	3510
f 3517 	3315 	3413
f 3543 	3762 	3776
f 3386 	3393 	3892
f 3533 	3060 	3065
f 3699 	3455 	3442
f 2845 	3329 	3538
f 3494 	3904 	3483
f 3731 	3518 	3524
f 3060 	3531 	3053
f 3060 	3533 	3531
f 3053 	3531 	3522
f 3275 	3533 	3065
f 3329 	2845 	3070
f 3305 	3082 	3091
f 3091 	3315 	3305
f 3538 	3329 	3447
f 2125 	3495 	2750
f 2125 	2126 	3497
f 2125 	3497 	3495
f 3503 	3497 	2126
f 2126 	2132 	3503
f 3543 	3776 	3550
f 2132 	2133 	3510
f 3510 	3503 	2132
f 2133 	2152 	3556
f 3497 	3712 	3495
f 3495 	3712 	3711
f 3503 	3715 	3497
f 3533 	3275 	4470
f 1910 	3100 	1908
f 3510 	3752 	3717
f 3073 	3071 	3552
f 3752 	3510 	3556
f 3441 	3444 	4492
f 1256 	693 	3245
f 697 	3246 	693
f 4391 	3514 	3516
f 3246 	3245 	693
f 3349 	3555 	2123
f 4503 	4496 	3522
f 3557 	3556 	2154
f 2154 	3558 	3557
f 4522 	3446 	3563
f 3663 	1515 	3659
f 3608 	825 	659
f 3564 	3570 	3773
f 3590 	3615 	839
f 3051 	3081 	3563
f 3590 	839 	826
f 3562 	3560 	3680
f 3565 	3563 	3081
f 3616 	3617 	823
f 3083 	3565 	3081
f 823 	820 	3616
f 3562 	3686 	3551
f 3083 	3567 	3565
f 3083 	3084 	3567
f 3084 	3571 	3567
f 4253 	3543 	3550
f 3573 	3124 	3579
f 3518 	3726 	3576
f 3124 	3137 	3579
f 3556 	2152 	2154
f 830 	3592 	3597
f 2155 	3558 	2154
f 2155 	2156 	3559
f 3559 	3558 	2155
f 3147 	1941 	3587
f 3587 	3227 	3147
f 3587 	3627 	3227
f 825 	3588 	826
f 3755 	3557 	3558
f 826 	3588 	3590
f 3589 	3719 	3594
f 3594 	4506 	3589
f 3591 	3601 	3128
f 3601 	3552 	3071
f 3601 	3071 	3128
f 3587 	1941 	2261
f 2261 	2262 	3587
f 3605 	2178 	3607
f 2262 	3627 	3587
f 3608 	659 	3597
f 3599 	5130 	5127
f 3597 	658 	830
f 3609 	3610 	3161
f 3602 	3728 	3603
f 3603 	3729 	4599
f 3609 	3161 	3158
f 3588 	3735 	3590
f 3559 	2156 	3605
f 2156 	2178 	3605
f 3183 	3610 	3612
f 3187 	3183 	3612
f 2179 	2182 	3643
f 3647 	3643 	2182
f 2182 	2183 	3647
f 2183 	2185 	3649
f 3137 	3581 	3579
f 3138 	3142 	3582
f 3142 	3584 	3582
f 2183 	3649 	3647
f 4015 	1661 	3617
f 1468 	1515 	3663
f 2308 	3626 	3622
f 3207 	3127 	3620
f 3592 	1468 	3663
f 3187 	3612 	3622
f 3690 	3553 	3551
f 3616 	3615 	3720
f 3622 	3626 	3223
f 3229 	3627 	3629
f 3629 	3236 	3229
f 3629 	3632 	3236
f 3516 	3670 	3585
f 3602 	3718 	3728
f 3602 	3586 	3718
f 3607 	2178 	2179
f 397 	394 	3730
f 3158 	3634 	3609
f 2179 	3643 	3607
f 3627 	2262 	2409
f 3127 	3666 	3620
f 2409 	2410 	3629
f 3828 	3607 	3643
f 3643 	3829 	3828
f 3627 	2409 	3629
f 3643 	3647 	3829
f 3628 	1497 	1492
f 3629 	2410 	3632
f 3534 	3542 	3665
f 2218 	3662 	3657
f 2410 	2499 	3632
f 2499 	3634 	3632
f 3628 	3659 	1497
f 3648 	3665 	3473
f 3534 	3648 	3535
f 3648 	3646 	3535
f 3646 	3650 	3540
f 3646 	3540 	3535
f 3513 	3540 	3650
f 3650 	3653 	3513
f 3653 	3669 	3514
f 3514 	3513 	3653
f 3534 	3665 	3648
f 3657 	3649 	2185
f 2185 	2218 	3657
f 3132 	3106 	3700
f 3782 	3668 	3664
f 3105 	3701 	3106
f 3669 	3670 	3516
f 3669 	3516 	3514
f 3857 	3671 	3672
f 2499 	2510 	3634
f 3634 	2510 	3609
f 2510 	2276 	3609
f 3609 	2276 	3610
f 2276 	2291 	3610
f 3612 	3610 	2291
f 2291 	2304 	3612
f 2308 	3622 	2304
f 2304 	3622 	3612
f 3562 	3680 	3686
f 2966 	3685 	2961
f 2308 	2383 	3626
f 3626 	2383 	3591
f 2383 	2192 	3591
f 3554 	3553 	3694
f 3664 	5133 	3656
f 3601 	2192 	2194
f 3591 	2192 	3601
f 3552 	3601 	2194
f 3597 	3737 	3739
f 5135 	3664 	3668
f 3553 	3690 	3694
f 2968 	3688 	2966
f 3623 	5141 	3668
f 2968 	3635 	3688
f 3551 	3686 	3690
f 3597 	3739 	3608
f 3554 	3694 	3697
f 3639 	3599 	5127
f 3541 	3554 	3697
f 2218 	2219 	3662
f 3783 	3659 	3763
f 3671 	2226 	3672
f 2226 	2961 	3672
f 3672 	2961 	3685
f 3814 	3675 	3674
f 3688 	3685 	2966
f 3592 	3737 	3597
f 3660 	3541 	3697
f 3660 	3665 	3542
f 2984 	3564 	3636
f 3824 	3814 	3674
f 3660 	3542 	3541
f 4305 	3696 	3698
f 3698 	3699 	3442
f 3607 	3826 	3605
f 3615 	3590 	3708
f 3132 	3700 	3666
f 3698 	3442 	4305
f 3708 	3720 	3615
f 3699 	3723 	3455
f 3700 	3106 	3701
f 3828 	3826 	3607
f 3617 	3806 	3807
f 3648 	3764 	3646
f 3666 	3700 	4534
f 3653 	3758 	3669
f 3836 	3649 	3657
f 3701 	3105 	3703
f 3663 	3659 	3783
f 3112 	3703 	3105
f 3838 	3657 	3662
f 3804 	3737 	3592
f 3662 	3844 	3838
f 3844 	3662 	3671
f 3703 	3112 	3522
f 3341 	2025 	2033
f 3341 	3324 	2025
f 3590 	3735 	3708
f 2059 	3295 	2033
f 2059 	2065 	3316
f 3316 	3295 	2059
f 3636 	3564 	3766
f 3665 	3660 	3772
f 2123 	3555 	2114
f 3772 	3473 	3665
f 3402 	3852 	3704
f 3349 	2123 	2140
f 4718 	3711 	3712
f 3648 	3473 	3764
f 2142 	3355 	2140
f 3704 	3852 	3705
f 3324 	3355 	2142
f 3355 	3349 	2140
f 2142 	2025 	3324
f 3552 	2194 	2114
f 3555 	3552 	2114
f 3709 	3706 	3855
f 3721 	3710 	3859
f 3721 	4341 	3710
f 3679 	3816 	3621
f 3497 	3715 	3712
f 3722 	3594 	3719
f 3717 	3715 	3503
f 3680 	3560 	3722
f 3722 	3560 	3594
f 3503 	3510 	3717
f 3724 	3725 	3462
f 3713 	3585 	3670
f 3713 	3586 	3585
f 3713 	3718 	3586
f 3731 	3726 	3518
f 3463 	3725 	3727
f 4496 	3703 	3522
f 3538 	3447 	3742
f 3169 	3732 	3584
f 3742 	3530 	3538
f 4576 	3584 	3732
f 3736 	397 	3730
f 3736 	3589 	397
f 3815 	3695 	3675
f 3719 	3589 	3736
f 3741 	3182 	3207
f 3524 	3530 	3740
f 3603 	3728 	3729
f 3731 	3524 	3740
f 3182 	3738 	3176
f 3742 	3740 	3530
f 3176 	3738 	3732
f 3723 	3699 	3842
f 3182 	3741 	3738
f 3741 	3207 	3620
f 3759 	3669 	3758
f 3520 	3762 	3543
f 3670 	3669 	3759
f 3759 	3761 	3670
f 3776 	3778 	3550
f 4523 	3563 	3565
f 3761 	3713 	3670
f 3893 	3742 	3447
f 3638 	3550 	3778
f 3778 	3786 	3638
f 3655 	3638 	3786
f 4525 	3567 	3571
f 3674 	3667 	3824
f 4724 	3715 	3717
f 3821 	3697 	3818
f 3579 	3581 	4567
f 3660 	3697 	3821
f 3694 	3818 	3697
f 3848 	3724 	3723
f 811 	3751 	3739
f 3754 	3777 	3177
f 3581 	3582 	4568
f 3788 	3789 	3718
f 3876 	3710 	3707
f 3788 	3718 	3713
f 4755 	3717 	3752
f 3718 	3789 	3728
f 3739 	3751 	3608
f 4583 	4576 	3732
f 3862 	3721 	3859
f 5117 	3750 	3754
f 3507 	3721 	3862
f 4583 	3732 	3738
f 3608 	3751 	3588
f 3741 	3620 	4549
f 3653 	3770 	3758
f 3798 	3639 	3630
f 3588 	3751 	3735
f 3653 	3650 	3770
f 3700 	4533 	4534
f 3767 	3230 	3771
f 3753 	3752 	3556
f 3700 	3701 	4533
f 3556 	3557 	3753
f 3762 	3056 	3776
f 3056 	2987 	3776
f 3226 	3230 	3767
f 3557 	3755 	3753
f 3226 	3767 	3760
f 3756 	3755 	3558
f 3230 	3196 	3771
f 3558 	3559 	3756
f 3646 	3764 	3765
f 3650 	3646 	3765
f 3757 	3762 	3520
f 3650 	3765 	3770
f 3771 	3196 	3777
f 3757 	3520 	3507
f 4528 	2855 	2861
f 3771 	3750 	3767
f 3564 	3773 	3766
f 2863 	4529 	2861
f 3777 	3204 	3241
f 3474 	3774 	3475
f 3473 	3475 	3774
f 2987 	3778 	3776
f 518 	3770 	3765
f 3766 	3773 	4771
f 3570 	3574 	3787
f 3763 	3659 	3628
f 3473 	3774 	3764
f 3570 	3787 	3773
f 3774 	3474 	3764
f 3766 	4771 	4764
f 3291 	3296 	3784
f 2245 	2252 	3005
f 3779 	2967 	3785
f 3790 	3784 	3296
f 519 	3758 	3770
f 3008 	3005 	2252
f 3668 	3782 	3784
f 2252 	2269 	3008
f 3790 	3296 	3254
f 2222 	3015 	2293
f 3761 	3788 	3713
f 3797 	2991 	2992
f 3789 	3791 	3728
f 2230 	2245 	2997
f 2230 	2997 	3018
f 3791 	3793 	3729
f 2288 	2292 	3053
f 3060 	2292 	3065
f 3791 	3729 	3728
f 3655 	3786 	3792
f 2992 	778 	3797
f 3112 	3105 	2367
f 3127 	2385 	2334
f 3798 	3254 	3269
f 3790 	3254 	3798
f 2334 	2339 	3132
f 3794 	3797 	4521
f 2339 	3106 	3132
f 3269 	3242 	3801
f 3127 	2334 	3132
f 2339 	2357 	3106
f 3269 	3801 	3798
f 3207 	3182 	2378
f 2378 	2385 	3207
f 4572 	2884 	2885
f 3242 	3760 	3801
f 3839 	3690 	3686
f 3287 	3780 	3823
f 3810 	3694 	3690
f 3663 	3783 	3804
f 3818 	3694 	3810
f 3762 	3757 	3048
f 3048 	3056 	3762
f 3804 	3592 	3663
f 3333 	3337 	4451
f 3720 	3806 	3616
f 3576 	3808 	3574
f 416 	3736 	3730
f 416 	451 	3736
f 3574 	3808 	3787
f 3722 	3719 	3843
f 3808 	3576 	3726
f 2998 	3778 	2987
f 451 	3719 	3736
f 3806 	3617 	3616
f 3726 	4736 	3808
f 3013 	3786 	2998
f 3722 	3843 	3845
f 3680 	3722 	3845
f 3786 	3778 	2998
f 3013 	3034 	3792
f 3248 	3251 	3820
f 3473 	527 	3474
f 3792 	3786 	3013
f 3287 	3288 	3780
f 3814 	3815 	3675
f 3739 	3737 	805
f 811 	3739 	805
f 3821 	525 	3772
f 3817 	3695 	3815
f 3817 	3819 	3696
f 3755 	4757 	3753
f 3248 	3820 	3816
f 4758 	3755 	3756
f 3756 	4780 	4758
f 3823 	3645 	3822
f 3783 	781 	3804
f 3817 	3696 	3695
f 3841 	3698 	3819
f 3660 	3821 	3772
f 3819 	3698 	3696
f 3247 	3248 	3816
f 3792 	3034 	3824
f 3034 	3037 	3824
f 3816 	3813 	3247
f 4780 	3756 	3825
f 3251 	3822 	3820
f 587 	3821 	3818
f 3823 	3822 	3284
f 579 	3818 	3810
f 3792 	3824 	3667
f 3284 	3287 	3823
f 3772 	525 	527
f 3655 	3792 	3667
f 537 	3474 	527
f 3772 	527 	3473
f 3018 	3015 	2222
f 3018 	2222 	2230
f 3474 	537 	3764
f 3053 	3112 	2370
f 3784 	3782 	3291
f 2370 	2288 	3053
f 3022 	3815 	3814
f 3053 	2292 	3060
f 2293 	3065 	2292
f 579 	3810 	569
f 3065 	2293 	3015
f 3106 	2357 	3105
f 2357 	2367 	3105
f 2367 	2370 	3112
f 3835 	3839 	3686
f 3836 	3657 	3838
f 3801 	3760 	3599
f 3835 	3686 	3680
f 3839 	569 	3810
f 3599 	3639 	3801
f 3810 	3690 	3839
f 3599 	3760 	3606
f 3767 	3606 	3760
f 3606 	3767 	3750
f 5193 	3807 	3806
f 3777 	3754 	3771
f 3756 	3559 	3825
f 3750 	3771 	3754
f 3559 	3605 	3825
f 3824 	3037 	3814
f 3037 	3022 	3814
f 816 	3735 	3751
f 3826 	3825 	3605
f 3698 	3841 	3699
f 3816 	3679 	3813
f 3708 	5191 	3720
f 587 	525 	3821
f 3841 	3842 	3699
f 3647 	3649 	3834
f 5191 	5192 	3720
f 3829 	3647 	3834
f 3806 	3720 	5192
f 537 	517 	3764
f 3834 	3649 	3836
f 451 	611 	3843
f 3822 	3645 	3644
f 3645 	3823 	3656
f 778 	3783 	3763
f 634 	3845 	3843
f 3823 	3780 	3656
f 3780 	3782 	3664
f 778 	781 	3783
f 451 	3843 	3719
f 3023 	3817 	3815
f 3936 	1113 	1111
f 3780 	3664 	3656
f 3090 	3092 	3841
f 3845 	639 	3835
f 3841 	3819 	3090
f 3784 	3790 	3623
f 3835 	3680 	3845
f 3857 	3672 	3860
f 3623 	3668 	3784
f 1152 	1121 	3851
f 781 	786 	3804
f 3790 	3630 	3623
f 3844 	3671 	3857
f 3857 	4854 	3844
f 3723 	3842 	3848
f 3790 	3798 	3630
f 3848 	3849 	3724
f 3798 	3801 	3639
f 3791 	3789 	674
f 786 	3737 	3804
f 1121 	3856 	3851
f 786 	805 	3737
f 1152 	3851 	966
f 3672 	3685 	3860
f 1111 	3856 	1121
f 3764 	517 	3765
f 3705 	3852 	3854
f 816 	3751 	811
f 517 	518 	3765
f 3854 	3855 	3706
f 518 	519 	3770
f 1111 	3861 	3856
f 3758 	519 	522
f 3854 	3706 	3705
f 522 	546 	3759
f 546 	3761 	3759
f 3709 	3855 	3803
f 522 	3759 	3758
f 3803 	3813 	3678
f 546 	550 	3761
f 3184 	3189 	3859
f 550 	672 	3788
f 3678 	3813 	3679
f 672 	3789 	3788
f 1113 	3861 	1111
f 3803 	3678 	3709
f 3860 	3685 	3865
f 3386 	3890 	3377
f 3761 	550 	3788
f 3685 	3688 	3865
f 3386 	3892 	3890
f 1113 	906 	3861
f 672 	674 	3789
f 3791 	674 	678
f 2829 	3856 	3861
f 3114 	3862 	3189
f 678 	3793 	3791
f 3393 	3396 	3858
f 3816 	3820 	3621
f 3859 	3189 	3862
f 906 	2785 	3861
f 3820 	3644 	3621
f 3820 	3822 	3644
f 680 	3793 	678
f 3858 	3892 	3393
f 3862 	3114 	3757
f 3862 	3757 	3507
f 2948 	3852 	3402
f 3396 	3711 	4716
f 2948 	3508 	3852
f 2764 	2793 	910
f 3688 	3866 	3865
f 910 	880 	2764
f 3852 	3508 	3854
f 886 	2770 	880
f 2770 	2764 	880
f 3396 	4716 	3858
f 2779 	886 	895
f 2779 	2770 	886
f 3635 	3866 	3688
f 3447 	3898 	3893
f 2911 	4654 	2907
f 3898 	3447 	3483
f 2867 	2850 	982
f 982 	987 	2867
f 957 	966 	2844
f 966 	2817 	2844
f 966 	3851 	2817
f 3851 	3856 	2826
f 3898 	3483 	3904
f 2826 	2817 	3851
f 3870 	4799 	3866
f 3511 	3517 	3878
f 2785 	2829 	3861
f 3754 	3177 	3869
f 2793 	2785 	906
f 3177 	3876 	3869
f 910 	2793 	906
f 3636 	3870 	3635
f 3888 	3517 	3413
f 3870 	3866 	3635
f 3766 	3870 	3636
f 2844 	2838 	957
f 3494 	3511 	3873
f 2916 	4601 	2915
f 3828 	3829 	4825
f 1765 	1755 	3913
f 3859 	3876 	3184
f 3876 	3707 	3869
f 3877 	1914 	2994
f 3511 	3878 	3873
f 3869 	3707 	3702
f 3887 	1679 	1668
f 3517 	3888 	3878
f 3838 	4837 	3836
f 3710 	3876 	3859
f 3873 	3878 	3972
f 3849 	3152 	3867
f 3897 	1697 	3891
f 3838 	4850 	4837
f 3880 	3882 	1328
f 3152 	3154 	3867
f 3886 	1329 	3882
f 3154 	3868 	3867
f 3880 	1328 	1325
f 3725 	3724 	3849
f 3867 	3725 	3849
f 3725 	3867 	3727
f 3868 	3727 	3867
f 3815 	3022 	3023
f 3886 	1332 	1329
f 3885 	4106 	3881
f 3024 	3817 	3023
f 3888 	3413 	3871
f 3819 	3817 	3024
f 3819 	3024 	3090
f 3135 	3842 	3092
f 3841 	3092 	3842
f 3376 	3377 	3872
f 3135 	3848 	3842
f 3871 	3376 	3872
f 3849 	3848 	3151
f 3849 	3151 	3152
f 3413 	3376 	3871
f 3154 	3155 	3868
f 3155 	5112 	3868
f 1679 	3887 	3891
f 3899 	3900 	3901
f 3873 	3904 	3494
f 2783 	2790 	3524
f 3518 	2783 	3524
f 2840 	3530 	2790
f 2845 	3538 	2840
f 3886 	4016 	1332
f 3530 	2840 	3538
f 4016 	1333 	1332
f 3570 	3564 	2856
f 3904 	3873 	4063
f 3910 	3183 	3918
f 1765 	3913 	3917
f 3872 	3377 	3890
f 2976 	3636 	3635
f 1668 	1765 	3917
f 2976 	2984 	3636
f 3887 	1668 	3917
f 3924 	3961 	3922
f 3933 	3890 	3892
f 3924 	1826 	3961
f 3740 	3742 	4750
f 3874 	3928 	3905
f 3888 	4006 	3878
f 3929 	3932 	3941
f 3871 	3872 	3968
f 3932 	3913 	1755
f 3924 	3922 	3936
f 3929 	3936 	3922
f 3865 	3866 	4818
f 4818 	3866 	4799
f 3924 	3936 	1111
f 3907 	3889 	3877
f 4022 	3890 	3933
f 4799 	3870 	4764
f 3938 	3223 	3951
f 3870 	3766 	4764
f 3936 	3929 	3941
f 2502 	3963 	3939
f 3935 	3933 	3892
f 3923 	3881 	3920
f 3941 	1113 	3936
f 3941 	3932 	1755
f 3892 	3858 	3935
f 3928 	3874 	3885
f 1338 	4017 	4029
f 4029 	1340 	1338
f 1349 	4031 	4041
f 3963 	3946 	3939
f 4190 	4193 	3944
f 3524 	2790 	3530
f 3927 	3937 	4156
f 3939 	3946 	4092
f 2856 	2865 	3570
f 3903 	4539 	3902
f 3574 	3570 	2865
f 3894 	4558 	3927
f 3574 	2865 	2888
f 1893 	1886 	4004
f 3920 	3881 	3946
f 3948 	3944 	4193
f 2888 	2897 	3574
f 3576 	2897 	3518
f 3955 	1803 	1802
f 3126 	3952 	3951
f 3128 	3952 	3126
f 3923 	3885 	3881
f 3128 	3809 	3952
f 3874 	3905 	3875
f 3875 	3905 	3907
f 3889 	1914 	3877
f 3907 	3877 	3875
f 3889 	2047 	1914
f 3923 	3928 	3885
f 1803 	3955 	3956
f 1826 	1803 	3956
f 1505 	4052 	1508
f 3956 	3961 	1826
f 1356 	3953 	3965
f 3923 	4019 	4023
f 3926 	3925 	4133
f 1359 	1356 	3965
f 4023 	3928 	3923
f 3965 	3966 	1359
f 1508 	3973 	1505
f 2929 	3239 	3962
f 3908 	3158 	3161
f 3161 	3910 	3908
f 3908 	3962 	3158
f 3279 	1307 	3969
f 3969 	1505 	3973
f 3910 	3161 	3183
f 3973 	3289 	3969
f 3905 	3998 	3983
f 3905 	3928 	3998
f 3977 	1508 	1477
f 3930 	4153 	3931
f 3889 	3907 	3987
f 1477 	1269 	3977
f 3973 	1508 	3977
f 3920 	3946 	3963
f 3975 	1852 	4008
f 3983 	3907 	3905
f 3975 	3978 	1856
f 4295 	4264 	3955
f 3955 	1802 	3978
f 1856 	3978 	1802
f 3975 	1856 	1852
f 1250 	1256 	3262
f 2047 	3989 	2652
f 3918 	3183 	3187
f 3889 	3989 	2047
f 3187 	3223 	3938
f 3353 	1406 	1339
f 3907 	3983 	3987
f 3187 	3938 	3918
f 3889 	3987 	3989
f 1346 	3360 	1339
f 3126 	3951 	3223
f 1346 	1303 	3290
f 3888 	3967 	4006
f 1380 	3966 	3990
f 3990 	1381 	1380
f 1303 	1307 	3294
f 1384 	3992 	3993
f 1303 	3294 	3290
f 3779 	3087 	2967
f 3785 	2967 	2970
f 1307 	3279 	3294
f 3794 	3785 	2970
f 2970 	2991 	3794
f 3993 	1385 	1384
f 4019 	3923 	3920
f 3973 	3268 	3289
f 1385 	3993 	3996
f 3973 	3977 	3268
f 3794 	2991 	3797
f 3274 	3977 	1269
f 3809 	3128 	3071
f 3071 	3073 	3827
f 3840 	3827 	3073
f 3257 	3274 	1269
f 3257 	1269 	1250
f 3809 	3071 	3827
f 3928 	4023 	3998
f 3085 	3840 	3073
f 3085 	3087 	3853
f 1431 	3996 	4000
f 3840 	3085 	3853
f 3087 	3779 	3853
f 3981 	3895 	4088
f 3888 	3871 	3967
f 4008 	4326 	4333
f 3878 	4006 	3972
f 3963 	2502 	2779
f 4004 	1886 	4000
f 1888 	4005 	4034
f 3920 	3963 	4012
f 3896 	3981 	3984
f 1893 	4004 	4008
f 1852 	1893 	4008
f 3853 	3779 	4530
f 4333 	3975 	4008
f 4027 	1492 	1882
f 3963 	2779 	4012
f 3779 	3785 	4532
f 3993 	4309 	3996
f 3967 	3871 	3968
f 4016 	4017 	1333
f 3827 	3840 	4557
f 4012 	4019 	3920
f 3872 	3890 	4022
f 4045 	4021 	1863
f 3872 	4022 	3968
f 1882 	4021 	4027
f 1863 	4021 	1882
f 3887 	4160 	3891
f 4027 	3628 	1492
f 3617 	3807 	4015
f 4030 	1340 	4029
f 3998 	4863 	3983
f 4048 	4039 	3898
f 4203 	4204 	1677
f 4204 	1682 	1677
f 4204 	4273 	1682
f 3893 	3898 	4039
f 4033 	3893 	4039
f 4187 	3943 	3942
f 3898 	3904 	4048
f 4838 	2652 	3989
f 4189 	3943 	4187
f 4189 	4190 	3944
f 3944 	3943 	4189
f 3948 	4193 	5209
f 4830 	3987 	3983
f 1350 	4041 	4042
f 4042 	1351 	1350
f 4042 	3953 	1351
f 3904 	4063 	4048
f 4212 	4260 	4041
f 4260 	4042 	4041
f 1888 	4034 	4045
f 3972 	4063 	3873
f 1888 	4045 	1863
f 3966 	3965 	4280
f 4052 	1924 	4074
f 3914 	3991 	4053
f 1505 	1924 	4052
f 1508 	4052 	4055
f 4129 	3921 	3954
f 4005 	1477 	4055
f 4303 	3992 	3990
f 4830 	3983 	4863
f 4153 	3930 	4140
f 1688 	4279 	4300
f 1688 	4300 	1706
f 3931 	4154 	3942
f 3967 	3968 	4136
f 4321 	4004 	4000
f 4012 	2779 	895
f 895 	4840 	4012
f 3921 	4129 	4130
f 3921 	4130 	3925
f 4068 	1924 	1919
f 4075 	4076 	4077
f 4068 	4074 	1924
f 3917 	3913 	4191
f 2269 	4086 	3008
f 4052 	4074 	4083
f 4217 	3929 	3922
f 4052 	4083 	4055
f 3946 	4105 	4092
f 3932 	4223 	3913
f 3955 	4264 	3956
f 4091 	4055 	4083
f 3946 	3881 	4105
f 4091 	4034 	4005
f 4091 	4005 	4055
f 4141 	4048 	4063
f 3881 	4106 	4105
f 3874 	3875 	4079
f 4167 	2077 	4151
f 4178 	1942 	1940
f 4173 	1940 	2082
f 3922 	4271 	4217
f 4387 	3985 	3984
f 4389 	3991 	3985
f 3932 	3929 	4219
f 4223 	3932 	4219
f 4078 	4106 	3885
f 3874 	4079 	4078
f 3935 	4114 	3933
f 4326 	4008 	4004
f 2082 	2077 	4167
f 4167 	4173 	2082
f 4076 	4105 	4077
f 3885 	3874 	4078
f 3978 	4295 	3955
f 3875 	4080 	4079
f 3875 	3877 	4080
f 3956 	4264 	4266
f 3877 	2994 	4080
f 4266 	3961 	3956
f 4079 	4123 	4078
f 4271 	3922 	3961
f 4079 	4124 	4123
f 4079 	4080 	4124
f 4080 	2994 	3255
f 3255 	4124 	4080
f 4128 	3008 	4086
f 1764 	4131 	4134
f 4088 	3894 	4119
f 4136 	3968 	4112
f 3968 	4022 	4112
f 4016 	4185 	4017
f 4022 	3933 	4113
f 4022 	4113 	4112
f 3913 	4223 	4191
f 4125 	4129 	3954
f 4114 	4113 	3933
f 4131 	1763 	4127
f 4128 	3352 	3008
f 4086 	4092 	4164
f 4133 	3925 	4130
f 4128 	4086 	4164
f 4174 	4092 	4105
f 3926 	4133 	4140
f 3926 	4140 	3930
f 1767 	4138 	4142
f 4133 	4291 	4292
f 4133 	4130 	4291
f 4140 	4133 	4292
f 1777 	4142 	4146
f 4148 	4149 	3882
f 4146 	2069 	1777
f 3882 	4149 	3886
f 4146 	4151 	2069
f 4154 	3931 	4153
f 4148 	3882 	3880
f 4155 	3886 	4149
f 4155 	4016 	3886
f 4076 	4174 	4105
f 4155 	4185 	4016
f 4128 	4531 	4520
f 4164 	4092 	4174
f 4106 	4077 	4105
f 4640 	4151 	4632
f 4640 	4167 	4151
f 4165 	4166 	4234
f 4160 	4169 	3891
f 4136 	4112 	4248
f 3897 	3891 	4169
f 4119 	4156 	4419
f 4128 	4164 	4531
f 899 	4177 	4169
f 3897 	4169 	4177
f 4122 	4077 	4106
f 4056 	4054 	4429
f 1940 	4173 	4178
f 4135 	4136 	4247
f 4332 	4182 	4176
f 4136 	4248 	4247
f 1942 	4178 	4184
f 4017 	4185 	4186
f 1919 	1942 	4184
f 4186 	4029 	4017
f 3942 	4154 	4187
f 4186 	4210 	4029
f 4119 	3894 	3927
f 3894 	4088 	3895
f 4184 	4068 	1919
f 4077 	4197 	4075
f 3896 	3895 	3981
f 3917 	4191 	4199
f 4075 	4197 	4076
f 3984 	3985 	3902
f 4106 	4078 	4122
f 4197 	4077 	4122
f 3896 	3984 	3902
f 4129 	4290 	4130
f 4199 	3887 	3917
f 4291 	4130 	4290
f 4160 	3887 	4199
f 4122 	4078 	4123
f 4623 	4142 	4622
f 4202 	4203 	1673
f 4076 	4197 	4122
f 4166 	4135 	4244
f 3985 	3991 	3903
f 3985 	3903 	3902
f 4041 	4031 	4212
f 3914 	3903 	3991
f 4073 	4046 	4312
f 4340 	4218 	4213
f 4210 	4030 	4029
f 4165 	4232 	4141
f 4210 	4211 	4030
f 4165 	4234 	4232
f 4211 	4031 	4030
f 4212 	4031 	4211
f 3937 	4150 	4156
f 4187 	3455 	4189
f 4156 	4119 	3927
f 3915 	3914 	4053
f 4175 	4222 	4342
f 4053 	4054 	3915
f 3916 	3915 	4054
f 4222 	4218 	4342
f 4448 	4501 	4124
f 4056 	3916 	4054
f 4168 	4353 	4172
f 4056 	4059 	3919
f 3919 	3916 	4056
f 4174 	4543 	4164
f 4223 	4219 	1015
f 3929 	4217 	4219
f 4218 	4398 	4213
f 4222 	4175 	4229
f 4086 	2269 	3939
f 4229 	4175 	4141
f 3939 	4092 	4086
f 4305 	3442 	4154
f 3352 	4128 	4520
f 4212 	4211 	149
f 4046 	4043 	4307
f 4094 	4073 	4235
f 4229 	4141 	4232
f 4042 	4261 	3953
f 4235 	4253 	4094
f 4121 	4270 	4125
f 4166 	4244 	4234
f 3993 	3992 	4304
f 4283 	3990 	3966
f 3996 	4309 	4310
f 4000 	3996 	4310
f 4000 	4310 	4321
f 4248 	4250 	4395
f 4239 	4324 	4249
f 4252 	4249 	4325
f 4145 	4252 	4325
f 4235 	3543 	4253
f 3638 	4270 	4254
f 3934 	4145 	4150
f 4232 	4234 	4383
f 4150 	3937 	3934
f 4252 	4145 	3934
f 3953 	4261 	4262
f 4262 	3965 	3953
f 4253 	4254 	4098
f 4135 	4247 	4244
f 3966 	4280 	4283
f 4042 	4260 	4261
f 4112 	4250 	4248
f 4112 	4113 	4250
f 4113 	4114 	4251
f 4253 	4098 	4094
f 4268 	4356 	4274
f 4250 	4113 	4251
f 4270 	3655 	3899
f 4254 	4121 	4098
f 5000 	3897 	4298
f 4251 	4397 	4250
f 1684 	4273 	4275
f 3961 	4266 	4271
f 4254 	4270 	4121
f 150 	4260 	4212
f 3900 	4290 	4277
f 3900 	4277 	3901
f 4218 	4402 	4398
f 4262 	4280 	3965
f 3899 	3901 	4277
f 4283 	4303 	3990
f 4125 	4270 	3899
f 4125 	3899 	4129
f 3899 	4290 	4129
f 3899 	4277 	4290
f 3975 	4333 	4287
f 4292 	4294 	4140
f 4287 	4295 	3978
f 4264 	1078 	1062
f 4294 	3696 	4305
f 4294 	4153 	4140
f 4287 	3978 	3975
f 4264 	4295 	1078
f 1325 	4285 	3880
f 4290 	3674 	4291
f 3675 	3695 	4292
f 4177 	4375 	4298
f 1685 	4275 	4279
f 4280 	163 	4283
f 3695 	4294 	4292
f 3695 	3696 	4294
f 4303 	4304 	3992
f 4294 	4305 	4153
f 4375 	4308 	4298
f 4305 	4154 	4153
f 3442 	3455 	4187
f 3442 	4187 	4154
f 4309 	3993 	4304
f 4440 	4441 	4056
f 4059 	4441 	5085
f 4307 	3507 	4312
f 3520 	4235 	4312
f 4307 	4312 	4046
f 4235 	4073 	4312
f 5005 	4298 	4308
f 4135 	3967 	4136
f 4135 	4006 	3967
f 4189 	3455 	3456
f 4461 	4150 	4457
f 1706 	4300 	4108
f 4033 	4340 	62
f 4150 	4461 	4156
f 4323 	4822 	4317
f 4279 	4275 	4554
f 3456 	4190 	4189
f 4063 	3972 	4165
f 3972 	4166 	4165
f 3972 	4006 	4166
f 4135 	4166 	4006
f 4150 	4145 	4457
f 4165 	4141 	4063
f 4249 	4324 	4325
f 4367 	4284 	4281
f 1086 	4333 	4326
f 4321 	4326 	4004
f 3456 	3462 	4190
f 4039 	4048 	4175
f 4368 	4285 	4284
f 4373 	3880 	4285
f 4048 	4141 	4175
f 4138 	4134 	4601
f 4177 	4298 	3897
f 4142 	4138 	4622
f 4142 	4623 	4146
f 4304 	171 	4309
f 4412 	3981 	4088
f 1069 	1008 	4217
f 4176 	4357 	4332
f 4323 	4406 	4281
f 1008 	4219 	4217
f 4151 	4146 	4632
f 4340 	248 	62
f 1021 	944 	4191
f 4342 	4039 	4175
f 4191 	4223 	1021
f 4199 	4191 	944
f 4039 	4342 	4033
f 4199 	944 	986
f 4033 	4342 	4340
f 4145 	4502 	4457
f 4218 	4340 	4342
f 4199 	986 	4160
f 4177 	899 	907
f 4341 	4182 	4332
f 4310 	1080 	4321
f 1080 	1084 	4321
f 1084 	1086 	4326
f 4341 	4043 	4182
f 1084 	4326 	4321
f 4043 	4341 	4307
f 3462 	3463 	4193
f 4323 	4317 	4399
f 23 	4193 	3463
f 4190 	3462 	4193
f 4985 	23 	3463
f 169 	5016 	4353
f 4266 	4264 	1062
f 1062 	1065 	4266
f 1069 	4271 	1065
f 4168 	169 	4353
f 1065 	4271 	4266
f 4373 	4148 	3880
f 4353 	4357 	4172
f 4357 	4176 	4172
f 4222 	4229 	4374
f 4213 	4398 	4359
f 4323 	4399 	4406
f 4328 	4364 	4506
f 4291 	3674 	3675
f 4292 	4291 	3675
f 4284 	4367 	4368
f 4155 	4149 	129
f 129 	130 	4155
f 4364 	4328 	4224
f 4224 	4328 	4228
f 4532 	4021 	4045
f 4336 	4239 	4228
f 4155 	130 	4185
f 4239 	4336 	4324
f 4285 	4368 	4373
f 4258 	79 	4346
f 4074 	4068 	4575
f 4229 	4232 	4376
f 4258 	4346 	4268
f 4346 	4356 	4268
f 4232 	4383 	4376
f 4229 	4376 	4374
f 137 	147 	4210
f 4274 	4360 	4286
f 4211 	4210 	147
f 137 	4210 	4186
f 4364 	4286 	4360
f 147 	149 	4211
f 4224 	4286 	4364
f 4212 	149 	150
f 4312 	3507 	3520
f 4360 	4274 	4356
f 4260 	150 	158
f 4261 	4260 	158
f 158 	159 	4261
f 159 	4262 	4261
f 160 	163 	4280
f 4228 	4328 	4336
f 160 	4280 	4262
f 164 	4303 	4283
f 4618 	4184 	4614
f 4514 	4383 	4370
f 3543 	4235 	3520
f 4309 	171 	187
f 4234 	4370 	4383
f 3550 	4254 	4253
f 4375 	4386 	4308
f 4244 	4371 	4370
f 4244 	4247 	4371
f 4370 	4234 	4244
f 4148 	351 	128
f 4148 	128 	4149
f 3550 	3638 	4254
f 4270 	3638 	3655
f 4271 	1069 	4217
f 3900 	3899 	3655
f 3667 	3900 	3655
f 4290 	3667 	3674
f 3667 	4290 	3900
f 4088 	4119 	4411
f 4402 	4218 	4222
f 4399 	4317 	4386
f 3702 	4357 	4353
f 4412 	4088 	4411
f 4222 	4374 	4402
f 4169 	896 	899
f 4169 	4160 	896
f 4387 	4389 	3985
f 4386 	4317 	4308
f 4247 	4248 	4393
f 4391 	3991 	4389
f 4391 	4053 	3991
f 4371 	4247 	4393
f 4177 	907 	4375
f 4248 	4395 	4393
f 4397 	4395 	4250
f 164 	170 	4303
f 4251 	430 	4397
f 4304 	170 	171
f 4370 	4371 	4515
f 3931 	854 	845
f 170 	4304 	4303
f 4411 	4119 	4419
f 4310 	4309 	187
f 187 	1080 	4310
f 3981 	4412 	4414
f 4414 	4387 	3984
f 4414 	3984 	3981
f 1099 	4333 	1086
f 4287 	4333 	1099
f 1072 	4287 	1099
f 4452 	4449 	4398
f 4406 	633 	4367
f 4287 	1072 	4295
f 1072 	1078 	4295
f 4367 	4281 	4406
f 3925 	3926 	843
f 844 	843 	3926
f 3925 	843 	788
f 3926 	3930 	844
f 844 	3930 	845
f 3931 	845 	3930
f 613 	4375 	907
f 4375 	613 	4386
f 3540 	4387 	4414
f 4563 	4034 	4091
f 444 	4359 	4444
f 3513 	3514 	4389
f 4452 	4398 	4402
f 3514 	4391 	4389
f 4428 	4391 	3516
f 4535 	4536 	827
f 4391 	4428 	4053
f 4428 	4429 	4054
f 827 	821 	4535
f 4428 	3585 	4429
f 801 	4536 	3954
f 4428 	4054 	4053
f 3954 	3921 	785
f 801 	3954 	785
f 3516 	3585 	4428
f 3921 	788 	785
f 4371 	4517 	4515
f 4429 	3585 	3586
f 3921 	3925 	788
f 3259 	4439 	4434
f 4371 	4393 	4517
f 3586 	4440 	4429
f 4518 	4393 	4395
f 4056 	4429 	4440
f 4059 	4056 	4441
f 4519 	4518 	4395
f 4519 	4395 	4397
f 3586 	3602 	4440
f 3602 	3603 	4441
f 4184 	4178 	4614
f 3603 	229 	4441
f 430 	695 	4397
f 4440 	3602 	4441
f 4124 	3255 	4448
f 4145 	4325 	4502
f 4359 	4398 	4449
f 4449 	4444 	4359
f 3256 	3259 	4434
f 4432 	3256 	4434
f 633 	358 	4367
f 4439 	3263 	4442
f 3263 	3264 	4442
f 358 	4368 	4367
f 4374 	4462 	4402
f 79 	417 	4346
f 417 	4507 	4346
f 4610 	4432 	4434
f 3942 	854 	3931
f 4373 	351 	4148
f 3943 	855 	3942
f 4356 	4346 	4507
f 4611 	4434 	4439
f 855 	854 	3942
f 3943 	3944 	877
f 877 	3944 	878
f 877 	855 	3943
f 878 	3944 	3948
f 4368 	348 	4373
f 4373 	348 	351
f 4462 	4452 	4402
f 890 	4545 	4551
f 3343 	4460 	4456
f 4460 	3343 	3352
f 4462 	4374 	4468
f 3343 	4456 	3337
f 3337 	4456 	4451
f 624 	4386 	613
f 4468 	4374 	4376
f 4399 	4386 	624
f 4509 	4202 	4015
f 624 	629 	4399
f 4376 	4383 	4471
f 4406 	629 	633
f 629 	4406 	4399
f 4156 	4461 	4419
f 4468 	4376 	4471
f 4471 	4383 	4514
f 4468 	4471 	4708
f 4451 	4476 	3333
f 4471 	4620 	4708
f 4514 	4620 	4471
f 4389 	4387 	3513
f 4034 	4530 	4045
f 4021 	4532 	4516
f 4620 	4514 	4621
f 4448 	4606 	4604
f 4606 	4448 	4432
f 4521 	3763 	3628
f 4419 	4461 	3541
f 3628 	4027 	4521
f 3541 	3542 	4419
f 3542 	4411 	4419
f 663 	4444 	4711
f 4444 	4732 	4711
f 4459 	4469 	837
f 4732 	4444 	4449
f 4073 	4500 	4488
f 4509 	4015 	3807
f 806 	4469 	4488
f 4503 	3522 	3531
f 4488 	815 	806
f 4325 	4324 	4498
f 4094 	4098 	4526
f 3553 	4502 	3551
f 3553 	4457 	4502
f 4488 	4500 	815
f 4325 	4498 	4502
f 4094 	4526 	4500
f 4203 	4202 	4512
f 3533 	4505 	3531
f 4364 	4504 	4506
f 4503 	3531 	4505
f 4273 	4529 	4553
f 3533 	4470 	4505
f 4204 	4529 	4273
f 4509 	4512 	4202
f 397 	4504 	4511
f 4722 	4708 	4620
f 3264 	3441 	4491
f 4491 	4442 	3264
f 4621 	4514 	4515
f 3441 	4492 	4491
f 4511 	4356 	4507
f 4511 	4360 	4356
f 3444 	3446 	4494
f 4511 	4504 	4360
f 4494 	4492 	3444
f 4364 	4360 	4504
f 4328 	4506 	4487
f 3446 	4522 	4494
f 4487 	4336 	4328
f 4336 	4487 	4495
f 4604 	4501 	4448
f 4517 	4518 	4634
f 4495 	4498 	4324
f 4460 	3352 	4520
f 4336 	4495 	4324
f 3763 	4521 	3797
f 3535 	4412 	3534
f 4414 	4412 	3535
f 4516 	4027 	4021
f 4411 	3534 	4412
f 3540 	4414 	3535
f 3794 	4521 	4516
f 4387 	3540 	3513
f 1151 	4519 	695
f 4521 	4027 	4516
f 1151 	4636 	4519
f 3567 	4525 	4524
f 4498 	4495 	3562
f 4370 	4515 	4514
f 4518 	4517 	4393
f 3542 	3534 	4411
f 4506 	3594 	4487
f 4397 	695 	4519
f 4523 	4522 	3563
f 3565 	3567 	4524
f 4512 	2855 	4528
f 3565 	4524 	4523
f 4507 	856 	394
f 394 	4511 	4507
f 4203 	4512 	4528
f 4507 	417 	856
f 4528 	4204 	4203
f 4204 	4528 	4529
f 3560 	4487 	3594
f 4495 	3560 	3562
f 4495 	4487 	3560
f 3562 	3551 	4498
f 4502 	4498 	3551
f 4520 	4642 	4641
f 4457 	3553 	3554
f 4457 	3554 	4461
f 4461 	3554 	3541
f 4522 	4523 	4637
f 4164 	4543 	4531
f 4547 	4543 	4174
f 4511 	394 	397
f 3589 	4504 	397
f 4532 	4045 	4530
f 4496 	4537 	3703
f 3589 	4506 	4504
f 4533 	3701 	4537
f 4121 	4535 	4098
f 4526 	4098 	4535
f 3703 	4537 	3701
f 4535 	4121 	4536
f 4121 	4125 	4536
f 4500 	4073 	4094
f 4125 	3954 	4536
f 4525 	3571 	4542
f 4469 	4459 	4043
f 3927 	4558 	4556
f 4560 	4558 	3894
f 3894 	3895 	4560
f 4046 	4469 	4043
f 4076 	4547 	4174
f 4046 	4073 	4488
f 4578 	4083 	4074
f 4557 	4083 	4578
f 4122 	4472 	4076
f 4046 	4488 	4469
f 4531 	4543 	4595
f 3896 	3902 	4538
f 4539 	4538 	3902
f 4561 	3896 	4538
f 4091 	4083 	4557
f 4034 	4563 	4530
f 4539 	3903 	4608
f 4168 	4551 	4545
f 4553 	4275 	4273
f 4570 	4300 	4279
f 3666 	4534 	4559
f 3620 	4559 	4549
f 882 	548 	4545
f 4300 	4570 	4572
f 4572 	4108 	4300
f 3620 	3666 	4559
f 4553 	4554 	4275
f 3937 	3927 	4556
f 4547 	4076 	4472
f 4560 	4561 	5
f 4602 	4543 	4547
f 4563 	4091 	4557
f 861 	4551 	4562
f 4564 	4552 	4678
f 3571 	3573 	4542
f 4562 	865 	861
f 3573 	4566 	4542
f 2878 	2882 	4554
f 4562 	4176 	4569
f 4182 	4569 	4176
f 4122 	4123 	4479
f 4553 	2878 	4554
f 4562 	4569 	865
f 4570 	4279 	4554
f 4472 	4122 	4479
f 4123 	4124 	4501
f 4459 	4182 	4043
f 4459 	4569 	4182
f 4123 	4501 	4479
f 875 	1176 	4574
f 3582 	3584 	4573
f 4573 	3584 	4576
f 4573 	4568 	3582
f 4551 	4168 	4172
f 4176 	4562 	4172
f 3895 	3896 	4561
f 4562 	4551 	4172
f 4561 	4560 	3895
f 4573 	4576 	4699
f 4074 	4575 	4578
f 4698 	4573 	4699
f 2882 	4570 	4554
f 4567 	3581 	4568
f 2882 	2884 	4570
f 2884 	4572 	4570
f 4307 	3721 	3507
f 3741 	4586 	3738
f 3707 	4357 	3702
f 3707 	3710 	4332
f 3710 	4341 	4332
f 4332 	4357 	3707
f 4127 	4109 	4653
f 4341 	3721 	4307
f 4591 	4479 	4501
f 3741 	4549 	4586
f 4583 	3738 	4586
f 4600 	264 	230
f 4654 	4131 	4127
f 4598 	4601 	4134
f 4134 	4131 	4598
f 4607 	293 	266
f 4622 	4138 	4601
f 266 	264 	4605
f 3573 	3579 	4566
f 4566 	3579 	4567
f 4585 	4839 	4579
f 4460 	4520 	4641
f 4666 	373 	372
f 4520 	4531 	4642
f 4644 	4173 	4167
f 3934 	4588 	4252
f 4588 	4587 	4252
f 4650 	4525 	4542
f 4618 	4575 	4068
f 4618 	4068 	4184
f 4588 	3934 	4565
f 4571 	4872 	4871
f 4567 	4696 	4566
f 4651 	4109 	4108
f 4568 	4573 	4698
f 4594 	139 	127
f 4131 	4654 	4598
f 4594 	4596 	139
f 229 	3603 	4599
f 4599 	4600 	230
f 4600 	4605 	264
f 4547 	4589 	4602
f 4599 	230 	229
f 4286 	4224 	4594
f 4691 	4593 	4592
f 4543 	4602 	4595
f 4224 	4596 	4594
f 4286 	4594 	4631
f 4228 	4596 	4224
f 4228 	4577 	4596
f 4472 	4590 	4589
f 4228 	4239 	4577
f 4590 	4472 	4479
f 4577 	4239 	4581
f 4249 	4581 	4239
f 4249 	4252 	4587
f 4590 	4479 	4591
f 4587 	4581 	4249
f 4547 	4472 	4589
f 3937 	4565 	3934
f 4644 	4167 	4640
f 4593 	4692 	1033
f 4556 	4565 	3937
f 266 	4605 	4607
f 4676 	4552 	4548
f 4598 	2915 	4601
f 4609 	4613 	193
f 4613 	3916 	4615
f 4439 	4616 	4611
f 433 	4612 	4617
f 4442 	4626 	4616
f 4617 	4712 	4603
f 4617 	4603 	412
f 4617 	412 	433
f 4501 	4604 	4591
f 3915 	4613 	4609
f 3919 	5028 	4615
f 4619 	4258 	4624
f 4268 	4624 	4258
f 4627 	4268 	4274
f 4624 	4268 	4627
f 4432 	4610 	4606
f 4274 	4286 	4631
f 4434 	4611 	4610
f 4439 	4442 	4616
f 4624 	240 	4619
f 293 	4607 	4625
f 4627 	4274 	4631
f 4515 	4633 	4621
f 4623 	3962 	4632
f 3903 	3914 	4608
f 4720 	4628 	4625
f 4442 	4491 	4626
f 4609 	4608 	3914
f 3915 	4609 	3914
f 4629 	4626 	4492
f 4491 	4492 	4626
f 3915 	3916 	4613
f 4632 	4146 	4623
f 4492 	4494 	4630
f 4492 	4630 	4629
f 3919 	4615 	3916
f 4635 	4630 	4494
f 4647 	99 	4556
f 4636 	4692 	4634
f 4647 	4556 	4558
f 4636 	1151 	1181
f 4561 	6 	5
f 4515 	4517 	4633
f 4561 	4538 	6
f 21 	6 	4538
f 4538 	4539 	21
f 4633 	4517 	4634
f 191 	21 	4539
f 4518 	4519 	4636
f 4596 	4577 	156
f 4636 	4634 	4518
f 156 	139 	4596
f 4577 	4581 	172
f 156 	4577 	172
f 4587 	181 	4581
f 186 	181 	4587
f 4581 	181 	172
f 4587 	4588 	186
f 4588 	4565 	61
f 4621 	4633 	4690
f 4625 	4628 	294
f 61 	186 	4588
f 99 	4565 	4556
f 4625 	294 	293
f 99 	61 	4565
f 4539 	4608 	191
f 294 	4628 	349
f 191 	4608 	192
f 4608 	4609 	192
f 4609 	193 	192
f 4615 	197 	4613
f 3910 	4644 	4640
f 4615 	673 	197
f 4692 	4636 	1181
f 538 	673 	4615
f 203 	561 	4619
f 4619 	240 	203
f 4642 	4531 	4595
f 255 	240 	4624
f 4627 	255 	4624
f 4631 	272 	4627
f 127 	272 	4631
f 4173 	4644 	4646
f 127 	4631 	4594
f 4660 	4602 	4589
f 4647 	1009 	99
f 4646 	4614 	4178
f 4647 	4648 	1011
f 4628 	4643 	349
f 4646 	4178 	4173
f 1009 	4647 	1011
f 372 	4643 	4666
f 4648 	4647 	4558
f 4558 	4560 	4648
f 4560 	5 	4648
f 4525 	4650 	4639
f 2929 	4622 	2916
f 4651 	4108 	4572
f 472 	4674 	4649
f 4651 	4653 	4109
f 4653 	4654 	4127
f 4494 	4522 	4635
f 4522 	4637 	4635
f 4649 	4652 	478
f 4523 	4524 	4638
f 4637 	4523 	4638
f 4638 	4524 	4639
f 4524 	4525 	4639
f 4655 	1176 	1538
f 4542 	4566 	4695
f 4590 	4591 	4656
f 4649 	478 	472
f 4655 	4711 	4659
f 4622 	4601 	2916
f 390 	4668 	4670
f 4575 	3809 	4578
f 4668 	4728 	4670
f 4729 	4451 	4456
f 3779 	4532 	4530
f 4563 	3853 	4530
f 453 	4670 	4672
f 4496 	210 	4537
f 4503 	218 	4496
f 453 	390 	4670
f 190 	219 	4505
f 4672 	4674 	466
f 4677 	4595 	4602
f 210 	4496 	218
f 237 	4537 	210
f 218 	4503 	4505
f 4660 	4677 	4602
f 4725 	4728 	4668
f 4676 	4678 	4552
f 4533 	4537 	237
f 4590 	4656 	4661
f 4614 	4646 	3938
f 4589 	4661 	4660
f 3951 	4618 	4614
f 4660 	4661 	4683
f 3952 	4575 	4618
f 4678 	4679 	4564
f 2854 	2855 	4512
f 4675 	4694 	4671
f 4677 	4700 	4675
f 2854 	4512 	4509
f 4682 	4677 	4660
f 4652 	4744 	4749
f 4528 	2861 	4529
f 2863 	4553 	4529
f 2863 	2878 	4553
f 4656 	4968 	4684
f 4865 	4610 	4611
f 4651 	4572 	2885
f 2885 	2906 	4651
f 2906 	2907 	4653
f 4571 	4689 	4690
f 2907 	4654 	4653
f 4653 	4651 	2906
f 4665 	4671 	4693
f 4665 	4693 	4687
f 4598 	4654 	2911
f 2911 	2915 	4598
f 4703 	856 	4603
f 4687 	4745 	4742
f 3809 	4575 	3952
f 4578 	3809 	3827
f 4620 	4621 	4689
f 3827 	4557 	4578
f 4688 	4620 	4689
f 4643 	4723 	4666
f 4689 	4621 	4690
f 4687 	4693 	4745
f 4557 	3840 	4563
f 4633 	4634 	4691
f 4682 	4660 	4683
f 3840 	3853 	4563
f 4693 	4671 	4694
f 4725 	4668 	4666
f 4690 	4633 	4691
f 4675 	4700 	4694
f 4691 	4634 	4692
f 4694 	4754 	4693
f 3785 	4516 	4532
f 3785 	3794 	4516
f 4677 	4682 	4700
f 4678 	4676 	4713
f 4713 	4717 	4678
f 3797 	778 	3763
f 4678 	4717 	4679
f 4649 	4674 	4741
f 4717 	4707 	4679
f 4679 	4707 	4688
f 4707 	4620 	4688
f 4546 	4544 	4688
f 4689 	4546 	4688
f 4700 	4760 	4694
f 3793 	4701 	3729
f 4690 	4592 	4571
f 4571 	4546 	4689
f 4690 	4691 	4592
f 4623 	4622 	2929
f 2929 	3962 	4623
f 4703 	4704 	856
f 4632 	3962 	3908
f 4593 	4691 	4692
f 4640 	3908 	3910
f 1181 	1033 	4692
f 4763 	4699 	4576
f 4632 	3908 	4640
f 4684 	4683 	4661
f 3910 	3918 	4644
f 4574 	1176 	4655
f 4661 	4656 	4684
f 4655 	4659 	4579
f 4699 	4763 	4856
f 4646 	4644 	3918
f 4579 	4574 	4655
f 4704 	394 	856
f 4659 	4667 	4585
f 3918 	3938 	4646
f 4542 	4695 	4650
f 4585 	4579 	4659
f 3938 	3951 	4614
f 4695 	4566 	4696
f 3730 	394 	4704
f 4548 	4585 	4667
f 4683 	4684 	4739
f 4567 	4568 	4697
f 4676 	4548 	4667
f 4701 	4599 	3729
f 3952 	4618 	3951
f 4701 	4600 	4599
f 4696 	4567 	4697
f 4702 	4600 	4701
f 4568 	4698 	4697
f 4705 	4605 	4702
f 4702 	4605 	4600
f 4549 	4751 	4586
f 4679 	4688 	4544
f 4549 	4759 	4751
f 4679 	4544 	4564
f 4782 	4706 	4705
f 4549 	4559 	4759
f 235 	4534 	4533
f 4707 	4708 	4710
f 4711 	1538 	663
f 4709 	4617 	4612
f 235 	4533 	237
f 4711 	4732 	4659
f 4617 	4709 	4712
f 4712 	4703 	4603
f 4470 	190 	4505
f 4476 	194 	4470
f 194 	190 	4470
f 4452 	4462 	4713
f 4705 	4706 	4607
f 4589 	4590 	4661
f 4706 	4625 	4607
f 4705 	4607 	4605
f 4462 	4717 	4713
f 4468 	4717 	4462
f 177 	194 	4476
f 4675 	4671 	4642
f 4476 	4451 	177
f 4708 	4722 	4710
f 4642 	4595 	4675
f 4729 	177 	4451
f 4675 	4595 	4677
f 4708 	4707 	4468
f 4710 	4722 	4707
f 4734 	4456 	4460
f 4468 	4707 	4717
f 4729 	4456 	4734
f 3711 	4718 	4716
f 4718 	3712 	4719
f 4641 	4642 	4671
f 3712 	3715 	4719
f 4665 	4641 	4671
f 4719 	3715 	4724
f 405 	177 	4729
f 3717 	4755 	4724
f 4707 	4722 	4620
f 4730 	4733 	4672
f 419 	405 	4729
f 4672 	4670 	4730
f 4734 	419 	4729
f 4452 	4735 	4449
f 4806 	4733 	4730
f 4449 	4735 	4732
f 3726 	4740 	4736
f 4734 	4460 	4641
f 4735 	4452 	4713
f 4735 	4713 	4676
f 3726 	3731 	4740
f 4706 	4720 	4625
f 1538 	4711 	4655
f 4628 	4720 	4721
f 4665 	4734 	4641
f 4721 	4723 	4643
f 4725 	4666 	4723
f 4721 	4643 	4628
f 4667 	4659 	4732
f 4735 	4667 	4732
f 4735 	4676 	4667
f 4786 	4591 	4604
f 4728 	4730 	4670
f 4682 	4683 	4738
f 4683 	4739 	4738
f 4743 	3740 	4750
f 4674 	4672 	4733
f 4674 	4733 	4741
f 4611 	4868 	4865
f 4684 	727 	4739
f 3731 	4743 	4740
f 4611 	4616 	4868
f 3740 	4743 	3731
f 4744 	4652 	4649
f 4945 	4742 	744
f 106 	95 	4783
f 4744 	4649 	4741
f 3742 	3893 	4750
f 4760 	4700 	4737
f 4662 	4652 	4749
f 231 	4534 	235
f 4693 	4754 	4745
f 4638 	4639 	4814
f 4752 	4612 	4662
f 4819 	4815 	4650
f 4612 	4752 	4709
f 4752 	4662 	4749
f 4770 	4751 	520
f 2065 	2635 	4753
f 231 	4559 	4534
f 530 	520 	4751
f 4751 	4759 	530
f 4720 	4790 	4721
f 4694 	4760 	4754
f 4768 	95 	94
f 4805 	4806 	4730
f 94 	91 	4767
f 3752 	3753 	4756
f 4728 	4805 	4730
f 4756 	4755 	3752
f 4759 	4559 	231
f 231 	545 	4759
f 4757 	4756 	3753
f 4783 	4785 	106
f 4819 	4650 	4695
f 4785 	108 	106
f 4757 	3755 	4758
f 1871 	108 	4787
f 4696 	4697 	4843
f 4899 	4891 	4755
f 4756 	4900 	4755
f 4757 	4907 	4756
f 4757 	4908 	4907
f 4682 	4738 	4737
f 4972 	4752 	4749
f 4758 	4908 	4757
f 4576 	4583 	4763
f 4700 	4682 	4737
f 4701 	3793 	4778
f 4771 	3773 	4773
f 4778 	4702 	4701
f 4702 	4779 	4705
f 3773 	3787 	4773
f 1185 	4739 	727
f 91 	4777 	4767
f 744 	4742 	4776
f 4745 	4788 	4742
f 94 	4767 	4768
f 4586 	4770 	4583
f 4763 	4583 	4770
f 4720 	4784 	4790
f 4770 	4586 	4751
f 4760 	4801 	4754
f 4720 	4706 	4784
f 4768 	4783 	95
f 4760 	4737 	4808
f 4723 	4800 	4725
f 1185 	4810 	4739
f 4639 	4650 	4815
f 4815 	4814 	4639
f 3787 	4775 	4773
f 3808 	4775 	3787
f 4775 	3808 	4736
f 4993 	4744 	4741
f 4899 	4755 	4900
f 4709 	4752 	4978
f 4709 	4978 	4958
f 4778 	4779 	4702
f 4782 	4705 	4779
f 4869 	4768 	4767
f 4768 	4869 	4870
f 4742 	4788 	4776
f 4780 	3825 	4781
f 3825 	3826 	4781
f 4745 	4794 	4788
f 4782 	4784 	4706
f 4787 	108 	4785
f 4850 	3838 	3844
f 4776 	4788 	4957
f 4721 	4790 	4791
f 4791 	4723 	4721
f 4656 	4591 	4786
f 4760 	4808 	4801
f 4786 	4604 	4789
f 3857 	4858 	4854
f 4604 	4606 	4789
f 4723 	4791 	4800
f 4754 	4794 	4745
f 4753 	4792 	5237
f 4794 	4961 	4788
f 4794 	4754 	4801
f 4786 	4968 	4656
f 4792 	4829 	4802
f 4801 	4950 	4794
f 384 	405 	4943
f 4772 	10 	4802
f 419 	4734 	4665
f 4725 	4800 	4804
f 4783 	4768 	4870
f 4804 	4728 	4725
f 4804 	4805 	4728
f 4787 	2076 	1871
f 4616 	4889 	4868
f 4810 	1185 	1747
f 3857 	3860 	4858
f 4872 	4785 	4871
f 4733 	4806 	4813
f 4737 	4738 	4809
f 4871 	4785 	4783
f 4813 	4741 	4733
f 4737 	4809 	4808
f 4809 	4738 	4810
f 4739 	4810 	4738
f 2635 	4823 	4753
f 4792 	4823 	4829
f 4839 	4802 	4829
f 4776 	4957 	4952
f 4814 	4910 	4638
f 4820 	4821 	4822
f 3987 	4830 	4831
f 4781 	3826 	4824
f 4838 	3989 	4831
f 4824 	3828 	4825
f 3998 	4023 	4860
f 4860 	4863 	3998
f 4823 	4792 	4753
f 4861 	4770 	520
f 520 	530 	5042
f 3989 	3987 	4831
f 4838 	872 	2652
f 3826 	3828 	4824
f 4841 	1422 	1838
f 3829 	4827 	4825
f 3829 	3834 	4827
f 4827 	3834 	4828
f 3834 	3836 	4828
f 4828 	3836 	4837
f 4548 	4857 	4851
f 3844 	4854 	4850
f 4697 	4698 	4845
f 4839 	4772 	4802
f 4698 	4699 	4855
f 4840 	4849 	4019
f 4843 	4697 	4845
f 4839 	4851 	4772
f 4698 	4855 	4845
f 4851 	4774 	4772
f 4840 	4019 	4012
f 4855 	4699 	4856
f 4851 	4857 	4774
f 4849 	4023 	4019
f 4857 	4883 	4777
f 4861 	4856 	4763
f 4763 	4770 	4861
f 3865 	4862 	3860
f 4857 	4777 	4774
f 3865 	4818 	4862
f 4856 	4861 	20
f 4023 	4849 	4860
f 4862 	4858 	3860
f 5032 	4858 	4862
f 4695 	4696 	4842
f 4696 	4843 	4842
f 4842 	4819 	4695
f 4833 	4835 	5198
f 875 	4823 	2635
f 875 	4574 	4823
f 4823 	4574 	4829
f 4789 	4606 	4864
f 4579 	4829 	4574
f 5199 	1422 	4841
f 4831 	4874 	4838
f 4829 	4579 	4839
f 4585 	4548 	4851
f 5204 	4844 	4853
f 4851 	4839 	4585
f 4830 	4877 	4831
f 4868 	4889 	5004
f 5201 	4844 	5204
f 4548 	4552 	4857
f 4552 	4883 	4857
f 4606 	4610 	4864
f 4915 	4780 	4781
f 4610 	4865 	4864
f 4564 	4883 	4552
f 4840 	1071 	4880
f 1071 	4840 	895
f 4888 	4860 	4849
f 4783 	4870 	4871
f 4789 	4864 	4973
f 4863 	4896 	4830
f 4877 	4830 	4896
f 4872 	4787 	4785
f 4850 	4990 	4837
f 4872 	4875 	4787
f 4787 	4875 	2076
f 4974 	4864 	4865
f 4929 	4832 	4859
f 4878 	4874 	4919
f 2076 	4875 	2618
f 359 	365 	4959
f 4880 	4849 	4840
f 4954 	359 	4959
f 4883 	4767 	4777
f 4886 	1747 	1845
f 4945 	405 	419
f 4810 	1747 	4886
f 4886 	1845 	4935
f 4767 	4883 	4869
f 419 	4687 	4945
f 4888 	4849 	4880
f 4546 	4871 	4870
f 4860 	4888 	4895
f 4863 	4860 	4895
f 4892 	5007 	4889
f 4724 	4755 	4891
f 4809 	4810 	4886
f 4592 	4875 	4872
f 4882 	4809 	4886
f 3858 	4716 	4884
f 4870 	4869 	4544
f 641 	470 	4997
f 4870 	4544 	4546
f 4863 	4895 	4896
f 4884 	3935 	3858
f 490 	359 	4954
f 4949 	4966 	4881
f 4546 	4571 	4871
f 4716 	4885 	4884
f 4716 	4718 	4885
f 4616 	4626 	4889
f 4718 	4719 	4887
f 4889 	4626 	4892
f 4887 	4719 	4891
f 4872 	4571 	4592
f 4887 	4885 	4718
f 4592 	4593 	4875
f 4626 	4629 	4892
f 4719 	4724 	4891
f 4629 	4630 	4894
f 4593 	1033 	2618
f 2618 	4875 	4593
f 4892 	4629 	4894
f 4883 	4564 	4869
f 4564 	4544 	4869
f 4877 	4874 	4831
f 4902 	4903 	4904
f 4874 	4878 	4838
f 243 	484 	4905
f 4756 	4907 	4900
f 872 	4838 	4878
f 1052 	872 	4878
f 4919 	4874 	4918
f 81 	4906 	4910
f 4910 	4814 	86
f 4877 	4918 	4874
f 4910 	4906 	4637
f 245 	4905 	4911
f 4880 	1071 	1697
f 87 	86 	4814
f 4911 	4912 	250
f 4912 	324 	250
f 4815 	87 	4814
f 4815 	107 	87
f 4888 	5005 	4895
f 4901 	4894 	4630
f 4630 	4635 	4901
f 4906 	4901 	4635
f 4912 	4911 	4995
f 4635 	4637 	4906
f 4781 	4921 	4915
f 4896 	4895 	4923
f 4637 	4638 	4910
f 4913 	4841 	1838
f 4923 	4821 	4896
f 4896 	4821 	4877
f 4758 	4780 	4914
f 484 	483 	4987
f 4821 	4918 	4877
f 69 	4894 	4901
f 4908 	4758 	4914
f 70 	4901 	4906
f 4914 	4780 	4915
f 4913 	4844 	4841
f 4913 	4952 	4920
f 4912 	4995 	4996
f 4878 	4919 	4922
f 4921 	4781 	4824
f 4922 	1325 	1052
f 4913 	4920 	4844
f 4922 	1052 	4878
f 4824 	4825 	4975
f 4824 	4975 	4921
f 4815 	4819 	107
f 4975 	4825 	4976
f 4912 	4925 	324
f 4825 	4827 	4976
f 5039 	20 	4861
f 4925 	4926 	325
f 4822 	4927 	4820
f 4821 	4820 	4927
f 4926 	4925 	5010
f 5010 	5012 	4926
f 4832 	4929 	4932
f 4926 	5012 	4930
f 4996 	5010 	4925
f 4925 	4912 	4996
f 109 	4819 	4842
f 4927 	4822 	4918
f 4821 	4927 	4918
f 109 	107 	4819
f 4843 	111 	4842
f 68 	4843 	4845
f 4937 	4938 	385
f 4938 	387 	385
f 4939 	387 	4938
f 5013 	4937 	4930
f 4881 	4882 	4934
f 4932 	4881 	4934
f 4856 	9 	4855
f 4934 	4882 	4935
f 4882 	4886 	4935
f 5051 	5052 	607
f 4750 	3893 	4033
f 607 	603 	5051
f 384 	4943 	4940
f 4775 	114 	4773
f 4773 	114 	105
f 4775 	4736 	114
f 4932 	4929 	4949
f 4949 	4881 	4932
f 4958 	4960 	4712
f 603 	4939 	5049
f 4932 	4833 	4832
f 5051 	603 	5049
f 4712 	4709 	4958
f 4934 	4833 	4932
f 405 	4945 	4943
f 4934 	4935 	4835
f 4948 	4704 	4703
f 4736 	16 	114
f 4703 	4712 	4960
f 4835 	4833 	4934
f 4943 	739 	4940
f 4935 	1845 	1395
f 4835 	4935 	1395
f 892 	416 	3730
f 3730 	4704 	892
f 5061 	632 	630
f 4844 	4920 	4853
f 4742 	4945 	4687
f 4920 	4924 	4853
f 4859 	4853 	4924
f 4924 	4929 	4859
f 4828 	4837 	4980
f 4970 	4786 	4789
f 4786 	4970 	4968
f 4949 	4950 	4951
f 655 	646 	5077
f 4948 	892 	4704
f 4913 	2505 	4952
f 4940 	4959 	365
f 365 	384 	4940
f 4957 	4788 	4961
f 4958 	915 	4960
f 919 	4960 	915
f 4959 	794 	4954
f 5128 	4964 	5125
f 4884 	4885 	5143
f 4954 	794 	764
f 4960 	919 	4948
f 4703 	4960 	4948
f 4961 	4924 	4957
f 4950 	4801 	4966
f 4956 	5125 	4964
f 4794 	4949 	4961
f 4950 	4966 	4951
f 4961 	4929 	4924
f 4950 	4949 	4794
f 4951 	4966 	4949
f 4972 	4967 	983
f 983 	988 	4972
f 4907 	5160 	4900
f 4929 	4961 	4949
f 4956 	4964 	540
f 4967 	4744 	4993
f 4882 	4881 	4808
f 4809 	4882 	4808
f 4994 	5111 	5116
f 4970 	4973 	733
f 4801 	4808 	4881
f 4964 	4971 	498
f 4801 	4881 	4966
f 4967 	4972 	4749
f 4952 	4957 	4920
f 4957 	4924 	4920
f 501 	498 	4971
f 4978 	4752 	4972
f 4967 	4749 	4744
f 4974 	4977 	864
f 991 	4978 	988
f 4972 	988 	4978
f 4978 	991 	4958
f 4982 	4983 	4984
f 4981 	4971 	5108
f 4985 	4986 	30
f 4981 	501 	4971
f 4806 	954 	961
f 4986 	36 	30
f 4813 	4806 	961
f 484 	4987 	4988
f 4813 	961 	967
f 4988 	4989 	4905
f 4864 	4974 	4973
f 4905 	4989 	4911
f 4970 	4789 	4973
f 4985 	30 	23
f 4988 	4905 	484
f 967 	972 	4993
f 4967 	4993 	972
f 4977 	4974 	4865
f 4980 	4837 	4990
f 4989 	4995 	4911
f 4865 	4868 	4977
f 36 	4986 	4991
f 4992 	49 	4991
f 967 	4993 	4813
f 4968 	727 	4684
f 4968 	4970 	730
f 4993 	4741 	4813
f 4970 	733 	730
f 4850 	4854 	5015
f 727 	4968 	730
f 4991 	5021 	4992
f 4850 	5015 	4990
f 4974 	860 	4973
f 4994 	510 	4981
f 4973 	860 	733
f 510 	4994 	465
f 4974 	864 	860
f 5182 	465 	4994
f 5018 	4986 	4985
f 4827 	4828 	4979
f 5018 	5020 	4986
f 5020 	5021 	4991
f 4940 	736 	4959
f 4827 	4979 	4976
f 4940 	739 	736
f 5020 	4991 	4986
f 4828 	4980 	4979
f 736 	794 	4959
f 954 	4806 	4805
f 744 	739 	4943
f 744 	4943 	4945
f 4995 	4989 	5106
f 5121 	4996 	4995
f 5053 	251 	249
f 680 	995 	4778
f 470 	488 	4998
f 4778 	995 	4779
f 995 	996 	4779
f 5198 	4987 	5180
f 4778 	3793 	680
f 5102 	5103 	4988
f 4998 	488 	4999
f 4987 	5102 	4988
f 490 	4999 	488
f 253 	5071 	256
f 998 	4784 	4782
f 4954 	4999 	490
f 4779 	996 	4782
f 4784 	998 	912
f 4998 	4997 	470
f 4790 	912 	934
f 934 	4791 	4790
f 4790 	4784 	912
f 934 	935 	4791
f 4971 	4964 	5128
f 935 	936 	4800
f 4804 	4800 	936
f 4791 	935 	4800
f 5108 	4971 	5128
f 936 	952 	4804
f 4997 	4998 	842
f 4805 	952 	954
f 952 	4805 	4804
f 4888 	5000 	5005
f 5000 	4888 	4880
f 4954 	764 	4999
f 4298 	5005 	5000
f 1697 	3897 	5000
f 4977 	4868 	5004
f 5008 	5007 	4894
f 1697 	5000 	4880
f 4891 	4899 	5157
f 562 	5002 	5006
f 58 	4743 	62
f 5006 	566 	562
f 4889 	5007 	5004
f 5009 	5006 	5147
f 4750 	62 	4743
f 5009 	566 	5006
f 4892 	4894 	5007
f 62 	4750 	4033
f 5009 	4956 	526
f 5009 	526 	566
f 4894 	69 	5008
f 5004 	867 	4977
f 867 	864 	4977
f 868 	867 	5004
f 5005 	4923 	4895
f 5159 	4899 	4900
f 868 	5004 	5007
f 5013 	4930 	5012
f 5008 	870 	5007
f 5003 	5011 	179
f 1023 	870 	5008
f 5016 	5115 	5117
f 5010 	5134 	5012
f 5011 	5014 	167
f 5137 	5138 	5012
f 5138 	5043 	5013
f 5014 	5115 	5016
f 4281 	4919 	4918
f 5117 	3702 	5016
f 850 	4998 	4999
f 5013 	5012 	5138
f 4285 	1325 	4922
f 4999 	764 	850
f 4998 	850 	842
f 4854 	4858 	5025
f 545 	575 	5019
f 4308 	4317 	4923
f 4317 	4821 	4923
f 5005 	4308 	4923
f 169 	5014 	5016
f 5017 	545 	5019
f 5009 	5147 	5149
f 4821 	4317 	4822
f 4918 	4822 	4323
f 3702 	4353 	5016
f 4858 	5032 	5025
f 4854 	5025 	5015
f 4985 	3727 	5018
f 5149 	4956 	5009
f 4323 	4281 	4918
f 5017 	884 	885
f 4956 	5149 	5125
f 4919 	4281 	4284
f 4284 	4285 	4922
f 4284 	4922 	4919
f 5017 	5019 	884
f 5022 	4992 	5021
f 5022 	249 	4992
f 5019 	909 	884
f 575 	5024 	5019
f 641 	5024 	575
f 5024 	641 	4997
f 5024 	909 	5019
f 5024 	4997 	838
f 5024 	838 	909
f 544 	5030 	5034
f 179 	178 	5003
f 3727 	5112 	5018
f 4906 	81 	70
f 5018 	5112 	5020
f 5032 	369 	5025
f 5039 	4861 	520
f 5026 	5036 	595
f 925 	977 	20
f 601 	5036 	5038
f 5038 	573 	601
f 5025 	369 	5114
f 5032 	4862 	5047
f 545 	5017 	530
f 253 	5056 	5071
f 4862 	4818 	5047
f 20 	5039 	925
f 5038 	5002 	573
f 5013 	5043 	4937
f 5043 	5045 	4938
f 5039 	520 	5042
f 204 	256 	5075
f 4939 	4938 	5045
f 5017 	5042 	530
f 204 	5075 	5076
f 5039 	5042 	931
f 5043 	4938 	4937
f 4939 	5045 	5049
f 931 	5042 	885
f 931 	925 	5039
f 595 	593 	5026
f 119 	4818 	4799
f 5017 	885 	5042
f 4799 	83 	119
f 119 	5047 	4818
f 5052 	5059 	626
f 626 	607 	5052
f 178 	5001 	5003
f 538 	4615 	5028
f 538 	5028 	541
f 5022 	5053 	249
f 5028 	5029 	541
f 251 	5053 	5054
f 5029 	5030 	542
f 5030 	544 	542
f 9 	4856 	20
f 541 	5029 	542
f 4843 	68 	111
f 4980 	5120 	4979
f 252 	5054 	5056
f 4845 	12 	68
f 4855 	12 	4845
f 5055 	5172 	5023
f 616 	5055 	5023
f 5054 	252 	251
f 5026 	593 	5023
f 960 	68 	12
f 5015 	5109 	4990
f 4855 	9 	12
f 561 	557 	5132
f 4258 	4619 	561
f 5040 	571 	5034
f 630 	5059 	5061
f 111 	109 	4842
f 591 	571 	5040
f 225 	5083 	5057
f 5034 	571 	544
f 5041 	592 	591
f 5057 	232 	225
f 5059 	630 	626
f 5044 	5046 	612
f 5061 	5064 	632
f 5044 	612 	592
f 5057 	5063 	232
f 636 	5064 	5065
f 5041 	591 	5040
f 5041 	5044 	592
f 242 	5063 	5001
f 5001 	178 	242
f 4915 	4921 	5097
f 5066 	5068 	620
f 5097 	5096 	4915
f 5099 	5097 	4921
f 4921 	4975 	5099
f 4975 	4976 	5118
f 5065 	5069 	640
f 4975 	5118 	5099
f 4914 	4915 	5096
f 5140 	627 	5074
f 5069 	646 	640
f 5077 	646 	5069
f 5046 	615 	612
f 5066 	615 	5046
f 655 	5077 	5079
f 5066 	620 	615
f 609 	655 	5079
f 5068 	625 	620
f 5074 	625 	5068
f 5079 	5055 	609
f 625 	5074 	627
f 5146 	594 	5140
f 5148 	606 	600
f 594 	5146 	600
f 5142 	3935 	4884
f 4059 	5085 	5028
f 214 	5078 	5083
f 5064 	5061 	5175
f 236 	248 	5195
f 248 	4213 	5195
f 229 	5086 	5085
f 248 	4340 	4213
f 5090 	5040 	5088
f 5156 	5162 	5038
f 4903 	5181 	5069
f 5184 	5077 	5181
f 5184 	5079 	5077
f 5181 	5077 	5069
f 5045 	5043 	5152
f 230 	5087 	5086
f 5063 	5057 	5141
f 5091 	294 	5092
f 5096 	5168 	4914
f 5141 	5150 	5063
f 5150 	5151 	5001
f 5059 	5052 	5170
f 5170 	5174 	5059
f 5001 	5063 	5150
f 264 	5088 	5087
f 5174 	5175 	5061
f 5059 	5174 	5061
f 3727 	3868 	5112
f 5176 	5064 	5175
f 5091 	5090 	293
f 293 	294 	5091
f 4903 	5069 	5065
f 4979 	5119 	4976
f 349 	5101 	5092
f 5064 	5176 	5065
f 5104 	372 	373
f 5105 	5104 	373
f 5105 	373 	390
f 5054 	5053 	5163
f 5163 	5165 	5054
f 5056 	5054 	5165
f 5103 	4989 	4988
f 390 	453 	5107
f 5165 	5166 	5056
f 5106 	4989 	5103
f 5105 	390 	5107
f 5056 	5166 	5071
f 1403 	5111 	5108
f 5111 	1403 	1413
f 5107 	453 	5110
f 466 	5110 	453
f 5075 	5071 	5167
f 4983 	5076 	5169
f 5116 	1413 	1422
f 5146 	5110 	118
f 5169 	5076 	5075
f 5148 	5146 	118
f 5076 	4983 	5078
f 5114 	5109 	5015
f 5148 	118 	154
f 5015 	5025 	5114
f 5101 	372 	5104
f 4981 	5108 	5111
f 5092 	294 	349
f 5028 	3919 	4059
f 5085 	5086 	5029
f 5111 	1413 	5116
f 369 	5248 	5114
f 3606 	3750 	5115
f 5028 	5085 	5029
f 5086 	5087 	5030
f 5030 	5029 	5086
f 5087 	5088 	5034
f 5088 	5040 	5034
f 5115 	3750 	5117
f 5030 	5087 	5034
f 5111 	4994 	4981
f 5117 	3754 	3869
f 54 	66 	5132
f 3869 	3702 	5117
f 5099 	5253 	5252
f 5040 	5090 	5041
f 5090 	5091 	5041
f 5091 	5092 	5044
f 5044 	5041 	5091
f 5092 	5046 	5044
f 5092 	5101 	5046
f 4980 	5129 	5120
f 5101 	5104 	5066
f 5068 	5066 	5104
f 5113 	5112 	3704
f 4995 	5106 	5121
f 5066 	5046 	5101
f 4996 	5121 	5122
f 5105 	5068 	5104
f 5113 	5021 	5020
f 5122 	5010 	4996
f 5123 	5021 	5113
f 5123 	5124 	5022
f 5146 	5140 	5110
f 5123 	5022 	5021
f 1674 	1638 	5125
f 1638 	1435 	5128
f 180 	48 	5126
f 1638 	5128 	5125
f 5124 	5053 	5022
f 4979 	5120 	5119
f 4990 	5129 	4980
f 66 	5136 	5132
f 5130 	3599 	3606
f 48 	54 	5131
f 54 	5132 	5131
f 5129 	4990 	5109
f 5129 	5109 	5246
f 1435 	5108 	5128
f 5127 	5130 	5011
f 5115 	5130 	3606
f 5130 	5014 	5011
f 5127 	5011 	5003
f 4976 	5119 	5118
f 5122 	5134 	5010
f 5115 	5014 	5130
f 4835 	1395 	5102
f 1395 	1397 	5103
f 1395 	5103 	5102
f 557 	5131 	5132
f 1397 	1556 	5106
f 1556 	5121 	5106
f 5109 	5247 	5246
f 5106 	5103 	1397
f 1557 	5121 	1556
f 1557 	5122 	5121
f 1557 	1559 	5122
f 79 	5136 	66
f 5078 	4983 	5133
f 5137 	5012 	5134
f 5136 	79 	4258
f 561 	5132 	5136
f 5135 	5083 	5133
f 5136 	4258 	561
f 5243 	356 	360
f 5074 	5068 	5105
f 5105 	5107 	5074
f 5107 	5140 	5074
f 360 	261 	5228
f 5107 	5110 	5140
f 5133 	5083 	5078
f 5142 	4114 	3935
f 5149 	1662 	1674
f 5141 	5057 	5135
f 5139 	5006 	5002
f 5147 	5006 	5139
f 1662 	5147 	1645
f 5144 	4887 	5145
f 5139 	1645 	5147
f 3630 	5151 	5150
f 5147 	1662 	5149
f 5125 	5149 	1674
f 154 	5154 	5148
f 5148 	600 	5146
f 1559 	5134 	5122
f 1559 	1570 	5134
f 3630 	3639 	5151
f 1570 	1571 	5137
f 5134 	1570 	5137
f 1571 	5138 	5137
f 4884 	5143 	5142
f 4885 	4887 	5144
f 5138 	5152 	5043
f 5144 	5143 	4885
f 5045 	5152 	5153
f 5145 	4887 	4891
f 5153 	5155 	5049
f 5157 	5145 	4891
f 5153 	5049 	5045
f 606 	5148 	5154
f 5151 	5003 	5001
f 1479 	1478 	5156
f 5162 	5156 	1478
f 5154 	549 	606
f 5151 	5127 	5003
f 5158 	1479 	5156
f 5156 	5036 	5158
f 5154 	180 	5126
f 5154 	5126 	549
f 5158 	5036 	5026
f 5156 	5038 	5036
f 3664 	5135 	5133
f 5162 	5139 	5002
f 5162 	5002 	5038
f 5141 	5135 	3668
f 3623 	3630 	5150
f 5152 	5138 	1573
f 5141 	3623 	5150
f 5151 	3639 	5127
f 5157 	4899 	5159
f 5159 	4900 	5160
f 5053 	5124 	5163
f 5155 	5164 	5051
f 5161 	5160 	4907
f 5052 	5051 	5164
f 4907 	4908 	5161
f 5071 	5166 	5167
f 5155 	5051 	5049
f 5169 	5075 	5167
f 5052 	5164 	5170
f 5172 	1535 	1489
f 4984 	4983 	3645
f 4982 	5171 	4983
f 5252 	5251 	5097
f 4908 	5168 	5161
f 5171 	5133 	4983
f 4908 	4914 	5168
f 1489 	1495 	5173
f 4982 	4984 	5171
f 4984 	3645 	3656
f 3656 	5133 	4984
f 4984 	5133 	5171
f 5173 	5172 	1489
f 229 	5085 	4441
f 5086 	229 	230
f 5083 	5135 	5057
f 5097 	5251 	5096
f 3679 	3621 	5166
f 264 	5087 	230
f 3679 	5166 	5165
f 3621 	5167 	5166
f 266 	5088 	264
f 266 	293 	5090
f 5099 	5118 	5253
f 4983 	5169 	3645
f 5020 	5112 	5113
f 5090 	5088 	266
f 5172 	5173 	5023
f 3155 	3704 	5112
f 1495 	1479 	5158
f 5113 	3704 	3705
f 5173 	1495 	5158
f 5173 	5026 	5023
f 3705 	3706 	5123
f 5173 	5158 	5026
f 5254 	5118 	5119
f 5123 	5113 	3705
f 3706 	3709 	5124
f 5124 	5123 	3706
f 5163 	5124 	3709
f 3678 	5163 	3709
f 5165 	5163 	3678
f 3679 	5165 	3678
f 3621 	3644 	5167
f 3644 	3645 	5169
f 5169 	5167 	3644
f 5065 	5176 	4903
f 4902 	5177 	4903
f 5179 	5180 	460
f 483 	460 	5180
f 5180 	4987 	483
f 5177 	5181 	4903
f 5242 	369 	356
f 4902 	4904 	5177
f 4903 	1511 	4904
f 4904 	1514 	5177
f 5178 	458 	5189
f 458 	347 	5189
f 5181 	1514 	1518
f 459 	5178 	5179
f 1518 	5184 	5181
f 459 	458 	5178
f 460 	459 	5179
f 1514 	5181 	5177
f 332 	195 	5183
f 195 	212 	5188
f 4994 	5116 	5182
f 5185 	5184 	1525
f 5185 	1525 	1535
f 5188 	5183 	195
f 5185 	5079 	5184
f 5185 	5055 	5079
f 469 	465 	5182
f 5185 	5172 	5055
f 5185 	1535 	5172
f 5182 	5186 	469
f 1509 	5176 	5175
f 1573 	1590 	5152
f 1590 	1594 	5153
f 476 	5186 	5187
f 5153 	5152 	1590
f 1594 	1601 	5155
f 5153 	1594 	5155
f 5164 	5155 	1601
f 476 	5187 	346
f 1483 	5164 	1601
f 5170 	5164 	1483
f 1483 	1486 	5170
f 1486 	1507 	5174
f 5190 	212 	236
f 5174 	1507 	5175
f 5174 	5170 	1486
f 5189 	347 	5187
f 1507 	1509 	5175
f 212 	5190 	5188
f 5176 	1509 	1511
f 5176 	1511 	4903
f 5190 	236 	5195
f 60 	55 	59
f 3806 	5192 	5193
f 5196 	5179 	5178
f 5180 	5197 	5198
f 5182 	5116 	5199
f 5187 	5186 	5201
f 5194 	3807 	5193
f 5201 	5204 	5187
f 5189 	5204 	5205
f 5189 	5187 	5204
f 5178 	5189 	5205
f 5194 	4509 	3807
f 5205 	5196 	5178
f 2854 	4509 	5194
f 5179 	5196 	5197
f 5197 	5180 	5179
f 5198 	5102 	4987
f 5195 	444 	5190
f 5222 	5193 	5192
f 5116 	1422 	5199
f 3708 	5200 	5191
f 4841 	4844 	5201
f 5199 	4841 	5201
f 3708 	3735 	5200
f 4114 	5142 	5202
f 5200 	3735 	816
f 4251 	4114 	5202
f 5191 	5213 	5214
f 5199 	5186 	5182
f 5143 	5144 	5206
f 5207 	5145 	5238
f 5199 	5201 	5186
f 5208 	5225 	781
f 5208 	781 	778
f 786 	781 	5225
f 5202 	430 	4251
f 4853 	4859 	5205
f 5202 	5203 	497
f 5196 	4832 	5197
f 4853 	5205 	5204
f 5202 	5142 	5203
f 5224 	3003 	2854
f 2854 	5194 	5224
f 5191 	5200 	5213
f 5205 	4859 	5196
f 786 	5225 	5227
f 4832 	4833 	5197
f 4833 	5198 	5197
f 5215 	5216 	811
f 5102 	5198 	4835
f 5196 	4859 	4832
f 5213 	5200 	5219
f 5203 	5142 	5143
f 5143 	5206 	5203
f 5222 	5223 	5193
f 1100 	3948 	5209
f 5223 	5194 	5193
f 5209 	1101 	1100
f 5194 	5223 	5224
f 5145 	5207 	5144
f 5157 	5238 	5145
f 1101 	5209 	5210
f 5206 	5144 	5207
f 5192 	5191 	5214
f 5217 	5218 	1237
f 5202 	497 	430
f 805 	5227 	5215
f 499 	497 	5203
f 5206 	499 	5203
f 5206 	5207 	500
f 5217 	1236 	5212
f 816 	811 	5216
f 499 	5206 	500
f 5215 	811 	805
f 500 	5207 	508
f 1237 	1236 	5217
f 5216 	5219 	816
f 5220 	1150 	5218
f 454 	5183 	5188
f 5219 	60 	5213
f 5226 	1199 	5221
f 5226 	1200 	1199
f 5192 	5214 	5222
f 36 	5212 	5211
f 5190 	444 	439
f 36 	49 	5212
f 5195 	4359 	444
f 5195 	4213 	4359
f 586 	5226 	123
f 123 	124 	586
f 553 	125 	132
f 73 	74 	5218
f 74 	5220 	5218
f 94 	5222 	5214
f 5218 	5217 	73
f 5226 	5221 	121
f 108 	1871 	3003
f 327 	332 	5234
f 5208 	2992 	3316
f 89 	110 	574
f 5237 	5227 	5225
f 5228 	474 	468
f 261 	5229 	5228
f 23 	5209 	4193
f 301 	5229 	261
f 5209 	23 	5210
f 23 	30 	5210
f 30 	36 	5211
f 5219 	5216 	52
f 5230 	301 	327
f 52 	60 	5219
f 5211 	5210 	30
f 5217 	5212 	49
f 5213 	91 	5214
f 49 	73 	5217
f 94 	5214 	91
f 94 	95 	5222
f 5220 	74 	82
f 5228 	5229 	474
f 95 	106 	5223
f 5229 	301 	5230
f 5220 	82 	5221
f 95 	5223 	5222
f 5221 	82 	121
f 108 	5224 	106
f 5224 	5223 	106
f 242 	5231 	15
f 3003 	5224 	108
f 178 	179 	5232
f 178 	5232 	5231
f 5235 	5225 	5208
f 179 	5233 	5232
f 332 	5183 	5234
f 14 	5215 	5227
f 539 	5231 	5232
f 5215 	10 	5216
f 10 	52 	5216
f 169 	5236 	167
f 169 	4168 	5236
f 167 	5236 	5233
f 5232 	5233 	543
f 91 	5213 	60
f 5235 	3316 	2065
f 5230 	327 	5234
f 2065 	4753 	5235
f 4753 	5237 	5235
f 5234 	5183 	448
f 5235 	5208 	3316
f 5236 	548 	5233
f 5239 	5238 	5159
f 5236 	4168 	4545
f 5236 	4545 	548
f 5226 	121 	123
f 4772 	4774 	52
f 125 	552 	124
f 5161 	5241 	5160
f 4772 	52 	10
f 552 	586 	124
f 125 	553 	552
f 4792 	4802 	14
f 564 	553 	132
f 5237 	4792 	14
f 132 	89 	564
f 5225 	5235 	5237
f 4802 	10 	14
f 4774 	60 	52
f 14 	5227 	5237
f 4777 	55 	4774
f 14 	10 	5215
f 60 	4774 	55
f 55 	4777 	91
f 5157 	5159 	5238
f 5240 	5239 	5159
f 5159 	5160 	5240
f 5240 	5160 	5241
f 5207 	5238 	508
f 5239 	511 	5238
f 511 	5239 	512
f 5240 	512 	5239
f 5241 	513 	5240
f 5241 	534 	513
f 485 	5229 	5230
f 5230 	489 	485
f 5234 	489 	5230
f 489 	5234 	448
f 5168 	5249 	5161
f 5161 	5249 	5241
f 5097 	5099 	5252
f 5245 	5120 	5129
f 5248 	369 	5242
f 356 	5243 	5242
f 360 	5228 	5243
f 5228 	468 	5243
f 5119 	5120 	5244
f 5244 	5120 	5245
f 5247 	5109 	5114
f 5245 	5129 	5246
f 5248 	5247 	5114
f 5244 	5254 	5119
f 534 	5241 	5249
f 5249 	5168 	5250
f 577 	5250 	5251
f 5250 	5168 	5096
f 5096 	5251 	5250
f 5254 	5253 	5118
f 5251 	5252 	578
f 5251 	578 	577
f 5249 	5250 	535
f 535 	534 	5249
f 577 	535 	5250
f 5252 	580 	578
f 5253 	580 	5252
f 585 	5253 	5254
f 554 	585 	5254
f 5254 	5244 	554
f 5244 	558 	554
f 5245 	558 	5244
f 558 	5245 	563
f 5246 	563 	5245
f 5247 	568 	5246
f 5247 	570 	568
f 568 	563 	5246
f 5247 	5248 	570
f 5248 	5242 	523
f 570 	5248 	523
f 5243 	531 	5242
f 5242 	531 	523
f 105 	88 	4771
f 4764 	83 	4799
f 4764 	88 	83
f 4771 	88 	4764
f 4771 	4773 	105
f 51 	16 	4736
f 4736 	4740 	51
f 4743 	58 	4740
f 58 	51 	4740
f 16 	195 	114
# 5838 faces

g group_0_11909273

usemtl color_11909273
s 0

f 1750 	1732 	4147
f 1797 	1805 	4347
f 1849 	4489 	1848
f 4493 	1847 	1846
f 1862 	4497 	1846
f 2232 	2231 	2233
f 2236 	2244 	2237
f 2237 	2244 	2233
f 2233 	2244 	2232
f 2235 	2232 	2243
f 2239 	2241 	2240
f 2240 	2242 	2239
f 2238 	2235 	2243
f 2242 	2246 	2239
f 2246 	2244 	2239
f 2243 	2232 	2244
f 2236 	2239 	2244
f 2251 	2259 	2250
f 2250 	2259 	2248
f 2257 	2259 	2258
f 2251 	2258 	2259
f 2256 	2255 	2259
f 2255 	2248 	2259
f 2254 	2249 	2255
f 2253 	2249 	2254
f 2248 	2255 	2249
f 2268 	2267 	2263
f 2264 	2263 	2267
f 2265 	2264 	2267
f 2272 	2273 	2271
f 2270 	2265 	2273
f 2266 	2271 	2273
f 2267 	2266 	2265
f 2273 	2265 	2266
f 2287 	2284 	2281
f 2283 	2282 	2284
f 2282 	2281 	2284
f 2281 	2286 	2287
f 2285 	2284 	2287
f 2289 	2281 	2290
f 2286 	2281 	2289
f 2280 	2290 	2281
f 2482 	2473 	4475
f 4798 	2490 	4480
f 2440 	4195 	2437
f 2432 	4183 	2420
f 2397 	4082 	2400
f 1732 	2407 	2406
f 2414 	1780 	2415
f 4416 	4417 	2450
f 4475 	4477 	2483
f 3366 	3373 	3365
f 3403 	3365 	3374
f 3369 	3370 	3380
f 3370 	3371 	3380
f 3372 	3362 	3371
f 3363 	3380 	3371
f 3366 	3362 	3373
f 3374 	3365 	3373
f 3372 	3373 	3362
f 3363 	3371 	3362
f 3379 	3395 	3378
f 3382 	3395 	3379
f 3369 	3380 	3378
f 3384 	3438 	3383
f 3383 	3438 	3385
f 3389 	3398 	3382
f 3369 	3378 	3395
f 3438 	3439 	3385
f 3440 	3385 	3439
f 3392 	3394 	3390
f 3387 	3440 	3390
f 3395 	3382 	3398
f 3385 	3440 	3387
f 3389 	3390 	3394
f 3398 	3389 	3394
f 3401 	3411 	3400
f 3404 	3409 	3401
f 3432 	3429 	3412
f 3411 	3401 	3410
f 3412 	3428 	3411
f 3410 	3401 	3409
f 3409 	3404 	3405
f 3374 	3414 	3403
f 3405 	3403 	3415
f 3415 	3403 	3414
f 3409 	3405 	3415
f 3419 	3434 	3418
f 3431 	3445 	3420
f 3421 	3431 	3420
f 3448 	3449 	3417
f 3422 	3445 	3417
f 3416 	3449 	3425
f 3418 	3434 	3421
f 3400 	3411 	3428
f 3433 	3429 	3432
f 3425 	3450 	3426
f 3451 	3437 	3426
f 3429 	3433 	3419
f 3428 	3412 	3429
f 3433 	3434 	3419
f 3435 	3421 	3434
f 3431 	3421 	3435
f 3438 	3384 	3437
f 3392 	3390 	3440
f 3422 	3420 	3445
f 3448 	3417 	3445
f 3416 	3417 	3449
f 3449 	3450 	3425
f 3451 	3426 	3450
f 3384 	3426 	3437
f 4183 	4171 	2420
f 3019 	4796 	4797
f 4057 	2382 	2384
f 4082 	2397 	4066
f 2419 	4171 	2377
f 4484 	2489 	2493
f 2478 	1862 	2462
f 2475 	1859 	1860
f 2482 	4475 	2483
f 2297 	2377 	4049
f 1737 	2405 	2404
f 1825 	2454 	2453
f 2453 	2452 	1825
f 1858 	2477 	1860
f 2464 	2463 	1847
f 1847 	2465 	2464
f 2472 	4466 	2473
f 1858 	1862 	2477
f 2476 	2475 	1860
f 2476 	1860 	2477
f 2430 	1800 	2431
f 2489 	4480 	2490
f 2388 	2387 	1693
f 2456 	1828 	2403
f 4066 	2396 	2399
f 2399 	4067 	4066
f 2399 	2381 	4067
f 2389 	1700 	2390
f 1778 	2391 	1690
f 2389 	1693 	1700
f 2405 	1737 	1736
f 2405 	1736 	1732
f 2413 	1781 	1780
f 2419 	2420 	4171
f 4050 	2394 	2418
f 2382 	4057 	4060
f 3019 	3050 	4796
f 1700 	4087 	1690
f 2384 	4051 	4057
f 4051 	2384 	4050
f 1732 	1736 	4110
f 1690 	2390 	1700
f 2411 	2391 	1778
f 4050 	2384 	2394
f 4152 	1693 	1750
f 1693 	4152 	4096
f 1700 	1693 	4096
f 4096 	4087 	1700
f 4550 	4051 	4050
f 4540 	4060 	4057
f 4066 	4067 	4584
f 4082 	4066 	4582
f 4107 	1736 	1737
f 1737 	4424 	4107
f 4111 	1736 	4107
f 1736 	4111 	4110
f 4066 	4584 	4582
f 4183 	2432 	2435
f 1732 	4110 	4147
f 1750 	4147 	4152
f 4049 	4657 	4170
f 2418 	2298 	4170
f 2418 	4170 	4050
f 4315 	1791 	1789
f 1799 	4349 	4362
f 1800 	1799 	4362
f 4350 	4347 	1805
f 1805 	1791 	4350
f 1779 	1778 	4233
f 1779 	4245 	1781
f 1779 	4233 	4245
f 1690 	4241 	1778
f 4233 	1778 	4241
f 1793 	1780 	4246
f 4246 	4293 	1793
f 1788 	1793 	4293
f 1781 	4245 	1780
f 4245 	4246 	1780
f 2396 	4066 	2397
f 4645 	4050 	4170
f 4171 	4657 	4049
f 2407 	1732 	1750
f 1693 	2387 	1750
f 1732 	2406 	2405
f 1778 	2412 	2411
f 2414 	2413 	1780
f 4241 	1690 	4087
f 1780 	1793 	2415
f 4171 	4049 	2377
f 2424 	1789 	2425
f 1791 	2427 	2426
f 1789 	1791 	2425
f 2380 	4060 	2381
f 1788 	4293 	4313
f 4313 	4315 	1789
f 1788 	4313 	1789
f 2460 	2459 	4413
f 4194 	4195 	4669
f 4416 	2450 	4413
f 1849 	2465 	1847
f 1849 	1848 	2465
f 1799 	2430 	2429
f 1797 	4347 	4348
f 4348 	4349 	1799
f 1797 	4348 	1799
f 4315 	4350 	1791
f 4380 	4597 	4714
f 4797 	4793 	2851
f 2852 	2851 	4793
f 4430 	1829 	1825
f 4424 	1737 	1828
f 4727 	4416 	4413
f 4409 	4731 	4413
f 4380 	4082 	4597
f 4795 	4179 	2443
f 4416 	4726 	4417
f 4727 	4726 	4416
f 4390 	4380 	4714
f 1778 	1779 	2412
f 1779 	1781 	2412
f 4443 	1828 	1827
f 2426 	2425 	1791
f 2444 	4179 	2439
f 1800 	1857 	2431
f 1827 	1829 	4435
f 1829 	4430 	4435
f 4435 	4443 	1827
f 4424 	1828 	4443
f 2382 	4060 	2380
f 4194 	4183 	2435
f 1846 	4497 	4493
f 4195 	4194 	2437
f 2435 	2437 	4194
f 2428 	1797 	2429
f 1859 	1857 	4508
f 4510 	1857 	1800
f 4480 	4484 	4769
f 2492 	4477 	4484
f 2492 	2483 	4477
f 1848 	4489 	4490
f 1825 	4490 	4430
f 1825 	1848 	4490
f 1849 	1847 	4493
f 4489 	1849 	4493
f 4497 	1862 	4499
f 4454 	4746 	4453
f 4747 	4454 	4417
f 4508 	1857 	4510
f 1858 	1860 	4513
f 4513 	4499 	1858
f 4499 	1862 	1858
f 4510 	1800 	4362
f 2407 	1750 	2387
f 2470 	4454 	4453
f 2390 	1690 	2391
f 2388 	1693 	2389
f 1860 	1859 	4527
f 2472 	2471 	4466
f 2463 	2462 	1846
f 2474 	1857 	1859
f 4513 	1860 	4527
f 4527 	1859 	4508
f 4480 	4769 	4766
f 4761 	4477 	4475
f 4050 	4645 	4550
f 4051 	4550 	4555
f 4057 	4051 	4555
f 4057 	4555 	4540
f 4541 	4060 	4540
f 4067 	4060 	4541
f 4584 	4067 	4541
f 3014 	4795 	2443
f 4580 	4082 	4582
f 4797 	2851 	3019
f 4793 	3014 	2852
f 4795 	3014 	4793
f 4798 	4796 	3050
f 4082 	4380 	2400
f 4082 	4580 	4597
f 4111 	4107 	4847
f 4147 	4110 	4834
f 4836 	4147 	4834
f 4836 	4928 	4152
f 4110 	4111 	4852
f 4110 	4852 	4834
f 4541 	4540 	4803
f 4541 	4803 	4817
f 4096 	4152 	4928
f 4147 	4836 	4152
f 4811 	4816 	4580
f 4817 	4584 	4541
f 4597 	4580 	4816
f 4645 	4170 	4657
f 4171 	4658 	4657
f 4171 	4183 	4658
f 4916 	4087 	4096
f 4550 	4867 	4866
f 2446 	2400 	4380
f 4879 	4645 	4657
f 4658 	4183 	4664
f 4664 	4876 	4658
f 4669 	4195 	4673
f 4195 	4179 	4673
f 4663 	4673 	4179
f 4194 	4664 	4183
f 4194 	4669 	4664
f 1800 	2430 	1799
f 4797 	4685 	4686
f 4233 	4241 	4893
f 4645 	4867 	4550
f 4555 	4550 	4866
f 4315 	4313 	4917
f 4673 	4931 	4669
f 4965 	4362 	4349
f 4936 	4663 	4681
f 4941 	4942 	4686
f 4686 	4685 	4941
f 4680 	4686 	4946
f 2444 	2443 	4179
f 4430 	5072 	4435
f 4195 	2439 	4179
f 2474 	2431 	1857
f 4846 	4107 	4424
f 2413 	2412 	1781
f 2423 	1793 	2424
f 1788 	2424 	1793
f 2428 	2427 	1797
f 1805 	1797 	2427
f 2423 	2415 	1793
f 2424 	1788 	1789
f 4409 	4390 	4715
f 2427 	1791 	1805
f 2451 	2450 	4417
f 4731 	4409 	4715
f 1827 	2455 	2454
f 1827 	2456 	2455
f 1799 	2429 	1797
f 2440 	2439 	4195
f 2451 	4417 	2470
f 1828 	1737 	2403
f 4390 	4714 	4715
f 2448 	4390 	2459
f 4409 	2459 	4390
f 4409 	4413 	2459
f 2460 	4413 	2450
f 4413 	4731 	4727
f 2467 	1848 	2452
f 4417 	4726 	4747
f 4846 	4424 	5027
f 4466 	4475 	2473
f 1825 	2452 	1848
f 2463 	1846 	1847
f 4715 	5033 	5037
f 4424 	4443 	5027
f 1848 	2467 	2465
f 4715 	4714 	5033
f 4727 	4731 	5031
f 2489 	4484 	4480
f 4430 	4490 	5073
f 5072 	4430 	5073
f 4497 	4499 	5080
f 4726 	5050 	4747
f 4746 	4454 	4747
f 4475 	4748 	4761
f 4475 	4466 	4748
f 4466 	4453 	4746
f 4748 	4466 	4746
f 4762 	4769 	4484
f 4484 	4477 	4762
f 4477 	4761 	4762
f 4798 	4480 	4766
f 2446 	4380 	2447
f 5060 	4761 	4748
f 5048 	4726 	4727
f 4510 	4362 	4969
f 5094 	4508 	4510
f 4390 	2447 	4380
f 4969 	5094 	4510
f 2448 	2447 	4390
f 4508 	5093 	4527
f 4761 	5058 	4762
f 4762 	5058 	5089
f 4769 	4762 	5089
f 5089 	5100 	4769
f 4793 	4680 	4681
f 4793 	4797 	4680
f 4795 	4793 	4681
f 4179 	4795 	4663
f 4685 	4797 	4796
f 4765 	4798 	4766
f 4765 	4685 	4796
f 4796 	4798 	4765
f 4797 	4686 	4680
f 4681 	4663 	4795
f 4807 	4803 	4540
f 4540 	4555 	4807
f 4555 	4866 	4807
f 4812 	4811 	4580
f 4582 	4812 	4580
f 4826 	4812 	4582
f 2471 	2470 	4453
f 4453 	4466 	2471
f 2478 	2477 	1862
f 1846 	2462 	1862
f 1859 	2475 	2474
f 4817 	4826 	4584
f 4826 	4582 	4584
f 4816 	4811 	3398
f 4848 	4111 	4847
f 4107 	4846 	4847
f 4111 	4848 	4852
f 3379 	4852 	4848
f 4803 	4807 	3372
f 4645 	4879 	4867
f 4664 	4669 	4873
f 4664 	4873 	4876
f 4658 	4876 	4879
f 4879 	4657 	4658
f 4909 	4245 	4233
f 4898 	4897 	4293
f 4898 	4293 	4246
f 4807 	4866 	3373
f 3373 	3372 	4807
f 4087 	4916 	4890
f 4241 	4087 	4890
f 4241 	4890 	4893
f 4897 	4313 	4293
f 4909 	4233 	4893
f 3415 	4876 	4873
f 4909 	4898 	4246
f 4245 	4909 	4246
f 4897 	4917 	4313
f 4836 	3363 	4928
f 4096 	4928 	4916
f 4928 	3362 	4916
f 4933 	4673 	4663
f 4673 	4933 	4931
f 4873 	4669 	4931
f 4933 	4663 	4936
f 2297 	4049 	2298
f 4349 	4348 	4963
f 4963 	4962 	4349
f 4955 	4347 	4350
f 4049 	4170 	2298
f 4969 	4362 	4965
f 4944 	4681 	4680
f 4936 	4681 	4944
f 4946 	4944 	4680
f 4686 	4942 	4946
f 4484 	2493 	2492
f 4350 	4315 	4947
f 4947 	4315 	4917
f 4953 	4347 	4955
f 4350 	4947 	4955
f 4944 	3412 	4936
f 4953 	4963 	4348
f 4347 	4953 	4348
f 4349 	4962 	4965
f 3419 	3418 	4962
f 4942 	3433 	4946
f 3374 	3373 	4866
f 3362 	4928 	3363
f 4897 	3404 	4917
f 3403 	3405 	4898
f 4834 	3378 	3380
f 4834 	3380 	4836
f 3365 	3403 	4893
f 4890 	4916 	3366
f 3389 	4847 	4846
f 4931 	3409 	4873
f 3412 	4944 	3432
f 4933 	4936 	3411
f 3432 	4944 	4946
f 4731 	4715 	5037
f 5035 	5033 	4714
f 4714 	4597 	5035
f 4597 	4816 	5035
f 4731 	5037 	5031
f 5033 	3440 	5037
f 5048 	4727 	5031
f 5050 	5062 	4747
f 5050 	4726 	5048
f 5067 	5073 	4490
f 5081 	4489 	4493
f 5084 	4513 	5082
f 4499 	4513 	5084
f 4497 	5081 	4493
f 4499 	5084 	5080
f 4761 	5060 	5058
f 4748 	4746 	5062
f 3451 	5060 	5062
f 4748 	5062 	5060
f 4746 	4747 	5062
f 4443 	5070 	5027
f 4443 	4435 	5070
f 4435 	5072 	5070
f 5067 	4490 	4489
f 5067 	4489 	5081
f 5081 	4497 	5080
f 5060 	3451 	3450
f 5082 	4513 	4527
f 4527 	5093 	5082
f 4508 	5094 	5093
f 4685 	5095 	4941
f 4685 	4765 	5095
f 4765 	4766 	5098
f 5098 	5095 	4765
f 5100 	5098 	4766
f 4766 	4769 	5100
f 5058 	5060 	3450
f 5072 	5073 	3383
f 5081 	3426 	5067
f 5050 	5048 	3437
f 5082 	3416 	5084
f 5081 	5080 	3426
f 5084 	3425 	5080
f 3426 	5080 	3425
f 5100 	5089 	3448
f 5094 	4969 	3420
f 3394 	5035 	4816
f 3369 	4812 	4826
f 4826 	4817 	3370
f 3369 	4826 	3370
f 3366 	3365 	4890
f 4893 	4890 	3365
f 4847 	3389 	3382
f 4847 	3382 	4848
f 3387 	3390 	5027
f 5070 	3387 	5027
f 5094 	3420 	3422
f 4060 	4067 	2381
f 3403 	4898 	4909
f 3378 	4834 	4852
f 4893 	3403 	4909
f 3374 	4866 	4867
f 4803 	3371 	4817
f 3379 	4848 	3382
f 4873 	3409 	3415
f 4947 	3400 	4955
f 3400 	3428 	4955
f 4965 	4962 	3418
f 3421 	4965 	3418
f 3419 	4962 	4963
f 4963 	4953 	3429
f 3410 	4931 	4933
f 4933 	3411 	3410
f 3050 	2490 	4798
f 5027 	3390 	4846
f 3390 	3389 	4846
f 4947 	4917 	3401
f 4897 	4898 	3405
f 3404 	3401 	4917
f 4897 	3405 	3404
f 4969 	4965 	3421
f 3421 	3420 	4969
f 3380 	3363 	4836
f 3366 	4916 	3362
f 3395 	4812 	3369
f 3370 	4817 	3371
f 4803 	3372 	3371
f 4867 	3414 	3374
f 3378 	4852 	3379
f 3394 	4816 	3398
f 5035 	3394 	3392
f 3395 	4811 	4812
f 3395 	3398 	4811
f 3401 	3400 	4947
f 4931 	3410 	3409
f 3414 	4879 	4876
f 4867 	4879 	3414
f 3414 	4876 	3415
f 3428 	3429 	4953
f 4953 	4955 	3428
f 4963 	3429 	3419
f 3411 	4936 	3412
f 3434 	4941 	3435
f 3432 	4946 	3433
f 3434 	4942 	4941
f 3434 	3433 	4942
f 4941 	5095 	3435
f 3440 	5033 	3392
f 5033 	5035 	3392
f 3439 	5031 	5037
f 3417 	3416 	5082
f 5094 	3422 	5093
f 3422 	3417 	5093
f 5093 	3417 	5082
f 5070 	3385 	3387
f 3385 	5070 	5072
f 3426 	3384 	5067
f 5050 	3437 	3451
f 5062 	5050 	3451
f 3435 	5095 	3431
f 5072 	3383 	3385
f 5058 	3449 	5089
f 3445 	5100 	3448
f 3449 	3448 	5089
f 3449 	5058 	3450
f 5048 	5031 	3438
f 5031 	3439 	3438
f 5073 	5067 	3384
f 5073 	3384 	3383
f 3439 	5037 	3440
f 5048 	3438 	3437
f 5084 	3416 	3425
f 3431 	5098 	3445
f 3431 	5095 	5098
f 5100 	3445 	5098
f 2454 	1825 	1829
f 1829 	1827 	2454
f 1828 	2456 	1827
f 4454 	2470 	4417
f 2404 	2403 	1737
# 624 faces

g group_0_16089887

usemtl color_16089887
s 0

f 1 	4 	3
f 8 	3 	7
f 4 	7 	3
f 7 	11 	8
f 17 	22 	18
f 1784 	2889 	2
f 19 	22 	13
f 18 	22 	19
f 2 	2363 	4482
f 53 	4483 	4481
f 53 	56 	4483
f 65 	2700 	64
f 77 	2740 	76
f 3354 	53 	4256
f 56 	53 	3354
f 56 	3354 	3356
f 84 	2769 	92
f 98 	100 	101
f 93 	97 	102
f 104 	101 	100
f 120 	102 	103
f 102 	97 	103
f 117 	4200 	112
f 104 	100 	113
f 50 	1833 	115
f 50 	115 	238
f 122 	103 	3406
f 103 	3408 	3406
f 103 	122 	120
f 3407 	3408 	103
f 126 	597 	113
f 104 	113 	473
f 157 	136 	117
f 136 	134 	133
f 155 	134 	136
f 4407 	117 	136
f 142 	143 	141
f 146 	142 	140
f 141 	140 	142
f 140 	4415 	146
f 144 	133 	145
f 144 	143 	4422
f 4401 	144 	4422
f 117 	112 	157
f 134 	155 	153
f 153 	155 	151
f 155 	148 	151
f 133 	153 	145
f 133 	134 	153
f 152 	151 	148
f 155 	157 	148
f 157 	155 	136
f 152 	273 	151
f 141 	143 	161
f 144 	161 	143
f 2212 	165 	138
f 131 	168 	166
f 138 	165 	131
f 131 	2214 	138
f 165 	168 	131
f 174 	175 	173
f 2211 	173 	175
f 145 	161 	144
f 162 	145 	153
f 151 	162 	153
f 162 	161 	145
f 2211 	189 	165
f 216 	174 	176
f 140 	183 	184
f 185 	113 	100
f 100 	98 	166
f 100 	166 	185
f 168 	185 	166
f 185 	168 	188
f 165 	189 	168
f 189 	188 	168
f 189 	200 	188
f 198 	113 	185
f 198 	126 	113
f 188 	198 	185
f 199 	200 	228
f 199 	202 	188
f 199 	228 	202
f 198 	202 	126
f 202 	198 	188
f 188 	200 	199
f 126 	202 	201
f 208 	287 	205
f 196 	3 	687
f 205 	209 	208
f 140 	141 	182
f 175 	211 	189
f 211 	223 	200
f 140 	182 	183
f 207 	216 	213
f 182 	141 	274
f 4463 	205 	4455
f 189 	211 	200
f 175 	174 	211
f 211 	174 	216
f 176 	213 	216
f 176 	196 	213
f 196 	687 	213
f 3464 	209 	205
f 115 	116 	222
f 223 	221 	224
f 224 	227 	223
f 227 	228 	223
f 228 	200 	223
f 211 	221 	223
f 202 	233 	201
f 202 	228 	233
f 725 	720 	233
f 222 	148 	238
f 211 	216 	221
f 221 	216 	207
f 63 	104 	64
f 63 	357 	104
f 65 	64 	269
f 247 	64 	104
f 269 	64 	271
f 247 	271 	64
f 246 	244 	260
f 259 	260 	244
f 258 	260 	259
f 246 	260 	254
f 247 	104 	473
f 222 	238 	115
f 148 	157 	238
f 269 	262 	265
f 263 	262 	269
f 265 	65 	269
f 270 	161 	268
f 271 	263 	269
f 182 	274 	183
f 274 	267 	183
f 75 	65 	265
f 267 	184 	183
f 271 	247 	473
f 271 	473 	263
f 267 	284 	215
f 259 	244 	275
f 267 	215 	184
f 259 	275 	276
f 278 	277 	276
f 276 	275 	278
f 277 	278 	279
f 277 	279 	280
f 273 	162 	151
f 278 	275 	279
f 152 	1928 	273
f 274 	270 	267
f 268 	161 	162
f 268 	162 	273
f 281 	277 	280
f 161 	270 	141
f 281 	282 	277
f 270 	274 	141
f 267 	283 	284
f 279 	275 	2715
f 246 	2703 	244
f 285 	265 	560
f 285 	290 	265
f 285 	559 	290
f 289 	286 	205
f 265 	290 	75
f 205 	286 	4455
f 205 	287 	289
f 287 	208 	209
f 281 	280 	337
f 298 	296 	297
f 75 	290 	71
f 72 	71 	290
f 72 	290 	292
f 299 	296 	298
f 292 	290 	291
f 323 	403 	302
f 393 	426 	323
f 292 	76 	72
f 78 	77 	355
f 331 	281 	337
f 331 	337 	330
f 340 	2521 	336
f 339 	336 	2503
f 350 	2610 	343
f 357 	2612 	354
f 354 	2612 	353
f 292 	342 	76
f 342 	77 	76
f 338 	339 	2503
f 344 	2607 	341
f 340 	341 	2523
f 75 	2710 	65
f 64 	2700 	63
f 338 	333 	361
f 338 	361 	364
f 334 	3515 	335
f 364 	370 	382
f 364 	361 	370
f 361 	333 	362
f 333 	335 	362
f 3515 	362 	335
f 362 	370 	361
f 362 	371 	370
f 376 	378 	377
f 377 	375 	376
f 367 	376 	375
f 367 	368 	376
f 342 	355 	77
f 382 	370 	371
f 381 	382 	371
f 380 	382 	381
f 1039 	355 	1038
f 371 	3504 	381
f 399 	386 	388
f 869 	399 	388
f 328 	329 	393
f 330 	328 	393
f 331 	330 	393
f 404 	395 	381
f 380 	381 	395
f 281 	331 	396
f 396 	282 	281
f 1000 	396 	393
f 331 	393 	396
f 386 	399 	398
f 402 	1107 	382
f 395 	402 	380
f 402 	382 	380
f 395 	404 	402
f 406 	402 	404
f 411 	415 	410
f 323 	426 	403
f 1068 	403 	1067
f 426 	424 	403
f 393 	455 	426
f 426 	455 	424
f 421 	1067 	403
f 431 	432 	435
f 437 	435 	432
f 438 	437 	432
f 431 	435 	1450
f 431 	1450 	1449
f 403 	438 	421
f 400 	401 	443
f 443 	424 	400
f 438 	424 	437
f 401 	435 	443
f 424 	443 	437
f 443 	435 	437
f 424 	438 	403
f 432 	421 	438
f 432 	1073 	421
f 431 	445 	432
f 1073 	432 	445
f 445 	1076 	1073
f 355 	1039 	446
f 456 	457 	450
f 450 	447 	1127
f 452 	400 	424
f 329 	328 	452
f 452 	424 	455
f 455 	393 	329
f 452 	455 	329
f 457 	447 	450
f 355 	446 	78
f 78 	447 	80
f 457 	80 	447
f 446 	447 	78
f 463 	462 	461
f 463 	464 	462
f 258 	493 	3297
f 493 	258 	259
f 471 	463 	461
f 464 	471 	415
f 415 	411 	464
f 464 	463 	471
f 113 	597 	473
f 482 	481 	480
f 482 	480 	486
f 475 	467 	482
f 486 	477 	475
f 486 	475 	482
f 471 	410 	415
f 471 	406 	410
f 461 	406 	471
f 406 	1107 	402
f 1107 	406 	461
f 464 	492 	491
f 610 	265 	262
f 461 	462 	491
f 462 	464 	491
f 493 	494 	495
f 493 	495 	496
f 3297 	493 	496
f 496 	481 	482
f 276 	277 	494
f 494 	493 	276
f 411 	418 	464
f 502 	503 	504
f 504 	440 	502
f 259 	276 	493
f 505 	506 	507
f 509 	507 	506
f 509 	494 	507
f 494 	509 	495
f 440 	492 	418
f 509 	506 	516
f 509 	516 	514
f 515 	509 	514
f 514 	516 	533
f 515 	495 	509
f 507 	282 	505
f 396 	505 	282
f 494 	277 	507
f 282 	507 	277
f 505 	396 	1000
f 481 	496 	495
f 515 	481 	495
f 524 	481 	515
f 555 	481 	524
f 418 	492 	464
f 480 	481 	555
f 514 	533 	524
f 524 	515 	514
f 524 	533 	532
f 532 	555 	524
f 536 	532 	533
f 3578 	3577 	528
f 410 	406 	404
f 3583 	440 	418
f 528 	502 	3578
f 502 	440 	3578
f 502 	528 	547
f 547 	503 	502
f 532 	536 	637
f 521 	480 	555
f 547 	565 	503
f 265 	610 	560
f 559 	285 	560
f 290 	559 	291
f 576 	565 	567
f 528 	300 	567
f 547 	528 	565
f 565 	528 	567
f 533 	516 	572
f 536 	533 	572
f 516 	506 	572
f 576 	1216 	565
f 480 	3307 	486
f 407 	888 	576
f 576 	567 	582
f 382 	584 	364
f 584 	583 	590
f 588 	590 	583
f 597 	723 	473
f 596 	597 	126
f 602 	599 	604
f 608 	590 	336
f 263 	723 	262
f 590 	608 	584
f 364 	584 	608
f 338 	364 	608
f 336 	339 	608
f 608 	339 	338
f 376 	614 	378
f 376 	368 	614
f 614 	617 	618
f 378 	614 	618
f 619 	621 	622
f 614 	623 	617
f 617 	623 	619
f 619 	623 	621
f 628 	521 	631
f 638 	555 	532
f 532 	637 	638
f 3307 	521 	628
f 521 	3307 	480
f 631 	521 	555
f 638 	631 	555
f 368 	2555 	614
f 619 	618 	617
f 638 	637 	631
f 631 	637 	649
f 631 	649 	650
f 341 	645 	344
f 341 	643 	645
f 652 	651 	643
f 341 	652 	643
f 824 	589 	588
f 590 	588 	653
f 589 	653 	588
f 653 	589 	654
f 590 	653 	336
f 588 	789 	824
f 654 	341 	653
f 341 	340 	653
f 340 	336 	653
f 654 	652 	341
f 651 	644 	643
f 651 	652 	824
f 622 	621 	661
f 622 	661 	662
f 631 	650 	628
f 648 	628 	650
f 668 	648 	650
f 649 	637 	647
f 637 	635 	647
f 1162 	667 	647
f 667 	649 	647
f 602 	648 	668
f 667 	668 	650
f 668 	667 	681
f 900 	668 	681
f 602 	668 	11
f 668 	900 	11
f 649 	667 	650
f 610 	677 	559
f 610 	559 	560
f 291 	559 	963
f 681 	897 	900
f 677 	610 	917
f 661 	685 	662
f 691 	622 	662
f 664 	846 	691
f 685 	664 	691
f 685 	691 	662
f 644 	694 	643
f 343 	344 	702
f 4 	1 	696
f 705 	709 	696
f 702 	699 	1484
f 694 	645 	643
f 709 	705 	598
f 1 	705 	696
f 694 	344 	645
f 694 	702 	344
f 702 	694 	699
f 696 	708 	4
f 708 	696 	709
f 708 	709 	599
f 4 	708 	712
f 598 	604 	709
f 709 	604 	599
f 708 	599 	602
f 708 	11 	712
f 7 	4 	712
f 263 	473 	723
f 718 	262 	723
f 723 	720 	718
f 720 	725 	724
f 724 	726 	720
f 2573 	2634 	685
f 661 	2573 	685
f 724 	725 	773
f 224 	725 	227
f 732 	741 	664
f 725 	233 	228
f 664 	685 	732
f 732 	731 	735
f 734 	735 	731
f 734 	737 	735
f 731 	729 	734
f 350 	343 	702
f 741 	732 	735
f 228 	227 	725
f 726 	724 	773
f 596 	126 	742
f 742 	597 	596
f 233 	742 	201
f 233 	720 	742
f 1522 	664 	741
f 723 	597 	742
f 720 	723 	742
f 126 	201 	742
f 737 	741 	735
f 757 	756 	755
f 757 	755 	352
f 350 	757 	352
f 350 	702 	757
f 762 	354 	353
f 352 	761 	353
f 755 	761 	352
f 353 	761 	762
f 766 	687 	3
f 776 	762 	761
f 750 	770 	768
f 770 	771 	768
f 770 	207 	771
f 770 	773 	221
f 773 	224 	221
f 725 	224 	773
f 732 	2634 	731
f 762 	776 	1600
f 756 	776 	755
f 755 	776 	761
f 726 	773 	752
f 770 	750 	752
f 773 	770 	752
f 771 	766 	768
f 221 	207 	770
f 687 	766 	771
f 213 	771 	207
f 687 	771 	213
f 783 	784 	774
f 783 	774 	775
f 729 	774 	784
f 784 	783 	780
f 1562 	780 	783
f 784 	780 	779
f 784 	779 	729
f 779 	734 	729
f 1107 	583 	584
f 584 	382 	1107
f 588 	583 	789
f 793 	792 	796
f 793 	619 	792
f 618 	619 	793
f 792 	619 	622
f 793 	791 	618
f 793 	796 	797
f 793 	797 	791
f 795 	791 	797
f 802 	795 	797
f 797 	803 	802
f 803 	388 	802
f 388 	803 	869
f 803 	797 	808
f 796 	810 	808
f 808 	797 	796
f 726 	894 	720
f 813 	817 	905
f 808 	810 	822
f 879 	812 	822
f 822 	849 	879
f 808 	822 	812
f 824 	654 	589
f 824 	652 	654
f 790 	824 	789
f 828 	832 	792
f 834 	828 	829
f 622 	828 	792
f 846 	831 	829
f 796 	792 	832
f 834 	829 	833
f 831 	833 	829
f 832 	828 	834
f 766 	3 	8
f 817 	813 	814
f 768 	766 	819
f 814 	768 	819
f 610 	262 	718
f 718 	894 	610
f 908 	819 	766
f 750 	768 	814
f 832 	834 	810
f 832 	810 	796
f 841 	833 	831
f 841 	831 	840
f 834 	849 	810
f 691 	846 	622
f 828 	622 	846
f 828 	846 	829
f 831 	846 	664
f 664 	1522 	840
f 831 	664 	840
f 822 	810 	849
f 848 	834 	833
f 848 	851 	834
f 834 	851 	849
f 1005 	849 	851
f 851 	984 	1005
f 848 	833 	841
f 789 	852 	790
f 789 	853 	852
f 857 	858 	859
f 859 	752 	857
f 857 	862 	858
f 859 	894 	726
f 894 	859 	858
f 752 	859 	726
f 876 	887 	869
f 803 	876 	869
f 876 	881 	866
f 887 	876 	866
f 871 	808 	812
f 871 	876 	808
f 876 	803 	808
f 881 	876 	871
f 812 	879 	871
f 879 	849 	1005
f 881 	889 	866
f 891 	866 	889
f 862 	894 	858
f 894 	862 	917
f 610 	894 	917
f 718 	720 	894
f 11 	908 	8
f 866 	891 	887
f 888 	887 	891
f 708 	602 	11
f 7 	712 	11
f 900 	897 	11
f 908 	11 	897
f 905 	817 	908
f 817 	814 	908
f 908 	814 	819
f 908 	897 	979
f 908 	766 	8
f 914 	911 	913
f 914 	916 	911
f 917 	914 	677
f 916 	914 	862
f 862 	914 	917
f 905 	908 	923
f 923 	976 	922
f 926 	920 	927
f 857 	752 	927
f 927 	862 	857
f 916 	927 	911
f 926 	814 	813
f 814 	926 	750
f 926 	927 	750
f 922 	813 	923
f 922 	920 	813
f 920 	926 	813
f 923 	813 	905
f 752 	750 	927
f 916 	862 	927
f 897 	681 	898
f 908 	979 	923
f 292 	291 	943
f 945 	947 	889
f 891 	576 	888
f 937 	989 	990
f 941 	911 	937
f 911 	989 	937
f 941 	913 	911
f 677 	914 	942
f 677 	963 	559
f 291 	963 	943
f 942 	914 	913
f 963 	677 	942
f 943 	963 	1421
f 913 	941 	942
f 970 	974 	971
f 891 	889 	947
f 956 	891 	947
f 981 	824 	790
f 852 	981 	790
f 853 	981 	852
f 981 	1348 	824
f 984 	847 	985
f 923 	979 	976
f 922 	976 	979
f 974 	979 	971
f 979 	974 	922
f 979 	897 	1298
f 920 	974 	970
f 990 	989 	920
f 911 	927 	989
f 989 	927 	920
f 990 	920 	970
f 920 	922 	974
f 941 	937 	992
f 323 	302 	997
f 393 	323 	997
f 1003 	997 	1002
f 997 	1000 	393
f 302 	1002 	997
f 1004 	1000 	1003
f 997 	1003 	1000
f 1000 	1004 	505
f 506 	505 	1004
f 848 	847 	984
f 851 	848 	984
f 1005 	1013 	879
f 1016 	881 	871
f 1010 	984 	985
f 1010 	985 	1012
f 879 	1013 	1016
f 1016 	871 	879
f 1013 	1005 	984
f 1004 	1025 	506
f 572 	506 	1025
f 1043 	1042 	1003
f 1004 	1003 	1025
f 1042 	1022 	1003
f 1022 	1025 	1003
f 572 	1025 	1022
f 1040 	881 	1016
f 1013 	1041 	1016
f 984 	1010 	1013
f 1030 	1010 	1029
f 1012 	1029 	1010
f 1040 	1016 	1041
f 342 	1038 	355
f 1010 	1030 	1013
f 1041 	1013 	1030
f 1040 	889 	881
f 342 	292 	1038
f 1043 	1003 	1002
f 1051 	1042 	1043
f 1032 	1050 	1051
f 1042 	1051 	1050
f 536 	572 	1053
f 1053 	1050 	1144
f 1160 	536 	1053
f 1053 	1144 	1160
f 572 	1022 	1055
f 1055 	1022 	1042
f 1055 	1042 	1050
f 1053 	572 	1055
f 1055 	1050 	1053
f 889 	1040 	1070
f 1030 	1029 	1812
f 1041 	1063 	1064
f 1063 	1041 	1030
f 1070 	1040 	1041
f 1048 	1039 	1038
f 1002 	302 	1068
f 403 	1068 	302
f 1043 	1002 	1068
f 421 	1073 	1067
f 1076 	1068 	1067
f 1076 	1077 	1068
f 1043 	1068 	1077
f 1097 	1077 	1076
f 889 	1070 	945
f 1070 	1041 	1064
f 1221 	1070 	298
f 1063 	1030 	1823
f 1093 	1157 	1090
f 1168 	1090 	1196
f 1168 	1093 	1090
f 1088 	1092 	1175
f 445 	1098 	1076
f 1076 	1098 	1097
f 1073 	1076 	1067
f 1105 	1092 	1088
f 1105 	491 	492
f 853 	789 	1094
f 1088 	1107 	461
f 1105 	461 	491
f 1094 	583 	1107
f 583 	1094 	789
f 1097 	1098 	1120
f 1032 	1133 	1102
f 1102 	1133 	1114
f 1120 	1102 	1114
f 1097 	1120 	1114
f 1225 	1120 	1118
f 1510 	450 	1127
f 1094 	1107 	1088
f 1134 	1114 	1133
f 1051 	1133 	1032
f 1133 	1051 	1043
f 1077 	1097 	1134
f 1043 	1077 	1134
f 1134 	1097 	1114
f 1133 	1043 	1134
f 1223 	1224 	1139
f 1139 	1142 	1140
f 1143 	1140 	1142
f 1146 	1144 	1143
f 1140 	1143 	1144
f 1105 	1088 	461
f 1092 	1105 	1093
f 503 	1212 	1207
f 1144 	1146 	635
f 647 	635 	1146
f 1139 	1140 	1050
f 1050 	1032 	1139
f 1090 	1157 	1154
f 1155 	503 	1207
f 440 	1154 	492
f 1157 	1105 	492
f 492 	1154 	1157
f 504 	1156 	1154
f 1156 	504 	1155
f 1050 	1140 	1144
f 1160 	1144 	635
f 637 	1160 	635
f 1162 	681 	667
f 504 	503 	1155
f 1105 	1157 	1093
f 440 	504 	1154
f 1092 	1168 	1167
f 1092 	1093 	1168
f 1165 	853 	1088
f 1146 	1206 	1162
f 1146 	1162 	647
f 1165 	1167 	1168
f 1165 	1175 	1167
f 1175 	1092 	1167
f 1165 	1088 	1175
f 1196 	1165 	1168
f 1154 	1183 	1090
f 1160 	637 	536
f 1193 	1048 	1038
f 1244 	1183 	1156
f 1154 	1156 	1183
f 1220 	1352 	1039
f 1220 	1048 	1190
f 1164 	1196 	1191
f 292 	943 	1038
f 1191 	1182 	1241
f 1191 	1183 	1182
f 1090 	1183 	1191
f 1162 	1206 	681
f 1196 	1090 	1191
f 1203 	681 	1206
f 1164 	1165 	1196
f 1155 	1207 	1244
f 1206 	1197 	1203
f 1155 	1244 	1156
f 1207 	296 	1205
f 1207 	297 	296
f 1193 	1190 	1048
f 853 	1094 	1088
f 1197 	1286 	1304
f 1143 	1142 	1211
f 1211 	1146 	1143
f 576 	891 	956
f 1206 	1146 	1211
f 1216 	956 	1215
f 1206 	1211 	1197
f 576 	956 	1216
f 956 	947 	1215
f 1216 	1215 	1212
f 1193 	1219 	1220
f 565 	1216 	1212
f 1220 	1190 	1193
f 1221 	1212 	1215
f 1039 	1048 	1220
f 1222 	1221 	947
f 1222 	947 	945
f 1070 	1221 	1222
f 1142 	1139 	1224
f 1215 	947 	1221
f 1221 	297 	1212
f 1225 	1261 	1223
f 1032 	1102 	1223
f 1223 	1139 	1032
f 1222 	945 	1070
f 297 	1221 	298
f 1212 	503 	565
f 1207 	1212 	297
f 1230 	1164 	1191
f 1230 	1231 	1164
f 1229 	1231 	1230
f 1234 	1165 	1231
f 1231 	1229 	1234
f 1348 	981 	1235
f 1235 	853 	1165
f 1165 	1234 	1235
f 1165 	1164 	1231
f 1319 	1234 	1229
f 1244 	1205 	296
f 1244 	296 	1239
f 1183 	1244 	1182
f 1244 	1207 	1205
f 1243 	1229 	1230
f 1241 	1244 	1239
f 1243 	1230 	1240
f 1225 	1223 	1102
f 1240 	1230 	1191
f 1225 	1102 	1120
f 1224 	1223 	1261
f 1224 	1211 	1142
f 1251 	1264 	1225
f 1225 	1118 	1251
f 1251 	1252 	1263
f 1251 	1263 	1264
f 1261 	1225 	1264
f 1224 	1286 	1211
f 1263 	1252 	3345
f 1261 	1264 	1276
f 1261 	1276 	1224
f 1276 	1286 	1224
f 1264 	1263 	1278
f 1276 	1264 	1278
f 1276 	1278 	1273
f 1271 	1276 	1273
f 1273 	1278 	1540
f 446 	1039 	1352
f 447 	446 	1344
f 1281 	1279 	1551
f 1281 	1551 	1125
f 447 	1344 	1127
f 1127 	1344 	1285
f 1281 	1285 	1279
f 1285 	1281 	1125
f 1285 	1125 	1127
f 1285 	1344 	1386
f 1197 	1211 	1286
f 1286 	1276 	1271
f 19 	1286 	1271
f 1287 	898 	1203
f 1304 	1310 	1287
f 898 	681 	1203
f 1203 	1197 	1287
f 1287 	1197 	1304
f 1298 	898 	1287
f 1193 	1421 	1288
f 1193 	1038 	943
f 943 	1421 	1193
f 1292 	1294 	1318
f 992 	937 	1295
f 937 	990 	1295
f 1292 	970 	971
f 971 	1294 	1292
f 1295 	1292 	1317
f 971 	1297 	1294
f 971 	979 	1298
f 1298 	1297 	971
f 1295 	970 	1292
f 1295 	990 	970
f 898 	1298 	897
f 1244 	1241 	1182
f 13 	1304 	1306
f 1306 	19 	13
f 1241 	1240 	1191
f 1304 	13 	1310
f 1193 	1314 	1219
f 1315 	1220 	1219
f 1193 	1288 	1314
f 1314 	1433 	1315
f 1315 	1219 	1314
f 1316 	1317 	1292
f 1318 	1316 	1292
f 1239 	296 	1423
f 1297 	1318 	1294
f 1235 	981 	853
f 1298 	1321 	1318
f 1324 	1320 	1318
f 1320 	1324 	1360
f 1321 	1324 	1318
f 1287 	1310 	1324
f 1324 	1298 	1287
f 1324 	1310 	13
f 1324 	1321 	1298
f 1297 	1298 	1318
f 1316 	1318 	1320
f 18 	1336 	17
f 1336 	1273 	17
f 1579 	1567 	17
f 1273 	19 	1271
f 1336 	18 	1273
f 1273 	18 	19
f 1306 	1304 	1286
f 1286 	19 	1306
f 1220 	1315 	1352
f 1386 	1344 	1345
f 1234 	1348 	1235
f 1388 	1345 	1342
f 1388 	1386 	1345
f 1234 	1319 	1348
f 1358 	1342 	1345
f 1352 	1344 	446
f 1344 	1352 	1345
f 651 	824 	1348
f 1428 	1361 	1358
f 1428 	1429 	1361
f 1317 	1361 	1429
f 1364 	1374 	1368
f 1317 	1316 	1361
f 1320 	1375 	1361
f 1316 	1320 	1361
f 1368 	1369 	1364
f 1369 	1365 	1364
f 1360 	1324 	22
f 1324 	13 	22
f 1398 	1357 	1360
f 1375 	1353 	1394
f 1394 	1361 	1375
f 1355 	1360 	1357
f 1320 	1360 	1375
f 1353 	1375 	1360
f 1360 	1355 	1353
f 1379 	1400 	1398
f 1387 	1390 	1391
f 1390 	1342 	1391
f 1390 	1388 	1342
f 1387 	1386 	1390
f 1386 	1388 	1390
f 1393 	1603 	1394
f 1355 	1398 	1353
f 1398 	1400 	1399
f 1360 	1379 	1398
f 22 	1379 	1360
f 1355 	1357 	1398
f 1394 	1353 	1398
f 1396 	1391 	1358
f 1358 	1391 	1342
f 1399 	1393 	1398
f 1398 	1393 	1394
f 1399 	1400 	1589
f 1394 	1396 	1358
f 1361 	1394 	1358
f 1408 	1410 	1409
f 1295 	1408 	1409
f 1409 	992 	1295
f 1410 	1420 	1409
f 1370 	1319 	1374
f 992 	1421 	941
f 1370 	1348 	1319
f 941 	1421 	942
f 1374 	1319 	1368
f 1369 	1368 	1319
f 644 	651 	1370
f 1348 	1370 	651
f 992 	1409 	1421
f 1409 	1420 	1421
f 963 	942 	1421
f 1408 	1295 	1424
f 1295 	1317 	1424
f 1420 	1427 	1421
f 1420 	1410 	1427
f 1288 	1421 	1427
f 1429 	1424 	1317
f 1428 	1432 	1429
f 1427 	1429 	1432
f 1314 	1427 	1433
f 1243 	1240 	1434
f 1240 	1241 	1434
f 1288 	1427 	1314
f 1434 	1241 	1425
f 1427 	1432 	1433
f 1427 	1424 	1429
f 1434 	1930 	1369
f 1243 	1434 	1369
f 1428 	1440 	1432
f 1434 	1425 	1930
f 1408 	1424 	1427
f 1241 	1239 	1425
f 1319 	1229 	1243
f 1410 	1408 	1427
f 1369 	1319 	1243
f 1433 	1345 	1352
f 1440 	1345 	1433
f 1433 	1432 	1440
f 1440 	1428 	1358
f 1358 	1345 	1440
f 1437 	1438 	1441
f 1315 	1433 	1352
f 84 	1443 	85
f 90 	1443 	1445
f 85 	1443 	90
f 1911 	1423 	1438
f 1441 	1438 	1423
f 1911 	1438 	1437
f 435 	401 	1446
f 296 	1441 	1423
f 1451 	1452 	1453
f 1450 	1446 	1447
f 1450 	1447 	1449
f 2832 	2824 	401
f 1449 	1447 	1454
f 1451 	1453 	299
f 1452 	1451 	1064
f 1064 	1451 	298
f 1070 	1064 	298
f 1452 	1064 	1063
f 435 	1446 	1450
f 431 	1449 	3043
f 298 	1451 	299
f 1465 	449 	1510
f 1510 	449 	450
f 450 	449 	1465
f 1452 	1466 	1453
f 1465 	456 	450
f 1466 	299 	1453
f 1465 	1510 	1463
f 1441 	296 	299
f 84 	92 	1465
f 1462 	1467 	1463
f 84 	1465 	1467
f 92 	80 	457
f 1466 	1437 	1441
f 456 	92 	457
f 456 	1465 	92
f 1467 	1465 	1463
f 1462 	1445 	1443
f 299 	1466 	1441
f 1443 	84 	1462
f 84 	1467 	1462
f 694 	644 	1470
f 90 	1445 	1471
f 1473 	90 	1471
f 90 	1473 	96
f 1474 	1480 	1475
f 1474 	1471 	1480
f 1471 	1445 	1480
f 1482 	1480 	1445
f 1476 	3340 	1475
f 1474 	1475 	3340
f 694 	1470 	699
f 1445 	1462 	1482
f 1470 	1484 	699
f 1098 	445 	1485
f 1491 	841 	1490
f 841 	1491 	1531
f 1485 	1502 	1098
f 1485 	1488 	1494
f 1502 	1485 	1494
f 1252 	1251 	1494
f 1502 	1120 	1098
f 1251 	1118 	1494
f 1496 	1500 	1501
f 1494 	1118 	1502
f 1493 	1500 	1496
f 1120 	1502 	1118
f 1490 	1498 	1501
f 1496 	1501 	1498
f 1488 	1487 	1506
f 1504 	1506 	1487
f 1506 	1494 	1488
f 1551 	1510 	1125
f 1510 	1127 	1125
f 1636 	1476 	1655
f 1475 	1655 	1476
f 1512 	1513 	1482
f 1482 	1513 	1480
f 1480 	1513 	1475
f 1252 	3344 	3345
f 1263 	3345 	1520
f 1498 	1490 	840
f 841 	840 	1490
f 1493 	779 	1562
f 1496 	779 	1493
f 734 	779 	1496
f 1522 	1496 	1498
f 3344 	1252 	1494
f 737 	734 	1496
f 1496 	1522 	737
f 1522 	741 	737
f 840 	1522 	1498
f 1501 	1539 	1491
f 1539 	1501 	1500
f 1501 	1491 	1490
f 1752 	847 	1528
f 847 	848 	1530
f 1543 	1263 	1520
f 1530 	1531 	1528
f 1543 	1520 	3332
f 847 	1530 	1528
f 1531 	1537 	1534
f 1532 	1534 	1537
f 1534 	1528 	1531
f 1540 	1278 	1548
f 1491 	1537 	1531
f 841 	1531 	1530
f 1278 	1263 	1548
f 1530 	848 	841
f 1539 	1537 	1491
f 1543 	1548 	1263
f 1543 	3346 	1529
f 1532 	1537 	1539
f 1543 	3332 	3346
f 1540 	1543 	1533
f 1543 	1540 	1548
f 776 	756 	1598
f 702 	1633 	757
f 1533 	1543 	1529
f 1549 	1500 	1545
f 1462 	1613 	1482
f 1615 	1500 	1549
f 1610 	1462 	1463
f 1463 	1510 	1610
f 1551 	1610 	1510
f 1524 	1512 	1482
f 1558 	1512 	1524
f 1513 	1512 	1558
f 1563 	1513 	1558
f 3194 	3180 	1562
f 1562 	3180 	1545
f 1563 	1558 	1524
f 1562 	1545 	1493
f 1500 	1493 	1545
f 1563 	1655 	1513
f 1563 	1524 	1658
f 780 	1562 	779
f 1568 	1623 	1567
f 1623 	17 	1567
f 17 	1273 	1577
f 1579 	17 	1577
f 1529 	1568 	1533
f 1568 	1581 	1569
f 1568 	1529 	1581
f 1567 	1533 	1568
f 1577 	1540 	1579
f 1540 	1577 	1273
f 1540 	1533 	1567
f 1540 	1567 	1579
f 1623 	1379 	22
f 1623 	22 	17
f 1591 	1592 	1593
f 1599 	1595 	1625
f 1599 	1593 	1595
f 1593 	1592 	1595
f 776 	1598 	1600
f 1551 	1279 	1599
f 1599 	1386 	1387
f 1285 	1386 	1599
f 1591 	1599 	1387
f 1591 	1593 	1599
f 1391 	1592 	1591
f 1387 	1391 	1591
f 1279 	1285 	1599
f 1602 	1600 	1598
f 1603 	1393 	1604
f 1393 	1399 	1604
f 1604 	1605 	1603
f 1603 	1605 	1595
f 1592 	1603 	1595
f 1603 	1396 	1394
f 1603 	1391 	1396
f 1391 	1603 	1592
f 1399 	1589 	1604
f 1551 	1599 	1610
f 1524 	1482 	1613
f 1462 	1610 	1613
f 1609 	1532 	1539
f 1615 	1609 	1539
f 1619 	1675 	1608
f 1613 	1681 	1524
f 1615 	1539 	1500
f 1608 	1675 	1614
f 1615 	1632 	1612
f 1616 	1619 	1608
f 1612 	1609 	1615
f 1620 	1619 	1604
f 1621 	1604 	1589
f 1604 	1621 	1620
f 1616 	1604 	1619
f 1619 	1669 	1672
f 1675 	1619 	1672
f 1621 	1622 	1678
f 1678 	1620 	1621
f 1565 	1678 	1622
f 1589 	1623 	1621
f 1623 	1622 	1621
f 1622 	1623 	1565
f 1623 	1400 	1379
f 1623 	1589 	1400
f 1608 	1605 	1616
f 1616 	1605 	1604
f 1605 	1608 	1595
f 1610 	1599 	1625
f 1625 	1613 	1610
f 1625 	1614 	1613
f 1625 	1595 	1608
f 1608 	1614 	1625
f 1569 	3350 	1641
f 1632 	1618 	1612
f 1629 	1618 	1632
f 1630 	1678 	1565
f 1633 	1484 	1470
f 1633 	702 	1484
f 1634 	2015 	1633
f 644 	1370 	1470
f 1470 	1670 	1633
f 1630 	1569 	1641
f 1568 	1630 	1623
f 1568 	1569 	1630
f 1565 	1623 	1630
f 1634 	1633 	1670
f 1636 	1655 	1635
f 1641 	1642 	1640
f 1643 	1641 	1640
f 1650 	1651 	1640
f 1643 	1631 	1630
f 1643 	1630 	1641
f 1640 	1651 	1647
f 1651 	1646 	1647
f 1475 	1513 	1655
f 1635 	1655 	1656
f 1656 	1658 	1659
f 1635 	1656 	1653
f 1656 	1660 	1653
f 1660 	1654 	1653
f 1659 	1654 	1660
f 1656 	1659 	1660
f 1656 	1563 	1658
f 1680 	1659 	1658
f 1656 	1655 	1563
f 1664 	1646 	1686
f 1647 	1646 	1664
f 1653 	1664 	1686
f 1665 	1647 	1664
f 1664 	1666 	1665
f 1665 	1640 	1647
f 1653 	1654 	1666
f 1653 	1666 	1664
f 1631 	1643 	1665
f 1665 	1643 	1640
f 1666 	1628 	1665
f 1666 	1669 	1628
f 1669 	1671 	1628
f 1669 	1619 	1671
f 1619 	1620 	1671
f 1678 	1671 	1620
f 1630 	1631 	1678
f 1631 	1665 	1678
f 1659 	1680 	1672
f 1672 	1654 	1659
f 1666 	1654 	1672
f 1669 	1666 	1672
f 1678 	1628 	1671
f 1678 	1665 	1628
f 1524 	1681 	1658
f 1614 	1681 	1613
f 1683 	1681 	1614
f 1680 	1658 	1681
f 1683 	1680 	1681
f 1614 	1675 	1683
f 1675 	1672 	1683
f 1672 	1680 	1683
f 1635 	1653 	1686
f 3308 	1686 	1646
f 3359 	1635 	1686
f 3359 	1636 	1635
f 1695 	1696 	1699
f 1698 	1695 	1699
f 1701 	1702 	1705
f 1704 	1705 	1702
f 1703 	1701 	1705
f 1709 	1703 	1705
f 1742 	1739 	2858
f 2862 	2866 	1749
f 1746 	1786 	1012
f 1786 	1029 	1012
f 1744 	2860 	1745
f 1749 	1745 	2862
f 1012 	985 	1752
f 1752 	985 	847
f 1759 	2871 	1758
f 1757 	1758 	2871
f 1761 	2869 	1759
f 2871 	2872 	1757
f 1752 	1746 	1012
f 1748 	2866 	1760
f 1532 	1771 	1534
f 1773 	1770 	1768
f 1770 	1773 	1774
f 1740 	1774 	1773
f 1740 	1773 	1768
f 1752 	1528 	1534
f 1751 	1752 	1534
f 1741 	1795 	1742
f 1746 	1752 	1751
f 1741 	1819 	1795
f 1782 	1739 	1742
f 1771 	1609 	1707
f 1771 	1532 	1609
f 1742 	1795 	1782
f 1740 	1739 	1782
f 1751 	1534 	1771
f 1786 	1746 	1798
f 1707 	1751 	1771
f 1796 	1775 	1774
f 1804 	1794 	1783
f 1795 	1796 	1782
f 1796 	1774 	1740
f 1809 	1775 	1796
f 1809 	1796 	1795
f 1819 	1815 	1795
f 1796 	1740 	1782
f 1794 	1804 	1842
f 2461 	1794 	1842
f 1751 	1798 	1746
f 1806 	1784 	1840
f 1784 	1806 	1783
f 1807 	1798 	1751
f 1807 	1751 	1707
f 1812 	1786 	1813
f 1806 	1804 	1783
f 1809 	1795 	1810
f 1851 	1890 	1809
f 1812 	1813 	1814
f 1810 	1815 	1809
f 1795 	1815 	1810
f 1029 	1786 	1812
f 1809 	1815 	1818
f 1030 	1812 	1823
f 1815 	2136 	1818
f 1819 	2136 	1815
f 1819 	2139 	2136
f 1812 	1814 	1823
f 1833 	50 	1834
f 1813 	1786 	1798
f 1798 	1836 	1813
f 1814 	1813 	1836
f 1874 	1832 	1836
f 1807 	1874 	1836
f 1834 	1770 	1774
f 1774 	1981 	1834
f 1798 	1807 	1836
f 1977 	1775 	1890
f 1809 	1890 	1775
f 1774 	1775 	1981
f 1977 	1981 	1775
f 50 	1770 	1834
f 1837 	1839 	1840
f 2006 	1998 	1832
f 1784 	1837 	1840
f 1842 	1840 	1839
f 1842 	1804 	1806
f 1842 	1806 	1840
f 1841 	1842 	1839
f 1844 	1707 	1843
f 1844 	1855 	1707
f 1807 	1707 	1855
f 1843 	1707 	1609
f 1851 	1809 	1818
f 1843 	1609 	1612
f 1818 	1890 	1851
f 3351 	1854 	1837
f 1837 	1854 	1839
f 2479 	1839 	1854
f 1602 	1861 	1600
f 115 	1833 	1866
f 1861 	1602 	1864
f 115 	1866 	1877
f 1870 	1602 	1598
f 1877 	1833 	1834
f 1870 	1864 	1602
f 2020 	1870 	1598
f 1877 	1866 	1833
f 116 	115 	1877
f 1873 	1874 	1855
f 1875 	1874 	1873
f 1873 	2119 	2109
f 1877 	1834 	1987
f 2095 	1873 	2109
f 1832 	1874 	1875
f 1874 	1807 	1855
f 3231 	1889 	1873
f 1884 	1885 	1881
f 1873 	1889 	2119
f 1881 	1880 	1884
f 1896 	1890 	2016
f 1670 	1470 	1370
f 1891 	1950 	1670
f 1881 	3430 	1880
f 1880 	2609 	2579
f 1898 	1899 	1891
f 1891 	1364 	1365
f 1891 	1374 	1364
f 1897 	1898 	1891
f 1950 	1891 	1899
f 222 	1925 	1926
f 1897 	1891 	1365
f 1370 	1374 	1891
f 148 	222 	1926
f 116 	1877 	222
f 1897 	1906 	1904
f 268 	273 	1938
f 1936 	1911 	1437
f 1936 	1900 	1911
f 1912 	1425 	1911
f 1922 	1918 	1917
f 1925 	1923 	1926
f 1928 	1922 	1939
f 1918 	1926 	1923
f 1923 	1916 	1918
f 1911 	1900 	1912
f 273 	1928 	1939
f 1928 	1918 	1922
f 1912 	1930 	1425
f 1928 	1926 	1918
f 1930 	1906 	1897
f 148 	1928 	152
f 1911 	1239 	1423
f 1911 	1425 	1239
f 1926 	1928 	148
f 1877 	1925 	222
f 1897 	1365 	1930
f 1930 	1912 	1906
f 1365 	1369 	1930
f 1437 	1937 	1936
f 1935 	268 	1938
f 1938 	1939 	1917
f 1938 	1948 	1935
f 1934 	268 	1935
f 1922 	1917 	1939
f 1937 	1975 	1973
f 1934 	270 	268
f 1934 	267 	270
f 1900 	1936 	1986
f 1939 	1938 	273
f 1946 	1934 	1935
f 1370 	1891 	1670
f 1948 	1946 	1935
f 1946 	1949 	1934
f 1950 	1898 	1897
f 1949 	267 	1934
f 1899 	1898 	1950
f 1952 	1694 	287
f 1952 	287 	283
f 1952 	283 	1954
f 1944 	1938 	1917
f 1944 	1948 	1938
f 1947 	2013 	1955
f 1953 	1947 	1955
f 1955 	1957 	1953
f 1957 	1950 	1953
f 1955 	1950 	1957
f 1952 	267 	1949
f 1944 	1993 	1948
f 1993 	1946 	1948
f 267 	1952 	1954
f 1954 	283 	267
f 1900 	1971 	1962
f 1877 	1987 	1923
f 1906 	1962 	1964
f 1962 	1912 	1900
f 1906 	1912 	1962
f 1925 	1877 	1923
f 1900 	1983 	1971
f 1966 	1967 	1916
f 1950 	1897 	1904
f 1950 	1904 	1953
f 1917 	1918 	1967
f 1918 	1916 	1967
f 1966 	1923 	1987
f 1960 	1947 	1964
f 1923 	1966 	1916
f 1953 	1964 	1947
f 1966 	1968 	1967
f 1906 	1964 	1953
f 1906 	1953 	1904
f 1987 	1834 	1981
f 1964 	1962 	1971
f 1983 	1984 	1971
f 2034 	1975 	2036
f 1980 	1981 	1977
f 1966 	1981 	1980
f 1980 	1968 	1966
f 1975 	1984 	1983
f 1983 	1986 	1973
f 1936 	1937 	1986
f 1966 	1987 	1981
f 1937 	1973 	1986
f 1983 	1900 	1986
f 1975 	1983 	1973
f 1960 	1964 	1971
f 757 	1633 	2015
f 1968 	1944 	1967
f 2015 	1634 	1955
f 1917 	1967 	1944
f 1634 	1950 	1955
f 1670 	1950 	1634
f 1466 	1452 	1988
f 1452 	1063 	1988
f 1988 	1063 	1823
f 1968 	1989 	1944
f 1989 	1993 	1944
f 1814 	1988 	1823
f 1994 	1995 	1814
f 1814 	1995 	1997
f 1988 	1814 	1997
f 1997 	1466 	1988
f 1997 	1437 	1466
f 1998 	1995 	1994
f 1997 	1937 	1437
f 1994 	1814 	1836
f 2002 	3459 	2000
f 1999 	1692 	2002
f 1998 	1994 	1832
f 2002 	2000 	1999
f 1994 	1836 	1832
f 1997 	1995 	1937
f 1998 	1937 	1995
f 2005 	1694 	2007
f 1692 	1694 	2005
f 1949 	1946 	2007
f 1952 	1949 	2007
f 2007 	1694 	1952
f 1946 	1993 	2007
f 1975 	1937 	2079
f 2079 	1937 	1998
f 1968 	2045 	1989
f 2011 	1947 	1960
f 1896 	1977 	1890
f 2011 	2013 	1947
f 2011 	2012 	2013
f 1955 	2012 	2015
f 1955 	2013 	2012
f 2015 	2020 	757
f 1818 	2016 	1890
f 2052 	2056 	2016
f 2021 	2023 	2022
f 2021 	2024 	2023
f 2017 	2012 	2011
f 2045 	1968 	2024
f 2012 	2017 	2061
f 2015 	2012 	2020
f 756 	757 	2020
f 1896 	2056 	2028
f 756 	2020 	1598
f 2056 	2030 	2028
f 2030 	2022 	2028
f 2028 	1980 	1977
f 2023 	2028 	2022
f 2034 	2036 	2035
f 2024 	1980 	2028
f 2024 	1968 	1980
f 2024 	2028 	2023
f 1977 	1896 	2028
f 2011 	2039 	2017
f 2041 	2044 	2045
f 2039 	2057 	2017
f 2007 	1993 	2044
f 2040 	2041 	2045
f 2035 	2042 	2034
f 2040 	2045 	2021
f 1971 	2070 	2039
f 2042 	2070 	1971
f 2039 	2011 	1960
f 2044 	1989 	2045
f 2035 	2036 	1975
f 2024 	2021 	2045
f 2044 	1993 	1989
f 2035 	1975 	2079
f 2039 	1960 	1971
f 2049 	2051 	2090
f 2049 	2021 	2022
f 1971 	1984 	2042
f 2051 	2049 	2022
f 2042 	1975 	2034
f 1984 	1975 	2042
f 1896 	2016 	2056
f 2057 	2061 	2017
f 2056 	2052 	2030
f 1870 	2020 	2063
f 2051 	2022 	2030
f 2012 	2063 	2020
f 2063 	2054 	2053
f 2063 	2061 	2057
f 2012 	2061 	2063
f 2063 	2057 	2054
f 2063 	1864 	1870
f 2049 	2040 	2021
f 2041 	2040 	2067
f 2067 	2040 	2064
f 2057 	2072 	2068
f 2042 	2035 	2074
f 2039 	2072 	2057
f 2039 	2070 	2072
f 2070 	2068 	2072
f 2070 	2042 	2074
f 2079 	1832 	1875
f 2079 	1998 	2006
f 1832 	2079 	2006
f 2073 	2005 	2084
f 2067 	2066 	2084
f 2083 	2074 	2085
f 2067 	2084 	2041
f 2049 	2064 	2040
f 2007 	2084 	2005
f 2044 	2041 	2084
f 2007 	2044 	2084
f 2070 	2083 	2224
f 2089 	2064 	2049
f 2074 	2035 	2086
f 2086 	2085 	2074
f 2049 	2090 	2091
f 2086 	2220 	2085
f 2091 	2089 	2049
f 2063 	2053 	1864
f 2749 	2090 	2052
f 2070 	2074 	2083
f 2091 	2752 	2089
f 2091 	2090 	2752
f 2086 	2035 	2079
f 2090 	2030 	2052
f 2090 	2051 	2030
f 1794 	2101 	2098
f 2461 	2099 	1794
f 2099 	2101 	1794
f 2098 	2101 	2100
f 2098 	2103 	2104
f 2103 	2098 	2100
f 2105 	2079 	2095
f 1875 	1873 	2095
f 2100 	2101 	2099
f 2079 	1875 	2095
f 2095 	2094 	2105
f 2109 	2094 	2095
f 2105 	2094 	2110
f 2112 	2513 	2113
f 2112 	2103 	2124
f 2104 	2103 	2112
f 2113 	2116 	2112
f 2946 	2913 	2118
f 2116 	2913 	2112
f 2094 	2109 	2097
f 1889 	2097 	2119
f 2109 	2119 	2097
f 2167 	2946 	2118
f 2086 	2079 	2105
f 2514 	2513 	2112
f 2112 	2124 	2514
f 2103 	2100 	2124
f 2105 	2110 	2086
f 2116 	2513 	2127
f 375 	377 	2131
f 2128 	2127 	2513
f 2128 	2129 	2130
f 2128 	2130 	2127
f 623 	614 	2555
f 2130 	2118 	2127
f 2129 	2128 	2134
f 377 	3074 	2131
f 377 	3068 	3074
f 2127 	2118 	2116
f 2180 	2118 	2130
f 2137 	2139 	2138
f 2139 	2137 	2136
f 3149 	398 	399
f 2712 	2138 	2141
f 2144 	2141 	2138
f 1743 	1744 	2139
f 1744 	2138 	2139
f 1744 	1745 	2138
f 407 	3108 	3107
f 1819 	1743 	2139
f 1819 	1741 	1743
f 2138 	2145 	2144
f 300 	2146 	582
f 2145 	2147 	2144
f 300 	582 	567
f 2158 	2153 	2145
f 2145 	2153 	2147
f 2145 	1749 	1748
f 1748 	2158 	2145
f 2145 	1745 	1749
f 2138 	1745 	2145
f 2555 	2540 	623
f 2633 	2670 	774
f 775 	2163 	783
f 3141 	3140 	795
f 3141 	795 	802
f 2166 	2167 	2168
f 2167 	2118 	2168
f 3153 	3149 	888
f 407 	3153 	888
f 2173 	2174 	2175
f 2167 	2166 	2175
f 2166 	2173 	2175
f 2944 	2945 	2174
f 2393 	2944 	2174
f 2186 	2180 	2129
f 2130 	2129 	2180
f 1615 	3180 	1632
f 3180 	1615 	1549
f 2200 	2180 	2181
f 3191 	3194 	783
f 1562 	783 	3194
f 2187 	2181 	2186
f 2180 	2186 	2181
f 2189 	2184 	2187
f 2181 	2187 	2184
f 2187 	2186 	2202
f 1844 	1843 	3199
f 3199 	3208 	1844
f 2187 	2202 	2189
f 1843 	3201 	3199
f 3201 	1843 	1612
f 1873 	1855 	3208
f 2166 	2168 	2200
f 2180 	2200 	2168
f 2168 	2118 	2180
f 2184 	2408 	2173
f 2184 	2200 	2181
f 2134 	2877 	2129
f 2134 	2526 	2877
f 303 	2110 	2094
f 303 	2094 	2097
f 2894 	2926 	2189
f 2173 	2166 	2200
f 1889 	3321 	2097
f 2173 	2200 	2184
f 98 	354 	762
f 98 	101 	354
f 357 	101 	104
f 357 	354 	101
f 98 	762 	1600
f 98 	1600 	166
f 2068 	2211 	2212
f 138 	2214 	2212
f 2211 	165 	2212
f 2053 	2214 	131
f 2053 	2054 	2214
f 2054 	2057 	2214
f 2214 	2057 	2212
f 2057 	2068 	2212
f 2070 	2224 	2211
f 2068 	2070 	2211
f 1600 	1861 	166
f 166 	1861 	131
f 1864 	2053 	131
f 1864 	131 	1861
f 2083 	2220 	196
f 2083 	2085 	2220
f 176 	2083 	196
f 196 	2220 	2086
f 173 	2083 	174
f 2083 	173 	2224
f 174 	2083 	176
f 2211 	2224 	173
f 2211 	175 	189
f 2110 	303 	196
f 2086 	2110 	196
f 2302 	3489 	2303
f 2307 	2309 	3499
f 2131 	2312 	2313
f 375 	2131 	2313
f 375 	2313 	367
f 3642 	3614 	2323
f 3642 	2548 	2313
f 2317 	2318 	2300
f 2316 	2317 	2300
f 2303 	2300 	2318
f 2303 	2318 	2319
f 2318 	2324 	2319
f 2302 	2303 	2319
f 2323 	2548 	3642
f 2324 	3652 	2321
f 2318 	2330 	2324
f 2330 	2318 	2317
f 2330 	2326 	2323
f 2317 	2316 	2326
f 2326 	2330 	2317
f 2324 	2330 	2323
f 2321 	2319 	2324
f 2319 	2321 	2302
f 3652 	3661 	2321
f 3661 	3658 	2321
f 2331 	2321 	3658
f 2338 	2341 	2305
f 2337 	2342 	2338
f 2331 	2333 	2337
f 2338 	2342 	2341
f 2338 	2305 	2306
f 2337 	2338 	2306
f 2331 	2337 	2344
f 2306 	2344 	2337
f 2321 	2331 	2344
f 2344 	2306 	2302
f 2321 	2344 	2302
f 2309 	2307 	2351
f 2342 	2337 	2333
f 2342 	2333 	2350
f 2350 	2333 	2336
f 2341 	2348 	2307
f 2341 	2342 	2350
f 2341 	2350 	2348
f 2305 	2341 	2307
f 2351 	2307 	2348
f 2348 	2350 	2364
f 2350 	2336 	2364
f 2352 	2310 	2309
f 2351 	2352 	2309
f 2355 	2356 	2310
f 2352 	2355 	2310
f 2311 	2310 	2356
f 3716 	3748 	2336
f 2360 	2361 	3747
f 2361 	2336 	3748
f 2364 	2336 	2361
f 2364 	2365 	2351
f 2348 	2364 	2351
f 2351 	2365 	2352
f 2369 	2363 	2356
f 2449 	1761 	1759
f 2352 	2365 	2368
f 2365 	2364 	2361
f 2365 	2361 	2368
f 2368 	2361 	2360
f 2369 	2368 	2360
f 2392 	2408 	2372
f 2368 	2369 	2355
f 2369 	2356 	2355
f 2368 	2355 	2352
f 2363 	2369 	2360
f 2372 	2374 	2393
f 2376 	2374 	2371
f 2374 	2372 	2371
f 2311 	2356 	3016
f 2371 	2373 	2376
f 2374 	2944 	2393
f 2356 	2363 	3016
f 2379 	2434 	1758
f 2379 	1757 	3340
f 1758 	1757 	2379
f 2174 	2173 	2392
f 2174 	2392 	2393
f 2408 	2392 	2173
f 2393 	2392 	2372
f 2189 	2926 	2398
f 2398 	2402 	2401
f 2398 	2401 	2408
f 2184 	2189 	2408
f 2408 	2189 	2398
f 2932 	2417 	2379
f 2372 	2401 	2371
f 2408 	2401 	2372
f 2373 	2371 	2422
f 2995 	2371 	2401
f 2434 	2379 	2417
f 3078 	2434 	2417
f 3270 	2438 	3078
f 3270 	2441 	2438
f 2442 	2153 	2158
f 1760 	2442 	2158
f 1760 	1762 	2442
f 2158 	1748 	1760
f 1761 	2457 	1762
f 1761 	2449 	2457
f 2434 	1759 	1758
f 1759 	2434 	2449
f 2434 	2438 	2449
f 2438 	2441 	2449
f 2445 	2457 	2449
f 2457 	2445 	1762
f 2441 	2445 	2449
f 2445 	2442 	1762
f 2461 	2466 	2099
f 2466 	2100 	2099
f 2494 	2512 	2466
f 2461 	2494 	2466
f 2461 	1842 	1841
f 2461 	1841 	2480
f 3368 	2481 	2479
f 2479 	2480 	1841
f 2479 	2481 	2480
f 1839 	2479 	1841
f 2484 	2480 	2481
f 2494 	2495 	2487
f 2491 	2487 	2495
f 3485 	334 	2497
f 2480 	2484 	2494
f 2494 	2484 	2495
f 2503 	2501 	338
f 2501 	2498 	333
f 333 	338 	2501
f 2300 	3485 	2497
f 2480 	2494 	2461
f 333 	2498 	335
f 2497 	334 	2498
f 2497 	2498 	2504
f 2581 	2481 	3368
f 2507 	2504 	2498
f 2556 	2557 	2504
f 2508 	2507 	2498
f 2508 	2498 	2501
f 2511 	2508 	2501
f 2511 	2564 	2508
f 2503 	2511 	2501
f 2316 	2300 	2497
f 2487 	2512 	2494
f 2504 	2316 	2497
f 2100 	2466 	2516
f 2124 	2100 	2516
f 2516 	2514 	2124
f 2116 	2113 	2513
f 2503 	336 	2521
f 2521 	340 	2523
f 2523 	341 	2607
f 2526 	2134 	2128
f 2521 	2575 	2503
f 2128 	2513 	2526
f 2879 	2526 	2513
f 2523 	2529 	2528
f 2513 	2530 	2879
f 2530 	2513 	2514
f 2523 	2528 	2521
f 2554 	2530 	2514
f 2512 	2487 	2516
f 2516 	2466 	2512
f 2559 	2560 	2535
f 2537 	2559 	2554
f 367 	2313 	2553
f 621 	623 	2540
f 367 	2553 	368
f 2543 	2511 	2503
f 2575 	2543 	2503
f 2544 	2537 	2547
f 2536 	2547 	2537
f 2540 	2543 	2575
f 2491 	2547 	2536
f 2487 	2491 	2536
f 2585 	2544 	2547
f 2547 	2491 	2585
f 2530 	2554 	2551
f 2559 	2535 	2551
f 2555 	368 	2553
f 2553 	2313 	2548
f 2540 	2572 	621
f 2551 	2887 	2530
f 2536 	2537 	2516
f 2514 	2516 	2537
f 2548 	2326 	2557
f 2557 	2316 	2504
f 2557 	2556 	2548
f 2559 	2551 	2554
f 2556 	2504 	2507
f 2554 	2514 	2537
f 2539 	2535 	2560
f 2561 	2556 	2507
f 2553 	2548 	2556
f 2561 	2553 	2556
f 2560 	2559 	2544
f 2559 	2537 	2544
f 2561 	2564 	2555
f 2508 	2564 	2561
f 2507 	2508 	2561
f 2553 	2561 	2555
f 2555 	2564 	2543
f 2511 	2543 	2564
f 2555 	2543 	2540
f 2557 	2326 	2316
f 2548 	2323 	2326
f 661 	621 	2572
f 2516 	2487 	2536
f 2572 	2573 	661
f 2540 	2575 	2572
f 2575 	2521 	2572
f 2528 	2529 	2573
f 2572 	2528 	2573
f 2528 	2572 	2521
f 2573 	2529 	2583
f 2579 	2582 	2580
f 2579 	2580 	1880
f 2583 	2529 	2617
f 2582 	2579 	2578
f 2491 	2495 	2582
f 2585 	2491 	2582
f 2582 	2578 	2586
f 2582 	2586 	2585
f 2580 	2582 	2495
f 2580 	2581 	1884
f 2580 	1884 	1880
f 2495 	2581 	2580
f 2484 	2481 	2581
f 2495 	2484 	2581
f 2609 	1880 	2591
f 2594 	2597 	2595
f 2598 	2595 	2597
f 2591 	2595 	2598
f 2591 	2598 	2600
f 1880 	2594 	2595
f 2588 	2591 	2600
f 2600 	2598 	2661
f 2598 	2663 	2661
f 2591 	1880 	2595
f 2578 	2579 	2609
f 2609 	2606 	2578
f 2609 	2591 	2606
f 2606 	2588 	2637
f 2588 	2628 	2637
f 2591 	2588 	2606
f 2586 	2578 	2606
f 344 	343 	2607
f 352 	2610 	350
f 352 	353 	2605
f 2610 	352 	2605
f 2610 	2607 	343
f 2612 	2605 	353
f 2560 	2544 	2614
f 2585 	2586 	2619
f 2585 	2619 	2624
f 2610 	2605 	2622
f 2624 	2544 	2585
f 2619 	2586 	2606
f 2617 	2529 	2607
f 2617 	2607 	2621
f 2544 	2624 	2614
f 2607 	2529 	2523
f 2621 	2622 	2646
f 2621 	2607 	2610
f 2621 	2610 	2622
f 2627 	2626 	2605
f 2626 	2622 	2605
f 2630 	2958 	2638
f 732 	685 	2634
f 2628 	2689 	2631
f 2690 	2631 	2689
f 2636 	731 	2634
f 729 	731 	2636
f 2633 	729 	2636
f 774 	729 	2633
f 2583 	2640 	2634
f 2640 	2583 	2617
f 2633 	2636 	2644
f 2637 	2628 	2642
f 2642 	2628 	2631
f 2640 	2617 	2621
f 2642 	2631 	2638
f 2631 	2630 	2638
f 2640 	2621 	2646
f 2619 	2606 	2637
f 2573 	2583 	2634
f 2638 	2614 	2642
f 2642 	2614 	2624
f 2642 	2624 	2619
f 2642 	2619 	2637
f 2627 	2674 	2651
f 2598 	2597 	2002
f 2674 	2627 	2664
f 2644 	2646 	2622
f 2002 	2662 	2598
f 2640 	2646 	2636
f 2640 	2636 	2634
f 2644 	2636 	2646
f 2644 	2651 	2633
f 2663 	2598 	2662
f 2644 	2626 	2651
f 2651 	2626 	2627
f 2626 	2644 	2622
f 2600 	2661 	2655
f 2627 	2605 	2612
f 2662 	2665 	2663
f 2664 	2627 	2612
f 2664 	2612 	2613
f 2002 	1692 	2672
f 2663 	2665 	2669
f 2662 	2672 	2665
f 2670 	2671 	775
f 2662 	2002 	2672
f 2665 	2672 	2669
f 775 	774 	2670
f 2680 	2663 	2669
f 2664 	2676 	2674
f 2670 	2651 	2674
f 2676 	2670 	2674
f 2694 	2655 	2661
f 2670 	2676 	2671
f 2661 	2663 	2680
f 2633 	2651 	2670
f 2661 	2680 	2694
f 2613 	2676 	2664
f 2655 	2588 	2600
f 1696 	1695 	2680
f 1696 	2680 	2669
f 2672 	1696 	2669
f 2672 	1692 	2005
f 1695 	1698 	2694
f 2163 	254 	260
f 2005 	2073 	2672
f 2705 	2671 	2676
f 2676 	2613 	2705
f 2689 	2628 	2655
f 2655 	2694 	2689
f 2689 	2694 	2706
f 2689 	2706 	2690
f 2613 	63 	2700
f 2680 	1695 	2694
f 2690 	2699 	3000
f 2703 	246 	2671
f 2588 	2655 	2628
f 775 	2671 	2842
f 2703 	2671 	2705
f 2690 	2706 	2699
f 2700 	2703 	2705
f 2700 	2705 	2613
f 2690 	2996 	2630
f 2690 	2630 	2631
f 2703 	2700 	2732
f 2699 	2706 	2698
f 280 	279 	2714
f 1698 	2706 	2694
f 1698 	2698 	2706
f 2711 	2712 	2713
f 2710 	75 	2709
f 2138 	2712 	2711
f 2141 	2144 	2713
f 71 	2709 	75
f 2712 	2141 	2713
f 2138 	2711 	2137
f 2144 	2147 	2713
f 2147 	2831 	2713
f 2715 	244 	2703
f 2713 	2716 	2711
f 2136 	2749 	1818
f 2719 	2721 	2714
f 2723 	2711 	2716
f 2719 	2717 	2724
f 2719 	2724 	2721
f 2724 	2717 	2709
f 2724 	2709 	2748
f 2709 	2717 	2710
f 2731 	2066 	2067
f 2731 	2728 	2073
f 2710 	2717 	2732
f 2717 	2719 	2715
f 2084 	2731 	2073
f 2719 	2714 	2715
f 2084 	2066 	2731
f 2717 	2715 	2732
f 2725 	2728 	2731
f 2703 	2732 	2715
f 2672 	2728 	1696
f 2710 	2732 	2700
f 2672 	2073 	2728
f 2731 	2727 	2725
f 2714 	279 	2715
f 2714 	2789 	280
f 2749 	2052 	2016
f 2737 	2739 	2738
f 76 	2741 	72
f 2709 	71 	2741
f 2137 	2711 	2743
f 2136 	2137 	2743
f 2741 	76 	2740
f 2749 	2136 	2743
f 2016 	1818 	2749
f 2709 	2741 	2748
f 2741 	2740 	2751
f 2749 	2752 	2090
f 2748 	2741 	2751
f 2749 	2743 	2752
f 2743 	2738 	2752
f 2753 	2751 	2740
f 2089 	2752 	2756
f 2738 	2739 	2752
f 2754 	2753 	2740
f 2756 	2739 	2737
f 2754 	2740 	2747
f 2755 	2799 	2727
f 2755 	2067 	2064
f 2731 	2755 	2727
f 2731 	2067 	2755
f 2064 	2089 	2756
f 2756 	2752 	2739
f 2760 	2786 	2759
f 2782 	2819 	2761
f 2792 	2725 	2727
f 2761 	2747 	2782
f 2747 	2761 	2754
f 2761 	2809 	2754
f 1699 	2760 	2759
f 2760 	1699 	2725
f 1699 	2728 	2725
f 2792 	2760 	2725
f 2723 	2743 	2711
f 1696 	2728 	1699
f 90 	2768 	85
f 2777 	2810 	2775
f 2738 	2781 	2778
f 2769 	2768 	2780
f 2777 	2773 	2772
f 2777 	2775 	2773
f 2776 	2780 	2768
f 2738 	2777 	2781
f 2778 	2737 	2738
f 2777 	2778 	2781
f 2747 	80 	2782
f 2782 	92 	2769
f 85 	2768 	84
f 2716 	2777 	2723
f 2828 	2819 	2782
f 2723 	2738 	2743
f 2828 	2782 	2769
f 2723 	2777 	2738
f 2821 	2822 	2786
f 2772 	2818 	2787
f 2784 	2788 	2787
f 2784 	2786 	2788
f 337 	280 	2789
f 2799 	2760 	2792
f 2760 	2799 	2786
f 2786 	2799 	2788
f 2792 	2727 	2799
f 400 	452 	2796
f 2721 	2724 	2748
f 2714 	2721 	2789
f 2800 	2794 	2789
f 2799 	2755 	2788
f 2789 	2721 	2801
f 2787 	2802 	2772
f 2748 	2751 	2801
f 2802 	2787 	2778
f 2778 	2777 	2802
f 2748 	2801 	2721
f 2802 	2777 	2772
f 2801 	2800 	2789
f 2778 	2787 	2737
f 2801 	2751 	2800
f 2787 	2788 	2755
f 2064 	2756 	2787
f 2800 	2751 	2753
f 2755 	2064 	2787
f 2805 	2800 	2753
f 2756 	2737 	2787
f 2805 	2794 	2800
f 2759 	1698 	1699
f 2805 	2753 	2754
f 1698 	2759 	2822
f 2754 	2809 	2805
f 2810 	2772 	2773
f 2775 	2810 	2773
f 2772 	2810 	2811
f 2796 	2794 	2805
f 2810 	2813 	2811
f 2809 	2796 	2805
f 2811 	2813 	2830
f 2716 	2713 	2831
f 2810 	2716 	2831
f 2777 	2716 	2810
f 2815 	2810 	2831
f 2815 	2814 	2813
f 2813 	2810 	2815
f 2830 	2818 	2811
f 2818 	2772 	2811
f 2821 	2820 	2846
f 2809 	2761 	2819
f 2796 	2809 	2819
f 2821 	2784 	2820
f 2821 	2786 	2784
f 1698 	2822 	2864
f 2820 	2784 	2787
f 2787 	2818 	2820
f 2759 	2786 	2822
f 1698 	2864 	2698
f 2824 	2828 	2769
f 2825 	2824 	2780
f 2814 	2830 	2813
f 2780 	2776 	2825
f 2824 	2769 	2780
f 2837 	2831 	2153
f 2153 	2831 	2147
f 2153 	3093 	2837
f 1447 	1446 	2824
f 2815 	2833 	2814
f 2832 	400 	2796
f 2819 	2828 	2832
f 2832 	2828 	2824
f 2819 	2832 	2796
f 2833 	2831 	2837
f 2612 	357 	2613
f 63 	2613 	357
f 2833 	2815 	2831
f 78 	2740 	77
f 2700 	65 	2710
f 72 	2741 	71
f 80 	2747 	78
f 2830 	2814 	2833
f 2740 	78 	2747
f 92 	2782 	80
f 2842 	2163 	775
f 2163 	2842 	254
f 246 	254 	2842
f 2842 	2671 	246
f 275 	244 	2715
f 2818 	2841 	2843
f 2868 	3166 	2841
f 2163 	260 	258
f 2846 	2818 	2843
f 2846 	2820 	2818
f 2789 	2794 	330
f 328 	330 	2794
f 337 	2789 	330
f 452 	328 	2796
f 2794 	2796 	328
f 1446 	401 	2824
f 401 	400 	2832
f 2821 	2846 	2848
f 2848 	2853 	2821
f 2848 	2864 	2853
f 3500 	2311 	1740
f 2858 	2859 	1742
f 2853 	2822 	2821
f 2858 	1739 	2857
f 1740 	2857 	1739
f 1741 	1742 	2859
f 2860 	1743 	2859
f 1741 	2859 	1743
f 2830 	2841 	2818
f 2862 	1745 	2860
f 2864 	2822 	2853
f 1743 	2860 	1744
f 1748 	1749 	2866
f 2870 	1760 	2866
f 2868 	2830 	2833
f 2848 	2846 	2843
f 2841 	2830 	2868
f 2871 	1759 	2869
f 1761 	1762 	2869
f 1762 	1760 	2870
f 2870 	2869 	1762
f 1756 	1757 	2872
f 1837 	1784 	2
f 2363 	2 	2889
f 1783 	2890 	1784
f 2877 	2526 	2879
f 2881 	2880 	2860
f 2883 	2881 	2859
f 2129 	2877 	2186
f 2186 	2877 	2202
f 2883 	2859 	2858
f 2881 	2860 	2859
f 2189 	2202 	2886
f 2875 	2886 	2896
f 2887 	2875 	2896
f 2887 	2896 	2879
f 2530 	2887 	2879
f 2886 	2875 	2874
f 2877 	2886 	2202
f 2877 	2879 	2896
f 2889 	1784 	2890
f 2877 	2896 	2886
f 2886 	2874 	2894
f 1783 	1794 	2890
f 2895 	2890 	1794
f 1794 	2098 	2895
f 2889 	2890 	2899
f 2189 	2886 	2894
f 2889 	2899 	2857
f 2857 	2899 	2858
f 2901 	2902 	2881
f 2874 	2875 	2903
f 2902 	2895 	2891
f 2903 	2900 	2874
f 2903 	2875 	2905
f 2901 	2881 	2883
f 2904 	2901 	2883
f 2902 	2901 	2895
f 2895 	2901 	2904
f 2890 	2895 	2904
f 2904 	2883 	2858
f 2904 	2899 	2890
f 2858 	2899 	2904
f 2887 	2551 	2905
f 2910 	2903 	2905
f 2910 	2917 	2903
f 2535 	2910 	2905
f 2880 	2902 	2919
f 2551 	2535 	2905
f 2902 	2880 	2881
f 2887 	2905 	2875
f 2912 	2891 	2104
f 2098 	2104 	2891
f 2918 	2903 	2917
f 2914 	2900 	2918
f 2891 	2912 	2919
f 2903 	2918 	2900
f 2920 	2921 	2912
f 2922 	2921 	2920
f 2535 	2539 	2910
f 2917 	2910 	2539
f 2920 	2912 	2913
f 2866 	2862 	2922
f 2860 	2924 	2862
f 2919 	2912 	2921
f 2955 	2957 	2917
f 2398 	2926 	2925
f 2919 	2921 	2924
f 2919 	2924 	2880
f 2928 	2927 	2925
f 2922 	2924 	2921
f 2862 	2924 	2922
f 2902 	2891 	2919
f 2924 	2860 	2880
f 2930 	2922 	2920
f 2866 	2922 	2930
f 2927 	2398 	2925
f 2912 	2112 	2913
f 2891 	2895 	2098
f 2927 	2402 	2398
f 2866 	2930 	2931
f 2913 	2933 	2920
f 2930 	2920 	2933
f 2104 	2112 	2912
f 2379 	2934 	2932
f 2930 	2933 	2931
f 2900 	2914 	2935
f 2969 	2936 	2977
f 2935 	2874 	2900
f 2874 	2935 	2938
f 2939 	2938 	2935
f 2939 	2935 	2936
f 2116 	2118 	2913
f 2939 	2936 	2941
f 2941 	2928 	2925
f 2939 	2941 	2925
f 2939 	2925 	2926
f 2941 	2940 	2928
f 2938 	2894 	2874
f 2167 	2175 	2946
f 2945 	2946 	2175
f 2175 	2174 	2945
f 2938 	2939 	2926
f 2894 	2938 	2926
f 3032 	3012 	2825
f 2952 	2918 	2917
f 2945 	2944 	2949
f 2954 	2917 	2957
f 2931 	2870 	2866
f 2946 	2945 	2951
f 2952 	2917 	2954
f 2869 	2951 	2945
f 2949 	2869 	2945
f 2931 	2951 	2870
f 2977 	2935 	2914
f 2931 	2933 	2946
f 2951 	2931 	2946
f 2946 	2933 	2913
f 2955 	2917 	2539
f 2951 	2869 	2870
f 2956 	2949 	2944
f 2871 	2869 	2949
f 2871 	2949 	2956
f 2955 	2539 	2560
f 2958 	2630 	2959
f 2954 	2957 	2958
f 2958 	2957 	2960
f 2957 	2955 	2960
f 2955 	2560 	2614
f 2958 	2959 	2962
f 2958 	2962 	2954
f 2955 	2638 	2960
f 2958 	2960 	2638
f 2955 	2614 	2638
f 2952 	2954 	2964
f 2962 	2964 	2954
f 2914 	2918 	2952
f 2964 	2962 	2959
f 2993 	2959 	2630
f 2971 	2973 	2974
f 2975 	2952 	2964
f 2956 	2990 	2978
f 2956 	2978 	2871
f 2935 	2977 	2936
f 2952 	2975 	2914
f 2973 	2971 	2977
f 2978 	2872 	2871
f 2971 	2969 	2977
f 2975 	2973 	2977
f 2977 	2914 	2975
f 2964 	2993 	2975
f 2964 	2959 	2993
f 3032 	2986 	2376
f 2944 	2374 	2986
f 2986 	2374 	2376
f 2956 	2944 	2986
f 2990 	2956 	2986
f 2989 	2973 	2988
f 2974 	2973 	2989
f 2989 	2985 	2974
f 2975 	2988 	2973
f 2988 	2993 	2630
f 2993 	2988 	2975
f 2995 	2422 	2371
f 2690 	3026 	2996
f 2999 	2422 	2995
f 3026 	3029 	2996
f 2401 	2402 	2995
f 3006 	2995 	2402
f 1702 	1701 	3026
f 1701 	3029 	3026
f 3000 	3002 	1702
f 2995 	3006 	2999
f 3026 	3000 	1702
f 2699 	2698 	3000
f 2698 	3002 	3000
f 2999 	3001 	2373
f 2999 	2373 	2422
f 1701 	1703 	3029
f 3006 	2402 	2927
f 3007 	2999 	3006
f 1454 	1447 	3012
f 3012 	2373 	1454
f 1454 	3036 	1449
f 3001 	3036 	1454
f 2373 	3001 	1454
f 1702 	2864 	1704
f 2857 	1740 	2311
f 3016 	2363 	2889
f 2311 	3016 	2857
f 2889 	2857 	3016
f 1756 	2872 	3021
f 1756 	3021 	96
f 96 	3021 	90
f 3052 	2988 	2996
f 3025 	3021 	2872
f 2978 	3025 	2872
f 2990 	3025 	2978
f 3021 	3030 	2776
f 3025 	3030 	3021
f 2996 	3059 	3052
f 3033 	2990 	2986
f 2990 	3033 	3025
f 3033 	2986 	3032
f 3030 	3025 	3033
f 3030 	3033 	3061
f 2690 	3000 	3026
f 3001 	2999 	3036
f 3049 	3038 	2989
f 3041 	3036 	3007
f 3040 	2989 	3038
f 3044 	3043 	3041
f 3039 	3040 	3038
f 2999 	3007 	3036
f 2985 	2989 	3040
f 3036 	3041 	3043
f 3043 	3044 	431
f 3040 	3039 	2985
f 445 	431 	3044
f 1449 	3036 	3043
f 3044 	1488 	1485
f 1485 	445 	3044
f 3049 	2989 	3052
f 2768 	90 	3021
f 2769 	84 	2768
f 3030 	3061 	2776
f 2776 	2768 	3021
f 3052 	2989 	2988
f 2630 	2996 	2988
f 2824 	2825 	1447
f 2376 	3012 	3032
f 3059 	2996 	3029
f 2825 	2776 	3061
f 3059 	3029 	3064
f 3061 	3032 	2825
f 3061 	3033 	3032
f 3052 	3059 	3049
f 3064 	3029 	1703
f 3059 	3064 	3049
f 1703 	3049 	3064
f 3068 	3069 	3066
f 3080 	3066 	3069
f 802 	388 	3069
f 3068 	3066 	3074
f 3805 	2131 	3074
f 3076 	3074 	3066
f 3066 	3080 	3076
f 1703 	3250 	3049
f 3049 	3350 	3038
f 3078 	2932 	2934
f 3078 	2417 	2932
f 2434 	3078 	2438
f 3079 	3270 	3078
f 3080 	3811 	3096
f 3088 	386 	3089
f 3811 	3088 	3089
f 3811 	3080 	3088
f 3089 	386 	398
f 3078 	2934 	3079
f 3079 	2934 	2982
f 2442 	2445 	3093
f 3110 	3093 	2445
f 3093 	2153 	2442
f 3088 	3080 	3069
f 2445 	2441 	3110
f 388 	386 	3069
f 386 	3088 	3069
f 3096 	3094 	3080
f 3096 	3095 	3094
f 3094 	3076 	3080
f 3076 	3094 	3077
f 3095 	3077 	3094
f 398 	3103 	3089
f 3102 	3103 	398
f 3950 	3103 	3102
f 3118 	3102 	398
f 407 	3107 	3153
f 3107 	3108 	3113
f 3113 	3108 	3109
f 3149 	3153 	3118
f 3107 	3118 	3153
f 3116 	3107 	3113
f 3118 	3116 	3102
f 398 	3149 	3118
f 3118 	3107 	3116
f 3130 	2837 	3093
f 3120 	3113 	3109
f 3119 	3123 	3120
f 3116 	3122 	3102
f 3120 	3122 	3113
f 3116 	3113 	3122
f 3122 	3120 	3123
f 3093 	3110 	3129
f 3130 	3093 	3129
f 3131 	2146 	300
f 3136 	576 	582
f 3002 	2698 	2864
f 1702 	3002 	2864
f 2146 	3136 	582
f 3131 	3134 	2146
f 407 	3136 	3108
f 407 	576 	3136
f 3108 	3136 	3109
f 3134 	3136 	2146
f 791 	795 	3140
f 3141 	3068 	3140
f 3069 	3068 	3141
f 3069 	3141 	802
f 377 	378 	3140
f 377 	3140 	3068
f 618 	3140 	378
f 618 	791 	3140
f 3149 	399 	869
f 869 	887 	3149
f 887 	888 	3149
f 3143 	3166 	3168
f 2868 	3168 	3166
f 3129 	2837 	3130
f 3170 	2833 	2837
f 3129 	3170 	2837
f 3170 	3129 	3133
f 3133 	3139 	3143
f 3143 	3170 	3133
f 3170 	3168 	2833
f 3168 	2868 	2833
f 3143 	3168 	3170
f 3232 	3133 	3129
f 3232 	3129 	3110
f 1549 	1545 	3180
f 3180 	3181 	1629
f 2864 	3175 	1704
f 1629 	1632 	3180
f 2848 	3175 	2864
f 3179 	3293 	3181
f 3180 	3194 	3181
f 3179 	3181 	3191
f 3185 	3178 	3186
f 3179 	3186 	3178
f 3191 	3181 	3194
f 3175 	3188 	3217
f 3210 	3175 	3217
f 3210 	3216 	3175
f 3143 	3139 	3190
f 3190 	3166 	3143
f 3186 	3191 	783
f 783 	2163 	3186
f 3186 	3179 	3191
f 3188 	3175 	3193
f 2848 	3193 	3175
f 2841 	3193 	2843
f 2848 	2843 	3193
f 3188 	3193 	2841
f 3188 	2841 	3190
f 2841 	3166 	3190
f 1704 	3175 	3205
f 1705 	1704 	3205
f 1705 	3206 	3197
f 1855 	1844 	3208
f 1705 	3205 	3206
f 3221 	3201 	3202
f 3201 	3214 	3199
f 3201 	1612 	1618
f 3205 	3175 	3243
f 3202 	3201 	1618
f 3303 	3200 	3202
f 3201 	3221 	3214
f 3208 	3199 	3214
f 3175 	3216 	3243
f 3200 	3224 	3202
f 3221 	3202 	3224
f 3217 	3190 	3218
f 3218 	3209 	3217
f 3212 	3216 	3210
f 1873 	3208 	3214
f 3217 	3209 	3210
f 3225 	3218 	3133
f 3139 	3133 	3218
f 3225 	3133 	3271
f 3231 	3221 	598
f 3231 	1873 	3214
f 3273 	3232 	3110
f 3221 	3231 	3214
f 3218 	3190 	3139
f 3188 	3190 	3217
f 3314 	3235 	3277
f 3243 	3216 	3212
f 3197 	3243 	3238
f 3250 	1709 	3238
f 3197 	3238 	1709
f 3243 	3206 	3205
f 3197 	3206 	3243
f 3237 	3250 	3238
f 3049 	3250 	3350
f 1709 	1705 	3197
f 3250 	1703 	1709
f 3225 	3258 	3218
f 3079 	3335 	3270
f 3258 	3225 	3271
f 3133 	3232 	3271
f 3258 	3271 	3261
f 2097 	1 	303
f 3273 	2441 	3270
f 3273 	3110 	2441
f 3321 	705 	2097
f 3271 	3273 	3270
f 3271 	3270 	3335
f 3260 	3261 	3271
f 3335 	3260 	3271
f 3273 	3271 	3232
f 3278 	3258 	3276
f 3276 	3277 	3278
f 3243 	3212 	3277
f 3243 	3277 	3238
f 3277 	3235 	3238
f 3276 	3261 	3260
f 3258 	3261 	3276
f 3209 	3218 	3258
f 3209 	3258 	3278
f 3278 	3277 	3210
f 3277 	3212 	3210
f 3210 	3209 	3278
f 3280 	3281 	3282
f 3280 	3282 	3308
f 1 	3 	303
f 482 	467 	3292
f 3292 	496 	482
f 3304 	3293 	475
f 475 	3293 	467
f 3178 	3185 	3292
f 3297 	3292 	3185
f 3292 	467 	3178
f 3292 	3297 	496
f 3185 	3186 	258
f 258 	3186 	2163
f 258 	3297 	3185
f 3300 	3301 	3280
f 3293 	3178 	467
f 3178 	3293 	3179
f 3303 	3202 	1618
f 3293 	3304 	3181
f 1629 	3181 	3304
f 3303 	1618 	1629
f 3303 	1629 	3304
f 477 	3303 	3304
f 3298 	3281 	3280
f 3298 	3280 	3301
f 475 	477 	3304
f 3306 	3298 	3335
f 3306 	3335 	3079
f 3303 	477 	3200
f 3079 	2982 	3306
f 477 	486 	3200
f 3307 	3200 	486
f 3307 	3309 	3200
f 3224 	3200 	3309
f 3309 	3307 	648
f 3307 	628 	648
f 598 	3221 	3224
f 598 	3224 	3309
f 3312 	3313 	3314
f 648 	602 	3309
f 3309 	602 	604
f 3309 	604 	598
f 3313 	3312 	3311
f 3319 	1889 	3231
f 3321 	1889 	3319
f 3308 	3312 	3314
f 3231 	598 	3319
f 3314 	3280 	3308
f 3280 	3320 	3300
f 705 	3321 	3319
f 3314 	3276 	3320
f 3319 	598 	705
f 3314 	3277 	3276
f 3280 	3314 	3320
f 3235 	3314 	3313
f 3 	196 	303
f 2097 	705 	1
f 3313 	3238 	3235
f 3310 	3350 	3322
f 3311 	3312 	3310
f 2936 	2969 	3326
f 3322 	3237 	3313
f 3322 	3313 	3310
f 3250 	3237 	3322
f 3326 	2940 	2941
f 3310 	3313 	3311
f 3326 	2941 	2936
f 3238 	3313 	3237
f 3006 	2927 	3339
f 3250 	3322 	3350
f 3323 	1504 	3326
f 3332 	3330 	3331
f 3323 	3331 	3330
f 3334 	3326 	2969
f 3298 	3301 	3335
f 3323 	3334 	3331
f 3300 	3260 	3301
f 3326 	3334 	3323
f 3260 	3300 	3320
f 3320 	3276 	3260
f 2969 	2971 	3334
f 3260 	3335 	3301
f 3345 	3344 	3332
f 3346 	3332 	3331
f 3334 	3346 	3331
f 2376 	2373 	3012
f 2971 	2974 	3334
f 1473 	1471 	1756
f 1473 	1756 	96
f 1756 	1471 	1474
f 3041 	3007 	1487
f 1447 	2825 	3012
f 1487 	1488 	3041
f 3044 	3041 	1488
f 3339 	1487 	3007
f 3340 	1757 	1756
f 2927 	2928 	3339
f 3006 	3339 	3007
f 1756 	1474 	3340
f 1504 	1487 	3339
f 1476 	2379 	3340
f 1504 	3330 	1506
f 2940 	3326 	1504
f 3330 	1504 	3323
f 2379 	1476 	2934
f 2940 	3339 	2928
f 1504 	3339 	2940
f 3330 	3332 	3344
f 3347 	3346 	3334
f 3347 	3334 	2974
f 1636 	2934 	1476
f 3346 	3347 	1529
f 3347 	2974 	2985
f 3039 	3347 	2985
f 3332 	1520 	3345
f 3344 	1494 	1506
f 3039 	1569 	1581
f 3344 	1506 	3330
f 3347 	1581 	1529
f 2982 	2934 	1636
f 3039 	1581 	3347
f 3350 	1642 	1641
f 1569 	3039 	3350
f 1640 	3350 	1650
f 1837 	2 	67
f 1651 	1650 	3310
f 1642 	3350 	1640
f 1854 	3351 	3361
f 1837 	67 	3351
f 3039 	3038 	3350
f 4256 	4255 	3354
f 3350 	3310 	1650
f 3358 	3356 	3357
f 3354 	3357 	3356
f 3282 	1686 	3308
f 3367 	3361 	3358
f 3359 	1686 	3282
f 67 	56 	3356
f 1646 	1651 	3308
f 2982 	1636 	3359
f 3306 	2982 	3359
f 3282 	3281 	3359
f 3281 	3298 	3359
f 3308 	1651 	3312
f 3356 	3351 	67
f 3312 	1651 	3310
f 3298 	3306 	3359
f 3361 	3351 	3356
f 3364 	1854 	3361
f 3356 	3358 	3361
f 3361 	3367 	3364
f 2479 	1854 	3364
f 3368 	3364 	3367
f 2479 	3364 	3368
f 3381 	3358 	3357
f 3367 	3358 	3381
f 3367 	3381 	3368
f 3368 	1885 	1884
f 3368 	1884 	2581
f 102 	3381 	3357
f 3381 	102 	120
f 120 	3397 	3381
f 1885 	3368 	3381
f 1885 	3381 	3397
f 3399 	3397 	122
f 122 	3397 	120
f 3399 	1881 	1885
f 3399 	1885 	3397
f 3407 	3423 	3408
f 122 	3406 	3399
f 3406 	1881 	3399
f 3408 	3423 	3424
f 286 	3424 	3423
f 3423 	4455 	286
f 3436 	3427 	3424
f 3406 	3408 	3427
f 3427 	1881 	3406
f 3430 	1881 	3427
f 1880 	3430 	2594
f 3408 	3424 	3427
f 3443 	3430 	3436
f 3427 	3436 	3430
f 3436 	3424 	286
f 3430 	3443 	2594
f 3443 	3459 	2597
f 286 	289 	3460
f 286 	3460 	3459
f 3436 	286 	3459
f 1692 	1999 	287
f 2000 	287 	1999
f 3454 	3457 	3458
f 3461 	3453 	3458
f 3454 	3458 	3453
f 3460 	289 	287
f 3460 	287 	2000
f 3459 	2002 	2597
f 3452 	3453 	3461
f 300 	3452 	3461
f 2000 	3459 	3460
f 3459 	3443 	3436
f 215 	284 	209
f 215 	209 	3464
f 3443 	2597 	2594
f 287 	209 	284
f 287 	284 	283
f 1692 	287 	1694
f 3488 	2300 	3487
f 3485 	2300 	3488
f 3487 	2303 	3486
f 2302 	2306 	3491
f 335 	2498 	334
f 2303 	3487 	2300
f 3486 	2303 	3489
f 3489 	2302 	3491
f 3492 	3490 	2306
f 3490 	3491 	2306
f 3496 	3493 	2305
f 3493 	3492 	2305
f 2306 	2305 	3492
f 3498 	3499 	2309
f 2305 	2307 	3496
f 3496 	2307 	3499
f 2310 	3502 	2309
f 3501 	3502 	2310
f 3498 	2309 	3502
f 2310 	2311 	3501
f 3500 	3501 	2311
f 3485 	3506 	3515
f 3506 	3505 	3515
f 3485 	3488 	3506
f 362 	3504 	371
f 3504 	3515 	3505
f 362 	3515 	3504
f 3505 	3528 	3504
f 3506 	3519 	3505
f 3504 	3527 	381
f 3527 	3504 	3528
f 3505 	3519 	3528
f 404 	381 	3527
f 3575 	3523 	3537
f 3528 	3525 	3527
f 3529 	3525 	3528
f 3529 	3528 	3521
f 3529 	3523 	3525
f 3529 	3532 	3523
f 3532 	3526 	3523
f 3523 	3526 	3537
f 3539 	3537 	3572
f 3545 	3548 	4095
f 3546 	3548 	3549
f 3548 	3545 	3549
f 3549 	3547 	3546
f 3549 	3545 	3561
f 3547 	3521 	3546
f 3521 	3547 	3529
f 3532 	3561 	3526
f 3532 	3529 	3561
f 3561 	3547 	3549
f 3561 	3545 	3526
f 3561 	3529 	3547
f 3521 	3528 	3519
f 3569 	3566 	3593
f 3569 	3536 	3568
f 3537 	3544 	3572
f 3537 	3526 	3544
f 3568 	3536 	3572
f 3572 	3536 	3539
f 3526 	3545 	3544
f 3525 	3575 	410
f 3575 	411 	410
f 3575 	418 	411
f 3578 	3536 	3577
f 3575 	3525 	3523
f 3580 	3575 	3537
f 3537 	3539 	3580
f 3539 	3583 	3580
f 3536 	3578 	3583
f 3539 	3536 	3583
f 410 	404 	3527
f 3525 	410 	3527
f 3580 	418 	3575
f 418 	3580 	3583
f 3583 	3578 	440
f 3577 	3536 	3569
f 300 	528 	3593
f 3566 	300 	3593
f 528 	3577 	3593
f 3569 	3593 	3577
f 3596 	3598 	3768
f 3596 	3604 	3598
f 4058 	3598 	3600
f 3489 	3491 	3596
f 3651 	3652 	3613
f 3652 	2324 	3613
f 3619 	3640 	3506
f 3624 	3611 	3625
f 3624 	3625 	3486
f 3619 	3506 	3488
f 3619 	3487 	3625
f 3487 	3619 	3488
f 3487 	3486 	3625
f 3618 	3619 	3625
f 3625 	3611 	3618
f 3637 	3611 	3624
f 3506 	3640 	3641
f 3519 	3506 	3641
f 3641 	3640 	3519
f 3619 	3618 	3640
f 3613 	3614 	3631
f 3613 	3631 	3633
f 2313 	2312 	3642
f 3614 	3613 	2323
f 2324 	2323 	3613
f 3515 	334 	3485
f 3596 	3491 	3490
f 3489 	3596 	3595
f 3596 	3490 	3604
f 3595 	3486 	3489
f 3661 	3652 	3651
f 3654 	3651 	3830
f 3654 	3658 	3661
f 3654 	3661 	3651
f 3596 	3637 	3595
f 3637 	3624 	3595
f 3596 	3768 	3637
f 3658 	3693 	2331
f 2333 	2331 	3693
f 3624 	3486 	3595
f 3673 	3493 	3496
f 3598 	3604 	3676
f 3676 	3600 	3598
f 3676 	4188 	3600
f 3677 	4188 	3676
f 3677 	3673 	4188
f 3677 	3493 	3673
f 3492 	3677 	3604
f 3492 	3493 	3677
f 3604 	3677 	3676
f 3682 	3683 	3684
f 3499 	3682 	3684
f 3496 	3684 	3673
f 4478 	3687 	3681
f 3689 	3693 	3658
f 3689 	3658 	3654
f 3693 	3689 	3692
f 3692 	3691 	3693
f 2336 	2333 	3716
f 3693 	3716 	2333
f 3734 	3693 	3733
f 3733 	3693 	3691
f 3714 	3734 	3733
f 3714 	3733 	3691
f 3746 	3716 	3734
f 3734 	3716 	3693
f 3490 	3492 	3604
f 3747 	3743 	3744
f 4481 	2360 	3747
f 3746 	3745 	3716
f 3716 	3745 	3748
f 3749 	2361 	3748
f 4230 	3743 	3745
f 3748 	3745 	3749
f 3743 	3747 	3749
f 3749 	3745 	3743
f 3747 	2361 	3749
f 3682 	3499 	3681
f 3496 	3499 	3684
f 3499 	3498 	3681
f 3498 	3502 	3681
f 3637 	3940 	3611
f 3769 	3768 	4065
f 3598 	4065 	3768
f 3775 	3768 	3769
f 3781 	3795 	3796
f 3796 	3795 	3631
f 3631 	3795 	3633
f 3796 	3614 	3642
f 2312 	3796 	3642
f 3796 	3631 	3614
f 3637 	3768 	3940
f 3802 	3799 	3800
f 3640 	3945 	3519
f 2131 	3805 	2312
f 3796 	2312 	3805
f 3796 	3805 	3074
f 3077 	3906 	3831
f 3781 	3076 	3077
f 3781 	3796 	3076
f 3074 	3076 	3796
f 3812 	3811 	3089
f 3800 	3811 	3812
f 3812 	3950 	3800
f 3103 	3812 	3089
f 3799 	3811 	3800
f 3095 	3096 	3811
f 3095 	3811 	3799
f 3906 	3077 	3095
f 3833 	3613 	3633
f 3833 	3633 	3795
f 3651 	3613 	3833
f 3830 	3831 	3832
f 3831 	3830 	3833
f 3654 	3830 	3837
f 3651 	3833 	3830
f 4205 	3654 	3837
f 3781 	3077 	3831
f 3795 	3831 	3833
f 3831 	3795 	3781
f 3832 	3846 	3830
f 3909 	3847 	3832
f 3850 	3846 	3847
f 3832 	3847 	3846
f 3883 	3847 	3909
f 3846 	3850 	3863
f 3864 	3863 	3850
f 3846 	3863 	3837
f 3846 	3837 	3830
f 3847 	3883 	3850
f 3799 	3802 	3883
f 3884 	3883 	3802
f 3850 	3883 	3884
f 3850 	3879 	3864
f 3850 	3958 	3879
f 3832 	3831 	3906
f 3909 	3906 	3095
f 3906 	3909 	3832
f 3095 	3799 	3909
f 3909 	3799 	3883
f 3912 	3911 	3802
f 3802 	3800 	3912
f 3640 	3618 	3945
f 3521 	3519 	3945
f 3949 	3102 	3122
f 3123 	3950 	3949
f 3950 	3123 	3912
f 3950 	3912 	3800
f 3949 	3122 	3123
f 3812 	3103 	3950
f 3102 	3949 	3950
f 3119 	3120 	4118
f 3995 	3119 	4115
f 3119 	4118 	4115
f 4118 	3120 	3109
f 3123 	3911 	3912
f 3884 	3802 	3911
f 3957 	3958 	3850
f 3884 	3957 	3850
f 3957 	3884 	3970
f 3958 	3957 	3971
f 3964 	3970 	3911
f 3911 	3970 	3884
f 3971 	3959 	3960
f 3960 	3958 	3971
f 3959 	3971 	3970
f 3970 	3964 	3959
f 3957 	3970 	3971
f 3940 	3768 	3775
f 3976 	3974 	3986
f 3940 	3775 	3947
f 3979 	3986 	3974
f 3980 	3988 	3979
f 3986 	3979 	3988
f 3960 	3959 	3988
f 3986 	3988 	3959
f 3959 	3964 	3976
f 3986 	3959 	3976
f 3964 	3123 	3994
f 3995 	3994 	3119
f 3123 	3119 	3994
f 3964 	3911 	3123
f 3964 	3994 	3976
f 3994 	3995 	3976
f 3974 	3976 	3995
f 3618 	3611 	4097
f 4001 	4097 	3999
f 4003 	4002 	4001
f 4003 	3997 	4104
f 4020 	3997 	4003
f 4010 	4011 	4007
f 4032 	4011 	4009
f 3947 	3999 	3940
f 3611 	3940 	3999
f 4009 	3999 	3947
f 3999 	4009 	4001
f 4009 	4011 	4010
f 4009 	4010 	4001
f 4010 	4003 	4001
f 3775 	4009 	3947
f 4003 	4010 	4020
f 4018 	4038 	4014
f 4013 	4018 	4020
f 3997 	4020 	4018
f 4013 	4038 	4018
f 4020 	4007 	4047
f 4020 	4010 	4007
f 4028 	4025 	4026
f 4026 	4024 	4028
f 4028 	4024 	4032
f 4024 	4047 	4007
f 4025 	3769 	4065
f 4009 	4025 	4028
f 4009 	4028 	4032
f 4032 	4007 	4011
f 4024 	4007 	4032
f 4009 	3775 	3769
f 3769 	4025 	4009
f 4035 	4037 	4038
f 4037 	4014 	4038
f 4035 	4036 	4037
f 4036 	4035 	4014
f 4014 	4037 	4036
f 4035 	4038 	4040
f 4038 	4044 	4040
f 4038 	4013 	4044
f 4158 	4144 	4035
f 4035 	4126 	4014
f 4013 	4020 	4044
f 4035 	4101 	4126
f 4047 	4044 	4020
f 4025 	4064 	4026
f 4026 	4064 	4062
f 4064 	4061 	4062
f 4024 	4026 	4062
f 3598 	4058 	4065
f 4061 	4065 	4058
f 4061 	4025 	4065
f 4061 	4064 	4025
f 4072 	4070 	4069
f 4070 	4345 	4069
f 4070 	4062 	4071
f 4062 	4061 	4071
f 4338 	4071 	4061
f 4070 	4072 	4062
f 4062 	4072 	4024
f 4044 	4047 	4072
f 4047 	4024 	4072
f 4090 	4084 	4035
f 4035 	4040 	4090
f 4089 	4081 	4084
f 4090 	4089 	4084
f 4090 	4040 	4089
f 4081 	4089 	4085
f 4040 	4093 	4089
f 4069 	4093 	4072
f 4093 	4044 	4072
f 4089 	4093 	4069
f 4040 	4044 	4093
f 3999 	4097 	3611
f 3618 	4097 	3945
f 3945 	3546 	3521
f 4002 	4097 	4001
f 4097 	3546 	3945
f 4002 	3546 	4097
f 3548 	3546 	4002
f 4095 	3548 	4002
f 4002 	4003 	4095
f 4100 	3568 	4099
f 4099 	4101 	4100
f 3568 	4100 	3569
f 4104 	4102 	4103
f 4104 	3544 	3545
f 4099 	3568 	4103
f 4095 	4104 	3545
f 4103 	3544 	4104
f 4103 	4102 	4099
f 4018 	4099 	4102
f 3997 	4018 	4102
f 4102 	4104 	3997
f 4095 	4003 	4104
f 4103 	3568 	3572
f 3572 	3544 	4103
f 4100 	3454 	3453
f 4100 	3453 	3452
f 3566 	4100 	3452
f 3566 	3569 	4100
f 3457 	4139 	4115
f 3457 	4144 	4139
f 3458 	3457 	4116
f 4116 	3457 	4115
f 4117 	4116 	4115
f 4118 	4117 	4115
f 3461 	3458 	4132
f 4117 	4118 	4120
f 4120 	4132 	3458
f 4120 	3458 	4116
f 4116 	4117 	4120
f 4035 	3454 	4100
f 4100 	4101 	4035
f 4126 	4018 	4014
f 4101 	4099 	4018
f 4018 	4126 	4101
f 3131 	300 	3461
f 4132 	3131 	3461
f 4137 	3109 	3136
f 4132 	3134 	3131
f 3109 	4137 	4118
f 3134 	4132 	4137
f 4137 	3136 	3134
f 4120 	4118 	4137
f 4120 	4137 	4132
f 300 	3566 	3452
f 3995 	4115 	4143
f 3995 	4143 	3974
f 4143 	4115 	4139
f 3457 	4035 	4144
f 3457 	3454 	4035
f 3974 	4143 	3979
f 3982 	3979 	4143
f 4143 	4159 	3982
f 4157 	4143 	4158
f 4159 	4143 	4157
f 4139 	4144 	4158
f 4157 	4158 	4161
f 4162 	4157 	4161
f 4163 	3979 	3982
f 4163 	3982 	4159
f 4163 	4159 	4157
f 4162 	4163 	4157
f 4158 	4143 	4139
f 4163 	3980 	3979
f 4162 	4161 	4438
f 4158 	4084 	4161
f 4158 	4035 	4084
f 4084 	4438 	4161
f 4181 	4180 	112
f 4180 	4181 	3687
f 3681 	3687 	4181
f 3681 	4181 	3682
f 4181 	3683 	3682
f 4192 	4058 	4188
f 3673 	3684 	4196
f 3673 	4196 	4188
f 4339 	4192 	4198
f 4192 	4188 	4196
f 4192 	4196 	4198
f 4181 	112 	4200
f 4407 	4200 	117
f 4379 	4181 	4200
f 4205 	3692 	3689
f 4206 	4201 	3691
f 3689 	3654 	4205
f 4206 	3692 	4205
f 3692 	4206 	3691
f 3714 	3691 	4201
f 4207 	4215 	4209
f 4209 	4206 	4207
f 4214 	4208 	3864
f 3863 	3864 	4208
f 4208 	4207 	4206
f 4201 	4206 	4209
f 4208 	3837 	3863
f 4205 	3837 	4208
f 4205 	4208 	4206
f 4226 	4201 	4209
f 4215 	4207 	4214
f 4208 	4214 	4207
f 4216 	4209 	4215
f 4221 	4214 	3864
f 4259 	4214 	4221
f 4259 	4220 	4214
f 4257 	4221 	3879
f 3879 	4221 	3864
f 4215 	4214 	4220
f 4259 	4267 	4220
f 4215 	4220 	4216
f 4227 	4230 	4238
f 4231 	4225 	4230
f 53 	3744 	3743
f 4230 	4227 	53
f 53 	3743 	4230
f 4226 	4225 	4231
f 3746 	4226 	4231
f 4226 	3746 	3734
f 4226 	3734 	3714
f 3745 	3746 	4231
f 4201 	4226 	3714
f 3745 	4231 	4230
f 4209 	4216 	4237
f 4236 	4237 	4216
f 4237 	4236 	4238
f 4240 	4238 	4236
f 4238 	4225 	4237
f 4240 	4242 	4238
f 4242 	4240 	4243
f 4226 	4209 	4237
f 4240 	4296 	4243
f 4237 	4225 	4226
f 4227 	4238 	4242
f 4225 	4238 	4230
f 4242 	4256 	4227
f 4256 	4243 	4255
f 4242 	4243 	4256
f 4243 	93 	4255
f 3357 	3354 	4255
f 4255 	93 	102
f 4255 	102 	3357
f 53 	4227 	4256
f 3958 	4257 	3879
f 4259 	4221 	4257
f 4289 	4263 	3960
f 4263 	4259 	4257
f 4257 	3958 	3960
f 4257 	3960 	4263
f 4259 	4263 	4265
f 4265 	4269 	4267
f 4267 	4259 	4265
f 4267 	4269 	4302
f 4272 	4278 	4276
f 4288 	4276 	4278
f 4276 	4288 	4282
f 4282 	4288 	4289
f 4265 	4288 	4278
f 3988 	3980 	4289
f 3980 	4282 	4289
f 3960 	3988 	4289
f 4288 	4265 	4263
f 4288 	4263 	4289
f 4269 	4265 	4278
f 4216 	4220 	4302
f 4220 	4267 	4302
f 4216 	4302 	4236
f 4302 	4240 	4236
f 4243 	4296 	4297
f 4269 	4299 	4302
f 4296 	4299 	4301
f 4296 	4240 	4302
f 4299 	4296 	4302
f 4301 	4299 	4306
f 4243 	4297 	93
f 4306 	93 	4297
f 4306 	4297 	4296
f 4296 	4301 	4306
f 93 	4306 	97
f 4278 	4272 	4316
f 4269 	4278 	4316
f 4320 	4311 	4318
f 4311 	4320 	4314
f 4314 	4316 	4272
f 4316 	4314 	4319
f 4318 	4319 	4320
f 4314 	4320 	4319
f 4322 	4465 	4464
f 4322 	4464 	4463
f 4314 	4322 	4311
f 4316 	4299 	4269
f 4306 	4299 	4319
f 4319 	4318 	4306
f 4327 	97 	4306
f 4319 	4299 	4316
f 4327 	103 	97
f 3407 	103 	4327
f 4327 	4306 	4318
f 4327 	4311 	4329
f 4318 	4311 	4327
f 4327 	4329 	3407
f 3423 	3407 	4329
f 4455 	3423 	4329
f 4334 	4335 	4330
f 3600 	4188 	4058
f 4061 	4058 	4337
f 4331 	4198 	4196
f 4338 	4335 	4334
f 4338 	4337 	4335
f 4058 	4192 	4339
f 4339 	4337 	4058
f 4338 	4061 	4337
f 4331 	4337 	4339
f 4331 	4339 	4198
f 4335 	4331 	4330
f 4335 	4337 	4331
f 4085 	4369 	4372
f 4085 	4343 	4369
f 4069 	4344 	4343
f 4345 	4330 	4365
f 4330 	4366 	4365
f 4344 	4069 	4345
f 4089 	4069 	4343
f 4345 	4334 	4330
f 4343 	4085 	4089
f 4071 	4345 	4070
f 4334 	4345 	4071
f 4071 	4338 	4334
f 4351 	4354 	4352
f 4355 	4385 	4352
f 4358 	4355 	4352
f 4381 	4385 	4355
f 4352 	4354 	4358
f 4331 	4354 	4351
f 4354 	4331 	4358
f 4366 	4331 	4351
f 4196 	4355 	4331
f 4355 	4358 	4331
f 4361 	4372 	4363
f 4372 	4369 	4363
f 4081 	4361 	4084
f 4085 	4372 	4361
f 4081 	4085 	4361
f 4344 	4369 	4343
f 4369 	4344 	4345
f 4345 	4365 	4369
f 4331 	4366 	4330
f 4394 	4377 	4378
f 4379 	3684 	3683
f 4410 	4379 	4408
f 4410 	4381 	4379
f 4382 	3684 	4379
f 4382 	4196 	3684
f 4381 	4382 	4379
f 4378 	4384 	4381
f 4352 	4377 	4351
f 4400 	4377 	4394
f 4352 	4385 	4377
f 4377 	4385 	4384
f 4384 	4378 	4377
f 4400 	4351 	4377
f 4355 	4196 	4382
f 4355 	4382 	4381
f 4381 	4384 	4385
f 4396 	4400 	4394
f 4388 	4363 	4392
f 4366 	4400 	4365
f 4400 	4369 	4365
f 4400 	4396 	4369
f 4369 	4396 	4392
f 4366 	4351 	4400
f 4363 	4369 	4392
f 4401 	4403 	4404
f 144 	4401 	4405
f 4408 	4401 	4404
f 4405 	133 	144
f 4405 	136 	133
f 3683 	4181 	4379
f 4408 	4379 	4407
f 4407 	4379 	4200
f 4408 	4404 	4410
f 4404 	4403 	4410
f 4401 	4408 	4405
f 4408 	136 	4405
f 4378 	4381 	4410
f 136 	4408 	4407
f 142 	4418 	143
f 4415 	4388 	4420
f 4418 	146 	4415
f 142 	146 	4418
f 4420 	4418 	4415
f 4363 	4388 	4415
f 4415 	4361 	4363
f 4420 	4421 	4418
f 4422 	143 	4421
f 143 	4418 	4421
f 4422 	4423 	4401
f 4401 	4423 	4403
f 4392 	4420 	4388
f 4378 	4423 	4422
f 4410 	4403 	4423
f 4378 	4410 	4423
f 4422 	4394 	4378
f 4394 	4421 	4396
f 4422 	4421 	4394
f 4396 	4421 	4420
f 4420 	4392 	4396
f 4272 	4276 	4427
f 4314 	4272 	4427
f 4431 	4426 	4425
f 4433 	4427 	4276
f 4427 	4433 	4436
f 4427 	4436 	4425
f 4425 	4436 	4431
f 4436 	4433 	4437
f 4438 	4431 	4437
f 4437 	4163 	4162
f 4431 	4436 	4437
f 4426 	4431 	4361
f 4438 	4361 	4431
f 4438 	4437 	4162
f 4438 	4084 	4361
f 3980 	4437 	4433
f 4282 	3980 	4433
f 4433 	4276 	4282
f 3980 	4163 	4437
f 4426 	4445 	4425
f 4427 	4446 	4314
f 4446 	4427 	4445
f 4447 	4446 	4445
f 4445 	4427 	4425
f 4361 	4445 	4426
f 4450 	3464 	4458
f 4415 	4445 	4361
f 4415 	4450 	4445
f 3464 	184 	215
f 4447 	4445 	4450
f 3464 	4450 	4415
f 3464 	140 	184
f 4455 	4329 	4311
f 4465 	4322 	4446
f 4322 	4314 	4446
f 140 	3464 	4415
f 4450 	4458 	4447
f 4322 	4455 	4311
f 4463 	4464 	205
f 3464 	205 	4464
f 4465 	4446 	4447
f 4455 	4322 	4463
f 4464 	4465 	4458
f 4458 	4465 	4447
f 3464 	4464 	4458
f 157 	112 	4467
f 4478 	4180 	3687
f 1740 	4473 	3500
f 3501 	3500 	4473
f 4467 	4473 	4474
f 238 	4474 	50
f 4467 	3501 	4473
f 4478 	3502 	3501
f 4467 	4478 	3501
f 2363 	2360 	4481
f 4482 	2363 	4481
f 2 	4482 	4483
f 3747 	4485 	4481
f 4478 	3681 	3502
f 238 	4467 	4474
f 4478 	4467 	112
f 4473 	50 	4474
f 1770 	50 	4473
f 1770 	4473 	1768
f 1740 	1768 	4473
f 112 	4180 	4478
f 3744 	53 	4485
f 4481 	4485 	53
f 2 	4483 	4486
f 4481 	4483 	4482
f 67 	2 	4486
f 4486 	4483 	56
f 67 	4486 	56
f 3744 	4485 	3747
f 157 	4467 	238
# 3750 faces

 #end of obj_0

